Order ID,Order date,Product ID,Description,Category,CHEM,CHEM TECH,LAB ROOM,Shipment ID,Ship date actual,Shipment status,Tags,Core Queue
197298,2025-08-09,,,,,,,,,awaiting_shipment,PA,
211067,2025-11-25,MAGCHM-25KG,Magnesium Chloride Hexahydrate ACS/USP,Granular,3,,Yes,,,awaiting_shipment,"PA, Austin Warehouse, Split Order",Warehouse
000319724,2026-03-24,,,,,,,,,awaiting_shipment,B,
000323774,2026-04-01,,,,,,,,,awaiting_shipment,B,
000323837,2026-04-01,Multiple products,Multiple products,Acids,,,,,,awaiting_shipment,"PA, Austin Warehouse, Split Order, Restricted Combination - Nitric Acid",Warehouse
000324266,2026-04-02,,,,,,,,,awaiting_shipment,B,
000366210,2026-06-11,,,,,,,,,awaiting_shipment,"PA, Restricted Chemical",
000366789,2026-06-12,,,,,,,,,awaiting_shipment,"US, United Scientific",
000367389,2026-06-15,,,,,,,,,awaiting_shipment,,
000372180,2026-06-25,HCLS37-1L,"Hydrochloric Acid 37% Solution, Semiconductor Grade",Acids,4,,Yes,,,awaiting_shipment,"PA, Austin Warehouse, Split Order, US, Restricted Combination - Nitric Acid",Warehouse
000374367,2026-07-01,,,,,,,,,awaiting_shipment,"US, United Scientific",
000375768,2026-07-06,Multiple products,Multiple products,Granular,,,,,,awaiting_shipment,Austin Warehouse,Warehouse
000375792,2026-07-06,,,,,,,,,awaiting_shipment,PA,
000379704,2026-07-15,,,,,,,,,awaiting_shipment,PA,
000381594,2026-07-20,CAOXGL-25KG,"Calcium Oxide Powder, Lab Grade",Granular,3,,Yes,,,awaiting_shipment,Austin Warehouse,Warehouse
000383295,2026-07-23,,,,,,,,,awaiting_shipment,US,
000383553,2026-07-24,,,,,,,,,awaiting_shipment,"TR, Restricted Chemical",
000384855,2026-07-28,,,,,,,,,awaiting_shipment,"Split Order, B, US",
000372003-2,2026-07-28,,,,,,,,,awaiting_shipment,"PA, Restricted Chemical",
000385605,2026-07-29,CAOXGL-25KG,"Calcium Oxide Powder, Lab Grade",Granular,3,,Yes,,,awaiting_shipment,Austin Warehouse,Warehouse
000386640,2026-07-31,AAL99-5gal,Acetic Acid Glacial 99% Lab Grade,Acids,4,,Yes,,,awaiting_shipment,"PA, Austin Warehouse, Split Order",Warehouse
000387804,2026-08-04,EAD200-20L,"Denatured Ethanol 200 Proof, Kosher, Halal",Alcohols,1,,No,,,awaiting_shipment,"Austin Warehouse, Split Order, US, United Scientific",Warehouse
000388158,2026-08-05,,,,,,,,,awaiting_shipment,PA,
000388341,2026-08-05,,,,,,,,,awaiting_shipment,"TR, Restricted Chemical",
000388425,2026-08-05,,,,,,,,,awaiting_shipment,B,
000390899,2026-08-12,,,,,,,,,awaiting_shipment,PA,
000391181,2026-08-12,,,,,,,,,awaiting_shipment,"US, United Scientific",
000391703,2026-08-13,,,,,,,,,awaiting_shipment,"TR, Restricted Chemical",
000391763,2026-08-13,,,,,,,,,awaiting_shipment,"US, United Scientific",
000392090,2026-08-14,,,,,,,,,awaiting_shipment,"US, United Scientific",
000392264,2026-08-14,,,,,,,,,awaiting_shipment,B,
000392918,2026-08-17,,,,,,,,,awaiting_shipment,US,
000393146,2026-08-17,,,,,,,,,awaiting_shipment,US,
000394208,2026-08-19,HPL30-4L,"Hydrogen Peroxide 30% Solution, Lab Grade",Solutions,2,,No,,,awaiting_shipment,"Austin Warehouse, Split Order, US, Restricted Combination - Hydrogen Peroxide",Warehouse
000395189,2026-08-21,,,,,,,,,awaiting_shipment,US,
000397016,2026-08-26,,,,,,,,,awaiting_shipment,US,
000397619,2026-08-27,,,,,,,,,awaiting_shipment,US,
000397667,2026-08-28,POISL10-1L,"Potassium Iodide 10% Solution, Lab Grade",Solutions,Lab Tech,,Yes,653274179,2026-08-28,shipped,"PA, Austin Warehouse, Split Order, Roshan, Restricted Combination - Hydrogen Peroxide",Warehouse
000397721,2026-08-27,,,,,,,,,awaiting_shipment,B,
000397769,2026-08-27,,,,,,,,,awaiting_shipment,PA,
000398291,2026-08-28,,,,,,,,,awaiting_shipment,US,
000398294,2026-08-28,,,,,,,,,awaiting_shipment,US,
000400253,2026-09-02,,,,,,,,,awaiting_shipment,US,
000400409,2026-09-02,HPL30-1GAL,"Hydrogen Peroxide 30% Solution, Lab Grade",Solutions,2,,No,,,awaiting_shipment,"PA, Austin Warehouse, Split Order, Restricted Combination - Hydrogen Peroxide",Warehouse
000400745,2026-09-03,Multiple products,Multiple products,,,,,,,awaiting_shipment,"Austin Warehouse, LAB ALLEY LLC, Split Order, US",Warehouse
000400808,2026-09-03,,,,,,,,,awaiting_shipment,US,
000401081,2026-09-08,Multiple products,Multiple products,Other Chemicals,,,,655196789,2026-09-08,shipped,"Austin Warehouse, Split Order, US, United Scientific",Warehouse
000401186,2026-09-04,,,,,,,,,awaiting_shipment,B,
000401306,2026-09-04,,,,,,,,,awaiting_shipment,PA,
000401426,2026-09-04,,,,,,,,,awaiting_shipment,US,
000401867,2026-09-06,MCTOC-4L,"Organic MCT Oil, Kosher, Halal, USP/FCC",Other Chemicals,1,,No,,,awaiting_shipment,Austin Warehouse,Warehouse
000402011,2026-09-07,Multiple products,Multiple products,,,,,,,awaiting_shipment,Austin Warehouse,Warehouse
000402041,2026-09-07,,,,,,,,,awaiting_shipment,"US, United Scientific",
000402323,2026-09-11,SOHYDBL-1LB,Sodium Hydroxide Beads Lab Grade,Granular,3,,Yes,655769713,2026-09-11,shipped,Austin Warehouse,Warehouse
000402716,2026-09-09,PETHP-4L,Petroleum Ether High Purity Grade,Other Chemicals,2,,No,,,awaiting_shipment,"Austin Warehouse, Split Order, US, United Scientific",Warehouse
000402734,2026-09-09,POACGA-25KG,"Potassium Acetate, ACS Grade",Granular,3,,Yes,,,awaiting_shipment,Austin Warehouse,Warehouse
000403106,2026-09-09,Multiple products,Multiple products,Other Chemicals,,,,,,awaiting_shipment,"Austin Warehouse, Restricted Chemical",Warehouse
000403250,2026-09-09,NAA70-2.5L,"Nitric Acid 70%, ACS Reagent Grade",Acids,4,,Yes,,,awaiting_shipment,"Austin Warehouse, Restricted Combination - Nitric Acid",Warehouse
000403322,2026-09-10,PPMGA-12.5KG,"Potassium Phosphate Monobasic Crystal, ACS Grade",Granular,3,,Yes,,,awaiting_shipment,Austin Warehouse,Warehouse
000403415,2026-09-10,,,,,,,,,awaiting_shipment,US,
000403484,2026-09-10,FAL90-55GAL,"Formic Acid 90% Solution, Lab Grade",Acids,4,,Yes,,,awaiting_shipment,ATX Freight,Freight
000403493,2026-09-10,HCLL10-500ML,"Hydrochloric Acid 10% Solution, Lab Grade",Acids,4,,Yes,,,awaiting_shipment,"Austin Warehouse, Split Order, US, United Scientific",Warehouse
000403526,2026-09-10,,,,,,,,,awaiting_shipment,"US, United Scientific",
000403541,2026-09-10,EAS38B-13-P-190-55GAL,"Ethanol 190 Proof (95%) w/ Lavender Oil, Kosher, Halal (SDA 38B-13)",Alcohols,1,,Yes,,,awaiting_shipment,,
000403577,2026-09-10,PEG3350GU-25KG,"Polyethylene Glycol (PEG) 3350, Granular, USP Grade, Kosher",Granular,2,,Yes,,,awaiting_shipment,Austin Warehouse,Warehouse
000403589,2026-09-10,,,,,,,,,awaiting_shipment,US,
000403610,2026-09-10,,,,,,,,,awaiting_shipment,"PA, Poison Pack, Restricted Chemical",
000403637,2026-09-10,,,,,,,,,awaiting_shipment,US,
000403670,2026-09-10,NAL67-2.5L,"Nitric Acid 67% Solution, Lab/Technical Grade",Acids,4,,Yes,,,awaiting_shipment,"ATX Freight, Restricted Combination - Nitric Acid",Freight
000403769,2026-09-10,,,,,,,,,awaiting_shipment,US,
000403844,2026-09-11,Multiple products,Multiple products,,,,,,,awaiting_shipment,Austin Warehouse,Warehouse
000403883,2026-09-11,SOHYDBL-50LB,Sodium Hydroxide Beads Lab Grade,Granular,3,,Yes,,,awaiting_shipment,Austin Warehouse,Warehouse
000403895,2026-09-11,,,,,,,,,awaiting_shipment,US,
000403925,2026-09-11,EAP200DSP-55GAL,"Ethanol 200 Proof (100%) Undenatured Alcohol, USP/FCC Food Grade, Kosher, Halal",Pure Alcohols,1,,No,,,awaiting_shipment,,
000403952,2026-09-11,EAOS190-1L,"Organic Ethyl Alcohol, Sugar Cane, 190 Proof Kosher, Halal, FCC",Pure Alcohols,1,,No,,,awaiting_shipment,Austin Warehouse,Warehouse
000403955,2026-09-11,IPAS99-1GAL,"Isopropyl Alcohol, 99% Semiconductor/ Electronic Grade",Alcohols,1,,No,,,awaiting_shipment,Austin Warehouse,Warehouse
000403964,2026-09-11,IPAL99-5GAL,Isopropyl Alcohol 99.8% Lab Grade,Alcohols,1,,No,,,awaiting_shipment,"Austin Warehouse, Split Order, US",Warehouse
000403967,2026-09-11,CANHPLC-4L,Acetonitrile 99.9% HPLC Grade,Other Chemicals,2,,Yes,,,awaiting_shipment,Austin Warehouse,Warehouse
000403970,2026-09-11,EAPHPLC200-4L,Ethanol HPLC Grade 200 Proof (100%) Non-Denatured Pure Alcohol,Pure Alcohols,1,,Yes,,,awaiting_shipment,Austin Warehouse,Warehouse
000403982,2026-09-11,IPAU70-500mL,"Isopropyl Alcohol 70% USP Grade, Halal",Alcohols,1,,No,,,awaiting_shipment,Austin Warehouse,Warehouse
000403961,2026-09-11,SOSUATGL-50LB,"Sodium Sulfate Anhydrous, Lab Grade (Fine Granular)",Granular,2,,Yes,,,awaiting_shipment,Austin Warehouse,Warehouse
000403991,2026-09-11,IPAL99-55GAL,Isopropyl Alcohol 99.8% Lab Grade,Alcohols,1,,No,,,awaiting_shipment,ATX Freight,Freight
000403997,2026-09-11,MANPU-1LB,"Mannitol, Powder, USP Grade",Granular,2,,Yes,,,awaiting_shipment,Austin Warehouse,Warehouse
000404006,2026-09-11,,,,,,,,,awaiting_shipment,US,
000404024,2026-09-11,,,,,,,,,awaiting_shipment,US,
000404066,2026-09-11,SOCTGU-500G,Sodium Citrate Dihydrate USP/FCC Grade,Granular,3,,Yes,,,awaiting_shipment,Austin Warehouse,Warehouse
000404063,2026-09-11,NMPL-1GAL,"NMP, 1-Methyl-2-Pyrrolidone, Lab Grade",Other Chemicals,2,,No,,,awaiting_shipment,Austin Warehouse,Warehouse
000404075,2026-09-11,Multiple products,Multiple products,Acids,,,,,,awaiting_shipment,"PA, Austin Warehouse, Split Order, US, United Scientific, Restricted Combination - Nitric Acid",Warehouse
000404078,2026-09-11,CANHPLC-4L,Acetonitrile 99.9% HPLC Grade,Other Chemicals,2,,Yes,,,awaiting_shipment,Austin Warehouse,Warehouse
000404081,2026-09-11,VMPL-5GAL,"VM&P Naphtha, Pure",Other Chemicals,2,,No,,,awaiting_shipment,Austin Warehouse,Warehouse
000404093,2026-09-11,,,,,,,,,awaiting_shipment,"US, United Scientific",
000404138,2026-09-11,NAL67-2.5L,"Nitric Acid 67% Solution, Lab/Technical Grade",Acids,4,,Yes,,,awaiting_shipment,"PA, Austin Warehouse, Poison Pack, Restricted Chemical, Restricted Combination - Nitric Acid",Warehouse
000404150,2026-09-11,AANHA-1GAL,"Acetic Anhydride, ACS Grade",Acids,3,,Yes,,,awaiting_shipment,"Austin Warehouse, Restricted Chemical",Warehouse
000404168,2026-09-11,CASTGL-1LB,"Calcium Stearate, Lab Grade",Granular,2,,Yes,,,awaiting_shipment,Austin Warehouse,Warehouse
000404171,2026-09-11,FAL90-1GAL,"Formic Acid 90% Solution, Lab Grade",Acids,4,,Yes,,,awaiting_shipment,Austin Warehouse,Warehouse
000404174,2026-09-11,PS60F-1GAL,"Polysorbate 60, Derived from Palm, Food Grade, Kosher, Halal",Other Chemicals,1,,No,,,awaiting_shipment,Austin Warehouse,Warehouse
000404180,2026-09-11,EAP200-4LG,"Ethanol 200 Proof (100%) Undenatured Alcohol, USP/FCC Food Grade, Kosher, Halal",Pure Alcohols,1,,No,,,awaiting_shipment,Austin Warehouse,Warehouse
000404222,2026-09-11,PHAF85-4L,"Phosphoric Acid 85% Solution, Food Grade (FCC), Kosher, Halal",Acids,4,,Yes,,,awaiting_shipment,Austin Warehouse,Warehouse
000404234,2026-09-11,ACW325P-1LB,"Activated Carbon (Charcoal) Powder, Food Grade, Kosher, Halal, Wood Based",Granular,2,,Yes,,,awaiting_shipment,Austin Warehouse,Warehouse
000404246,2026-09-11,Multiple products,Multiple products,Granular,,,,,,awaiting_shipment,Austin Warehouse,Warehouse
000404249,2026-09-11,PPALF-1L,"Propionic Acid, Liquid, FCC/Food Grade, Kosher, Halal",Acids,4,,No,,,awaiting_shipment,Austin Warehouse,Warehouse
000404264,2026-09-12,NAL67-2.5L,"Nitric Acid 67% Solution, Lab/Technical Grade",Acids,4,,Yes,,,awaiting_shipment,"Austin Warehouse, Restricted Combination - Nitric Acid",Warehouse
000404270,2026-09-12,EAS40B200-5GAL,"SDA 40B Ethanol 200 Proof (100%), Kosher, Halal",Alcohols,1,,No,,,awaiting_shipment,"Austin Warehouse, Partial Restriction",Warehouse
000404276,2026-09-12,EAS40B190-5GAL,"SDA 40B Ethanol 190 Proof (95%), Kosher, Halal",Alcohols,1,,No,,,awaiting_shipment,"Austin Warehouse, Partial Restriction",Warehouse
000404273,2026-09-12,ZSHGA-1KG,"Zinc Sulfate Heptahydrate, ACS Grade",Granular,3,,Yes,,,awaiting_shipment,Austin Warehouse,Warehouse
000404288,2026-09-12,EAF200-5GAL,"Food Grade Ethanol, 200 Proof, Kosher, Halal",Pure Alcohols,1,,No,,,awaiting_shipment,Austin Warehouse,Warehouse
000404294,2026-09-12,ACCL1240G-50LB,"Activated Carbon (Charcoal), Granular, Food Grade, Kosher",Granular,2,,Yes,,,awaiting_shipment,Austin Warehouse,Warehouse
000404315,2026-09-12,HPL34-1GAL,"Hydrogen Peroxide 34% Solution, Lab Grade",Solutions,2,,No,,,awaiting_shipment,"Austin Warehouse, Restricted Combination - Hydrogen Peroxide",Warehouse
000404318,2026-09-12,EAOS190-1GAL,"Organic Ethyl Alcohol, Sugar Cane, 190 Proof Kosher, Halal, FCC",Pure Alcohols,1,,No,,,awaiting_shipment,Austin Warehouse,Warehouse
000404327,2026-09-12,Multiple products,Multiple products,Other Chemicals,,,,,,awaiting_shipment,Austin Warehouse,Warehouse
000404339,2026-09-12,CAOLU-1GAL,"Castor Oil, Cold Pressed, USP Grade, Kosher",Other Chemicals,1,,No,,,awaiting_shipment,Austin Warehouse,Warehouse
000404345,2026-09-12,MSV-1GAL,Varsol Solvent,Other Chemicals,2,,No,,,awaiting_shipment,Austin Warehouse,Warehouse
000404363,2026-09-12,MANPU-12.5KG,"Mannitol, Powder, USP Grade",Granular,2,,Yes,,,awaiting_shipment,Austin Warehouse,Warehouse
000404375,2026-09-12,EAP200-1GAL,"Ethanol 200 Proof (100%) Undenatured Alcohol, USP/FCC Food Grade, Kosher, Halal",Pure Alcohols,1,,No,,,awaiting_shipment,Austin Warehouse,Warehouse
000404381,2026-09-12,BZKNF50-1L,"Benzalkonium Chloride 50% Solution, NF Grade",Solutions,3,,No,,,awaiting_shipment,Austin Warehouse,Warehouse
000404384,2026-09-12,EAS40B200-1GAL,"SDA 40B Ethanol 200 Proof (100%), Kosher, Halal",Alcohols,1,,No,,,awaiting_shipment,"Austin Warehouse, Partial Restriction",Warehouse
000404387,2026-09-12,EAF200-1GAL,"Food Grade Ethanol, 200 Proof, Kosher, Halal",Pure Alcohols,1,,No,,,awaiting_shipment,Austin Warehouse,Warehouse
000404426,2026-09-13,EAOS190-5GAL,"Organic Ethyl Alcohol, Sugar Cane, 190 Proof Kosher, Halal, FCC",Pure Alcohols,1,,No,,,awaiting_shipment,Austin Warehouse,Warehouse
000404429,2026-09-13,EAOS190-4L,"Organic Ethyl Alcohol, Sugar Cane, 190 Proof Kosher, Halal, FCC",Pure Alcohols,1,,No,,,awaiting_shipment,Austin Warehouse,Warehouse
000404459,2026-09-13,,,,,,,,,awaiting_shipment,"PA, Split Order, US, United Scientific",
000404474,2026-09-13,EAP200-1GAL,"Ethanol 200 Proof (100%) Undenatured Alcohol, USP/FCC Food Grade, Kosher, Halal",Pure Alcohols,1,,No,,,awaiting_shipment,Austin Warehouse,Warehouse
000404480,2026-09-13,Multiple products,Multiple products,Alcohols,,,,,,awaiting_shipment,"Austin Warehouse, Partial Restriction",Warehouse
000404486,2026-09-13,Multiple products,Multiple products,,,,,,,awaiting_shipment,"Austin Warehouse, Restricted Chemical",Warehouse
000404492,2026-09-13,EAP200-5GAL,"Ethanol 200 Proof (100%) Undenatured Alcohol, USP/FCC Food Grade, Kosher, Halal",Pure Alcohols,1,,No,,,awaiting_shipment,Austin Warehouse,Warehouse
000404498,2026-09-13,EAS40B200-5GAL,"SDA 40B Ethanol 200 Proof (100%), Kosher, Halal",Alcohols,1,,No,,,awaiting_shipment,"Austin Warehouse, Partial Restriction",Warehouse
000404525,2026-09-13,EAOS190-1GAL,"Organic Ethyl Alcohol, Sugar Cane, 190 Proof Kosher, Halal, FCC",Pure Alcohols,1,,No,,,awaiting_shipment,Austin Warehouse,Warehouse
000404540,2026-09-13,MAL-4L,Methanol 99.85% Lab Grade,Alcohols,2,,No,,,awaiting_shipment,Austin Warehouse,Warehouse
000404549,2026-09-13,PENHP-4L,n-Pentane ≥99% High Purity Grade,Other Chemicals,2,,No,,,awaiting_shipment,Austin Warehouse,Warehouse
000404552,2026-09-13,EAP200-5GAL,"Ethanol 200 Proof (100%) Undenatured Alcohol, USP/FCC Food Grade, Kosher, Halal",Pure Alcohols,1,,No,,,awaiting_shipment,Austin Warehouse,Warehouse
000404555,2026-09-13,SOCAF-25KG,"Sodium Carbonate Anhydrous FCC, Kosher, Halal",Granular,3,,Yes,,,awaiting_shipment,Austin Warehouse,Warehouse
000404561,2026-09-13,EAS40B200-1GAL,"SDA 40B Ethanol 200 Proof (100%), Kosher, Halal",Alcohols,1,,No,,,awaiting_shipment,"Austin Warehouse, Partial Restriction",Warehouse
000404567,2026-09-13,PS20F-1L,"Polysorbate 20, Derived from Palm, Food Grade, Kosher, Halal",Other Chemicals,1,,No,,,awaiting_shipment,,
000404579,2026-09-13,AAL99-1GAL,Acetic Acid Glacial 99% Lab Grade,Acids,4,,Yes,,,awaiting_shipment,Austin Warehouse,Warehouse
000404585,2026-09-13,PPALF-5GAL,"Propionic Acid, Liquid, FCC/Food Grade, Kosher, Halal",Acids,4,,No,,,awaiting_shipment,Austin Warehouse,Warehouse
000404588,2026-09-13,EAOS190-1GAL,"Organic Ethyl Alcohol, Sugar Cane, 190 Proof Kosher, Halal, FCC",Pure Alcohols,1,,No,,,awaiting_shipment,Austin Warehouse,Warehouse
000404597,2026-09-14,SHCN125-1GAL,Sodium Hypochlorite 12.5% Solution,Solutions,3,,No,,,awaiting_shipment,Austin Warehouse,Warehouse
000404609,2026-09-14,NMPL-1GAL,"NMP, 1-Methyl-2-Pyrrolidone, Lab Grade",Other Chemicals,2,,No,,,awaiting_shipment,Austin Warehouse,Warehouse
000404621,2026-09-14,EAS3C200-4L,"SDA 3C Ethanol 200 Proof (100%), Kosher, Halal",Alcohols,1,,No,,,awaiting_shipment,"Austin Warehouse, Partial Restriction",Warehouse
000404624,2026-09-14,Multiple products,Multiple products,,,,,,,awaiting_shipment,Austin Warehouse,Warehouse
000404639,2026-09-14,Multiple products,Multiple products,,,,,,,awaiting_shipment,Austin Warehouse,Warehouse
000404642,2026-09-14,ACCL80-325P-2.5KG,"Activated Carbon (Charcoal) Powder, Food Grade, Kosher, Coal Based",Granular,2,,Yes,,,awaiting_shipment,Austin Warehouse,Warehouse
000404648,2026-09-14,EAP190-1GAL,"Ethanol 190 Proof (95%) Non-Denatured Alcohol, USP/FCC Food Grade, Kosher, Halal",Pure Alcohols,1,,No,,,awaiting_shipment,Austin Warehouse,Warehouse
000404651,2026-09-14,EAP200-1GAL,"Ethanol 200 Proof (100%) Undenatured Alcohol, USP/FCC Food Grade, Kosher, Halal",Pure Alcohols,1,,No,,,awaiting_shipment,Austin Warehouse,Warehouse
000404660,2026-09-14,SOBICGU-1KG,"Sodium Bicarbonate, USP/FCC Grade, Kosher, Halal",Granular,2,,Yes,,,awaiting_shipment,Austin Warehouse,Warehouse
000404663,2026-09-14,EAS40B200-5GAL,"SDA 40B Ethanol 200 Proof (100%), Kosher, Halal",Alcohols,1,,No,,,awaiting_shipment,"Austin Warehouse, Partial Restriction",Warehouse
000404666,2026-09-14,EAC200-5GAL,"Ethanol 200 Proof (100%) Completely Denatured with Heptane, Kosher, Halal",Alcohols,1,,No,,,awaiting_shipment,Austin Warehouse,Warehouse
000404669,2026-09-14,VMPL-1GAL,"VM&P Naphtha, Pure",Other Chemicals,2,,No,,,awaiting_shipment,Austin Warehouse,Warehouse
000404675,2026-09-14,EAP200-1GAL,"Ethanol 200 Proof (100%) Undenatured Alcohol, USP/FCC Food Grade, Kosher, Halal",Pure Alcohols,1,,No,,,awaiting_shipment,Austin Warehouse,Warehouse
000404681,2026-09-14,Multiple products,Multiple products,Other Chemicals,,,,,,awaiting_shipment,"Austin Warehouse, Restricted Chemical",Warehouse
000404687,2026-09-14,SHCN5-1GAL,Sodium Hypochlorite 5% Solution,Solutions,3,,No,,,awaiting_shipment,Austin Warehouse,Warehouse
000404690,2026-09-14,IPAL99-5GAL,Isopropyl Alcohol 99.8% Lab Grade,Alcohols,1,,No,,,awaiting_shipment,Austin Warehouse,Warehouse
000404705,2026-09-14,IPAU99-5GAL,"Isopropyl Alcohol 99.8% USP Grade, Kosher, Halal",Alcohols,1,,No,,,awaiting_shipment,Austin Warehouse,Warehouse
000404711,2026-09-14,SOHYSL2N-1LCS,Sodium Hydroxide 2N Solution,Solutions,Lab Tech,,Yes,,,awaiting_shipment,Roshan,
000404714,2026-09-14,EAD200-5GAL,"Denatured Ethanol 200 Proof, Kosher, Halal",Alcohols,1,,No,,,awaiting_shipment,Austin Warehouse,Warehouse
000404723,2026-09-14,IPAL70-5GAL,Isopropyl Alcohol 70% Lab Grade,Alcohols,1,,No,,,awaiting_shipment,Austin Warehouse,Warehouse
000404726,2026-09-14,EAD140-1GAL,"Ethanol 140 Proof (70%) Denatured Alcohol, Kosher, Halal",Alcohols,1,,No,,,awaiting_shipment,Austin Warehouse,Warehouse
000404729,2026-09-14,GLF-55GAL,"Glycerin 99% USP/NF/FCC/Food Grade, Kosher, Halal",Other Chemicals,1,,No,,,awaiting_shipment,"ATX Freight, Restricted Combination - Glycerin",Freight
000404732,2026-09-14,SOBICGU-1LB,"Sodium Bicarbonate, USP/FCC Grade, Kosher, Halal",Granular,2,,Yes,,,awaiting_shipment,Austin Warehouse,Warehouse
000404735,2026-09-14,PS80F-1GAL,"Polysorbate 80, Food Grade, Kosher, Halal",Other Chemicals,1,,No,,,awaiting_shipment,Austin Warehouse,Warehouse
000404738,2026-09-14,EAS40B200-5GAL,"SDA 40B Ethanol 200 Proof (100%), Kosher, Halal",Alcohols,1,,No,,,awaiting_shipment,"Austin Warehouse, Partial Restriction",Warehouse
000404753,2026-09-14,Multiple products,Multiple products,,,,,,,awaiting_shipment,Austin Warehouse,Warehouse
000404759,2026-09-14,EAP200-5GAL,"Ethanol 200 Proof (100%) Undenatured Alcohol, USP/FCC Food Grade, Kosher, Halal",Pure Alcohols,1,,No,,,awaiting_shipment,Austin Warehouse,Warehouse
000404765,2026-09-14,Multiple products,Multiple products,,,,,,,awaiting_shipment,"Austin Warehouse, Restricted Combination - Glycerin",Warehouse
000404768,2026-09-14,SOCAL-25KG,"Sodium Carbonate Anhydrous, Lab Grade",Granular,3,,Yes,,,awaiting_shipment,,
000404777,2026-09-14,EAS40B200-5GAL,"SDA 40B Ethanol 200 Proof (100%), Kosher, Halal",Alcohols,1,,No,,,awaiting_shipment,"Austin Warehouse, Partial Restriction",Warehouse
000404783,2026-09-14,SOBZGF-12.5KG,"Sodium Benzoate, Food Grade, Kosher, Halal",Granular,3,,Yes,,,awaiting_shipment,Austin Warehouse,Warehouse
000404786,2026-09-14,MANPU-1LB,"Mannitol, Powder, USP Grade",Granular,2,,Yes,,,awaiting_shipment,Austin Warehouse,Warehouse
000404789,2026-09-15,HXL-1GAL,Hexanes Lab Grade,Other Chemicals,2,,No,656476519,2026-09-15,shipped,"Austin Warehouse, Restricted Chemical",Warehouse
000404792,2026-09-14,Multiple products,Multiple products,,,,,,,awaiting_shipment,Austin Warehouse,Warehouse
000404795,2026-09-14,CAMCU-1KG,"Camphor, Crystals, USP Grade, Kosher",Granular,3,,Yes,,,awaiting_shipment,Austin Warehouse,Warehouse
000404801,2026-09-14,EAP200-4LG,"Ethanol 200 Proof (100%) Undenatured Alcohol, USP/FCC Food Grade, Kosher, Halal",Pure Alcohols,1,,No,,,awaiting_shipment,Austin Warehouse,Warehouse
000404804,2026-09-14,EAP200-5GAL,"Ethanol 200 Proof (100%) Undenatured Alcohol, USP/FCC Food Grade, Kosher, Halal",Pure Alcohols,1,,No,,,awaiting_shipment,Austin Warehouse,Warehouse
000404807,2026-09-14,Multiple products,Multiple products,Acids,,,,,,awaiting_shipment,Austin Warehouse,Warehouse
000404813,2026-09-14,EAD200-1GAL,"Denatured Ethanol 200 Proof, Kosher, Halal",Alcohols,1,,No,,,awaiting_shipment,Austin Warehouse,Warehouse
000404819,2026-09-14,PHAF25-5GAL,"Phosphoric Acid 25% Solution, Food Grade (FCC), Kosher, Halal",Acids,4,,Yes,,,awaiting_shipment,Austin Warehouse,Warehouse
000404822,2026-09-14,EAP200-1GAL,"Ethanol 200 Proof (100%) Undenatured Alcohol, USP/FCC Food Grade, Kosher, Halal",Pure Alcohols,1,,No,,,awaiting_shipment,Austin Warehouse,Warehouse
AMZN-000404852,2026-09-14,EAOS190-1QTCS,"Organic Ethyl Alcohol, Sugar Cane, 190 Proof Kosher, Halal, FCC",Pure Alcohols,1,,No,,,awaiting_shipment,Austin Warehouse,Warehouse
000404825,2026-09-14,ZICIGU-25KG,"Zinc Citrate, USP/FCC Grade",Granular,3,,Yes,,,awaiting_shipment,Austin Warehouse,Warehouse
000404828,2026-09-14,CAFU-1LB,"Caffeine Powder, USP/FCC/Food Grade, Kosher, Halal",Granular,3,,Yes,,,awaiting_shipment,Austin Warehouse,Warehouse
000397187-1,2026-09-14,HCLS37-1L,"Hydrochloric Acid 37% Solution, Semiconductor Grade",Acids,4,,Yes,,,awaiting_shipment,Austin Warehouse,Warehouse
000404831,2026-09-14,Multiple products,Multiple products,,,,,,,awaiting_shipment,Austin Warehouse,Warehouse
000404834,2026-09-14,SOHYDPM-12.5kg,"Sodium Hydroxide, Pellets, ACS, USP/NF, FCC/Food Grade - 12.5kg",Granular,3,,Yes,,,awaiting_shipment,"PA, Austin Warehouse, Split Order",Warehouse
000404849,2026-09-14,Multiple products,Multiple products,Granular,,,,,,awaiting_shipment,"PA, Austin Warehouse, Split Order",Warehouse
000404855,2026-09-14,SOHYSCR001N-4L,"Sodium Hydroxide Solution 0.01N (N/100), Certified Grade",Solutions,Lab Tech,,Yes,,,awaiting_shipment,"Austin Warehouse, Roshan",Warehouse
000404864,2026-09-14,SOHYSA30-20L,Sodium Hydroxide 30% Solution,Solutions,3,,Yes,,,awaiting_shipment,"Austin Warehouse, Roshan",Warehouse
000404882,2026-09-14,EAF200-5GAL,"Food Grade Ethanol, 200 Proof, Kosher, Halal",Pure Alcohols,1,,No,,,awaiting_shipment,Austin Warehouse,Warehouse
000404885,2026-09-14,AASL10-4L,"Acetic Acid 10% Solution, Lab Grade",Solutions,4,,Yes,,,awaiting_shipment,Austin Warehouse,Warehouse
000404894,2026-09-14,Multiple products,Multiple products,Acids,,,,,,awaiting_shipment,"Austin Warehouse, Restricted Combination - Nitric Acid",Warehouse
AMZN-000404942,2026-09-14,EAOS190-1QTCS,"Organic Ethyl Alcohol, Sugar Cane, 190 Proof Kosher, Halal, FCC",Pure Alcohols,1,,No,,,awaiting_shipment,Austin Warehouse,Warehouse
000404900,2026-09-14,EAS40B190-1GAL,"SDA 40B Ethanol 190 Proof (95%), Kosher, Halal",Alcohols,1,,No,,,awaiting_shipment,"Austin Warehouse, Partial Restriction",Warehouse
000404924,2026-09-14,CAFU-25kg,"Caffeine Powder, USP/FCC/Food Grade, Kosher, Halal",Granular,3,,Yes,,,awaiting_shipment,Austin Warehouse,Warehouse
000404936,2026-09-14,HPF34-5GAL,"Hydrogen Peroxide 34% Food Grade, Kosher, Halal",Solutions,2,,No,,,awaiting_shipment,"Austin Warehouse, Restricted Combination - Hydrogen Peroxide",Warehouse
000404948,2026-09-14,PVPK30GU-1KG,"Polyvinylpyrrolidone PVP K-30, Powder, USP Grade, Kosher, Halal",Granular,1,,Yes,,,awaiting_shipment,Austin Warehouse,Warehouse
000404951,2026-09-14,HPL6-500ML,"Hydrogen Peroxide 6% Solution, (Stabilized), Lab Grade",Solutions,2,,No,,,awaiting_shipment,"Austin Warehouse, Restricted Combination - Hydrogen Peroxide",Warehouse
000404954,2026-09-14,TCEL-500ML,Trichloroethylene ≥99.5% Lab Grade,Other Chemicals,3,,Yes,,,awaiting_shipment,Austin Warehouse,Warehouse
000404963,2026-09-14,AMHA30-4L,"Ammonium Hydroxide 28-30% Solution, ACS Grade",Solutions,3,,Yes,,,awaiting_shipment,Austin Warehouse,Warehouse
000404969,2026-09-14,EAS40B200-1GAL,"SDA 40B Ethanol 200 Proof (100%), Kosher, Halal",Alcohols,1,,No,,,awaiting_shipment,"Austin Warehouse, Partial Restriction",Warehouse
000404972,2026-09-14,Multiple products,Multiple products,Acids,,,,,,awaiting_shipment,"Austin Warehouse, Restricted Combination - Nitric Acid",Warehouse
000404978,2026-09-14,Multiple products,Multiple products,,,,,,,awaiting_shipment,"PA, Austin Warehouse, Split Order, Roshan",Warehouse
000404981,2026-09-14,SHCN125-55GAL,Sodium Hypochlorite 12.5% Solution,Solutions,3,,No,,,awaiting_shipment,ATX Freight,Freight
000404984,2026-09-14,SOHYDPM-50lb,"Sodium Hydroxide, Pellets, ACS, USP/NF, FCC/Food Grade - 50lb",Granular,3,,Yes,,,awaiting_shipment,Austin Warehouse,Warehouse
000404990,2026-09-14,,,,,,,,,awaiting_shipment,US,
AMZN-000401786-1,2026-09-14,ETACA-1QT,"Ethyl Acetate 99.5% ACS Grade, 1 Quart",Other Chemicals,2,,No,,,awaiting_shipment,Austin Warehouse,Warehouse
000404993,2026-09-14,CASTGL-2.5KG,"Calcium Stearate, Lab Grade",Granular,2,,Yes,,,awaiting_shipment,Austin Warehouse,Warehouse
000404996,2026-09-14,IPAL99-5GAL,Isopropyl Alcohol 99.8% Lab Grade,Alcohols,1,,No,,,awaiting_shipment,Austin Warehouse,Warehouse
000404999,2026-09-14,DCML-1L,Dichloromethane (Methylene Chloride) Lab Grade,Other Chemicals,3,,Yes,,,awaiting_shipment,"Austin Warehouse, Restricted Chemical",Warehouse
000405002,2026-09-14,HPS30-1L,"Hydrogen Peroxide 30% Solution, Semiconductor/ Electronic Grade",Solutions,2,,No,,,awaiting_shipment,"Austin Warehouse, Restricted Combination - Hydrogen Peroxide",Warehouse
000405008,2026-09-14,ACW325P-2.5KG,"Activated Carbon (Charcoal) Powder, Food Grade, Kosher, Halal, Wood Based",Granular,2,,Yes,,,awaiting_shipment,Austin Warehouse,Warehouse
000405011,2026-09-14,Multiple products,Multiple products,,,,,,,awaiting_shipment,Austin Warehouse,Warehouse
000405017,2026-09-14,Multiple products,Multiple products,Granular,,,,,,awaiting_shipment,Austin Warehouse,Warehouse
000405020,2026-09-14,IPAS99-1L,"Isopropyl Alcohol, 99% Semiconductor/ Electronic Grade",Alcohols,1,,No,,,awaiting_shipment,Austin Warehouse,Warehouse
000405029,2026-09-14,SOCHLGU-2.5KG,"Sodium Chloride, Crystal, USP Grade, Kosher, Halal",Granular,2,,Yes,,,awaiting_shipment,Austin Warehouse,Warehouse
000405038,2026-09-14,Multiple products,Multiple products,,,,,,,awaiting_shipment,"Austin Warehouse, Restricted Combination - Glycerin",Warehouse
WMT000405056,2026-09-14,HPF30-1GAL,"Hydrogen Peroxide 30% Solution, Food Grade, Kosher, Halal",Solutions,2,,No,,,awaiting_shipment,"Austin Warehouse, Restricted Combination - Hydrogen Peroxide",Warehouse
000405059,2026-09-14,IPAU99-5GAL,"Isopropyl Alcohol 99.8% USP Grade, Kosher, Halal",Alcohols,1,,No,,,awaiting_shipment,Austin Warehouse,Warehouse
000405065,2026-09-14,IPAL99-1GAL,Isopropyl Alcohol 99.8% Lab Grade,Alcohols,1,,No,,,awaiting_shipment,Austin Warehouse,Warehouse
000405071,2026-09-14,Multiple products,Multiple products,,,,,,,awaiting_shipment,"Austin Warehouse, Restricted Combination - Hydrogen Peroxide",Warehouse
WMT000405095,2026-09-14,HPF30-5GAL,"Hydrogen Peroxide 30% Solution, Food Grade, Kosher, Halal",Solutions,2,,No,,,awaiting_shipment,"Austin Warehouse, Restricted Combination - Hydrogen Peroxide",Warehouse
000405080,2026-09-14,URPL-25KG,Urea Granules 99% Lab Grade,Granular,2,,Yes,,,awaiting_shipment,Austin Warehouse,Warehouse
AMZN-000405098,2026-09-14,EAOS190-1QTCS,"Organic Ethyl Alcohol, Sugar Cane, 190 Proof Kosher, Halal, FCC",Pure Alcohols,1,,No,,,awaiting_shipment,Austin Warehouse,Warehouse
000405086,2026-09-14,EELA-500ML,Ethyl Ether ≥99% ACS Grade,Other Chemicals,2,,Yes,,,awaiting_shipment,"Austin Warehouse, Restricted Chemical",Warehouse
000405089,2026-09-14,,,,,,,,,awaiting_shipment,US,
AMZN-000405101,2026-09-14,EAOS190-1QTCS,"Organic Ethyl Alcohol, Sugar Cane, 190 Proof Kosher, Halal, FCC",Pure Alcohols,1,,No,,,awaiting_shipment,Austin Warehouse,Warehouse
AMZN-000405119,2026-09-14,EAOS190-1QTCS,"Organic Ethyl Alcohol, Sugar Cane, 190 Proof Kosher, Halal, FCC",Pure Alcohols,1,,No,,,awaiting_shipment,Austin Warehouse,Warehouse
000405122,2026-09-14,EAS40B190-5GAL,"SDA 40B Ethanol 190 Proof (95%), Kosher, Halal",Alcohols,1,,No,,,awaiting_shipment,"Austin Warehouse, Partial Restriction",Warehouse
AMZN-000405128,2026-09-14,EAP190-1QTCS,"Ethanol 190 Proof (95%) Non-Denatured Alcohol, USP/FCC Food Grade, Kosher, Halal",Pure Alcohols,1,,No,,,awaiting_shipment,Austin Warehouse,Warehouse
000405131,2026-09-14,Multiple products,Isopropyl Alcohol 70% Lab Grade,Alcohols,,,,,,awaiting_shipment,Austin Warehouse,Warehouse
000405134,2026-09-14,Multiple products,"Hydrogen Peroxide 32% Solution, Lab Grade",Solutions,,,,,,awaiting_shipment,"Austin Warehouse, Restricted Combination - Hydrogen Peroxide",Warehouse
000405146,2026-09-14,EAS40B200-1GAL,"SDA 40B Ethanol 200 Proof (100%), Kosher, Halal",Alcohols,1,,No,,,awaiting_shipment,"Austin Warehouse, Partial Restriction",Warehouse
000405152,2026-09-14,CAOLU-1GAL,"Castor Oil, Cold Pressed, USP Grade, Kosher",Other Chemicals,1,,No,,,awaiting_shipment,Austin Warehouse,Warehouse
000405161,2026-09-15,IPAL99-1GAL,Isopropyl Alcohol 99.8% Lab Grade,Alcohols,1,,No,,,awaiting_shipment,Austin Warehouse,Warehouse
000405170,2026-09-15,,,,,,,,,awaiting_shipment,US,
000405173,2026-09-15,Multiple products,Multiple products,,,,,,,awaiting_shipment,"Austin Warehouse, Restricted Combination - Glycerin",Warehouse
WMT000405179,2026-09-15,HPF30-1L,"Hydrogen Peroxide 30% Solution, Food Grade, Kosher, Halal",Solutions,2,,No,,,awaiting_shipment,"Austin Warehouse, Restricted Combination - Hydrogen Peroxide",Warehouse
000405182,2026-09-15,PETHP-1GAL,Petroleum Ether High Purity Grade,Other Chemicals,2,,No,,,awaiting_shipment,Austin Warehouse,Warehouse
000405185,2026-09-15,LAF88-55GAL,"Lactic Acid 88%, Food Grade (FCC), Kosher",Acids,4,,No,,,awaiting_shipment,ATX Freight,Freight
000405188,2026-09-15,DMFL-5GAL,Dimethylformamide 99.8% Lab Grade,Other Chemicals,2,,No,,,awaiting_shipment,Austin Warehouse,Warehouse
AMZN-000405209,2026-09-15,EAP190-1QTCS,"Ethanol 190 Proof (95%) Non-Denatured Alcohol, USP/FCC Food Grade, Kosher, Halal",Pure Alcohols,1,,No,,,awaiting_shipment,Austin Warehouse,Warehouse
AMZN-000405212,2026-09-15,SOBZGF-2.5KG,"Sodium Benzoate, Food Grade, Kosher, Halal",Granular,3,,Yes,,,awaiting_shipment,Austin Warehouse,Warehouse
000405197,2026-09-15,,,,,,,,,awaiting_shipment,PA,
000405200,2026-09-15,HPL30-5GAL,"Hydrogen Peroxide 30% Solution, Lab Grade",Solutions,2,,No,,,awaiting_shipment,"Austin Warehouse, Restricted Combination - Hydrogen Peroxide",Warehouse
000405206,2026-09-15,EAS40B190-5GAL,"SDA 40B Ethanol 190 Proof (95%), Kosher, Halal",Alcohols,1,,No,,,awaiting_shipment,"Austin Warehouse, Partial Restriction",Warehouse
000405215,2026-09-15,ZNCHLGL-25KG,"Zinc Chloride, Granular, Lab Grade",Granular,3,,Yes,,,awaiting_shipment,Austin Warehouse,Warehouse
000405218,2026-09-15,EAP200-1GAL,"Ethanol 200 Proof (100%) Undenatured Alcohol, USP/FCC Food Grade, Kosher, Halal",Pure Alcohols,1,,No,,,awaiting_shipment,Austin Warehouse,Warehouse
000405221,2026-09-15,HPF6-1L,"Hydrogen Peroxide 6% Solution, Food Grade, Kosher, Halal",Solutions,2,,No,,,awaiting_shipment,"Austin Warehouse, Restricted Combination - Hydrogen Peroxide",Warehouse
000405224,2026-09-15,,,,,,,,,awaiting_shipment,PA,
000405227,2026-09-15,MOLGU-50LB,"Magnesium Oxide Light, USP/FCC Grade, Kosher, Halal",Granular,2,,Yes,,,awaiting_shipment,Austin Warehouse,Warehouse
000405230,2026-09-15,SHCN125-1GAL,Sodium Hypochlorite 12.5% Solution,Solutions,3,,No,,,awaiting_shipment,Austin Warehouse,Warehouse
000405233,2026-09-15,,,,,,,,,awaiting_shipment,,
000405239,2026-09-15,CANHPLC-4L,Acetonitrile 99.9% HPLC Grade,Other Chemicals,2,,Yes,,,awaiting_shipment,Austin Warehouse,Warehouse
000405242,2026-09-15,PS60F-1L,"Polysorbate 60, Derived from Palm, Food Grade, Kosher, Halal",Other Chemicals,1,,No,,,awaiting_shipment,Austin Warehouse,Warehouse
000405245,2026-09-15,Multiple products,Multiple products,,,,,,,awaiting_shipment,Austin Warehouse,Warehouse
000405248,2026-09-15,HPF32-55GAL,"Hydrogen Peroxide 32% Solution, Food Grade, Kosher, Halal",Solutions,2,,No,,,awaiting_shipment,"ATX Freight, Restricted Combination - Hydrogen Peroxide",Freight
000405251,2026-09-15,,,,,,,,,awaiting_shipment,"PA, Restricted Chemical",
000405254,2026-09-15,SUAA96-1L,"Sulfuric Acid 96% ACS Reagent Grade Solution (95-98%, Concentrated H2SO4)",Acids,4,,Yes,,,awaiting_shipment,Austin Warehouse,Warehouse
000405257,2026-09-15,Multiple products,Multiple products,,,,,,,awaiting_shipment,"PA, Austin Warehouse, Split Order",Warehouse
AMZN-000405308,2026-09-15,EAP190-1QTCS,"Ethanol 190 Proof (95%) Non-Denatured Alcohol, USP/FCC Food Grade, Kosher, Halal",Pure Alcohols,1,,No,,,awaiting_shipment,Austin Warehouse,Warehouse
000405263,2026-09-15,POHYSL40-20L,"Potassium Hydroxide, 40% Solution, Lab Grade",Solutions,Lab Tech,,Yes,,,awaiting_shipment,"Austin Warehouse, Roshan",Warehouse
000405260,2026-09-15,FAL90-55GAL,"Formic Acid 90% Solution, Lab Grade",Acids,4,,Yes,,,awaiting_shipment,ATX Freight,Freight
000405266,2026-09-15,TCAACLA85-4L,"Trichloroacetic Acid, 85%",Acids,3,,Yes,,,awaiting_shipment,Austin Warehouse,Warehouse
AMZN-000405311,2026-09-15,EAP190-1QTCS,"Ethanol 190 Proof (95%) Non-Denatured Alcohol, USP/FCC Food Grade, Kosher, Halal",Pure Alcohols,1,,No,,,awaiting_shipment,Austin Warehouse,Warehouse
000405269,2026-09-15,,,,,,,,,awaiting_shipment,PA,
AMZN-000405344,2026-09-15,EGL-1GAL,Ethylene Glycol 99% Lab Grade,Other Chemicals,3,,No,,,awaiting_shipment,Austin Warehouse,Warehouse
000405272,2026-09-15,AANHL-1GAL,"Acetic Anhydride, Lab Grade",Acids,3,,Yes,,,awaiting_shipment,"PA, Austin Warehouse, Restricted Chemical",Warehouse
000405275,2026-09-15,CAFU-1LB,"Caffeine Powder, USP/FCC/Food Grade, Kosher, Halal",Granular,3,,Yes,,,awaiting_shipment,Austin Warehouse,Warehouse
AMZN-000405374,2026-09-15,Multiple products,Multiple products,,,,,,,awaiting_shipment,Austin Warehouse,Warehouse
000405293,2026-09-15,HPF34-5GAL,"Hydrogen Peroxide 34% Food Grade, Kosher, Halal",Solutions,2,,No,,,awaiting_shipment,"Austin Warehouse, Restricted Combination - Hydrogen Peroxide",Warehouse
000405296,2026-09-15,NAA70-500ML,"Nitric Acid 70%, ACS Reagent Grade",Acids,4,,Yes,,,awaiting_shipment,"Austin Warehouse, Restricted Combination - Nitric Acid",Warehouse
000405302,2026-09-15,DCML-1GAL,Dichloromethane (Methylene Chloride) Lab Grade,Other Chemicals,3,,Yes,,,awaiting_shipment,"Austin Warehouse, Restricted Chemical",Warehouse
000405305,2026-09-15,EAOS190-5GAL,"Organic Ethyl Alcohol, Sugar Cane, 190 Proof Kosher, Halal, FCC",Pure Alcohols,1,,No,,,awaiting_shipment,Austin Warehouse,Warehouse
000405314,2026-09-15,Multiple products,Multiple products,,,,,,,awaiting_shipment,Austin Warehouse,Warehouse
000405317,2026-09-15,,,,,,,,,awaiting_shipment,PA,
000405320,2026-09-15,CYXL-5GAL,Cyclohexane 99% Lab Grade,Other Chemicals,2,,No,,,awaiting_shipment,Austin Warehouse,Warehouse
AMZN-000405347,2026-09-15,EAP190-1QTCS,"Ethanol 190 Proof (95%) Non-Denatured Alcohol, USP/FCC Food Grade, Kosher, Halal",Pure Alcohols,1,,No,,,awaiting_shipment,Austin Warehouse,Warehouse
000405323,2026-09-15,MACIGU-1LB,"Magnesium Citrate, USP/FCC Grade",Granular,3,,Yes,,,awaiting_shipment,"PA, Austin Warehouse, Split Order",Warehouse
AMZN-000405353,2026-09-15,EAC200-5GAL,"Ethanol 200 Proof (100%) Completely Denatured with Heptane, Kosher, Halal",Alcohols,1,,No,,,awaiting_shipment,Austin Warehouse,Warehouse
000405326,2026-09-15,DCML-1GAL,Dichloromethane (Methylene Chloride) Lab Grade,Other Chemicals,3,,Yes,,,awaiting_shipment,"Austin Warehouse, Restricted Chemical",Warehouse
000405329,2026-09-15,,,,,,,,,awaiting_shipment,PA,
000405332,2026-09-15,HPF30-1L,"Hydrogen Peroxide 30% Solution, Food Grade, Kosher, Halal",Solutions,2,,No,,,awaiting_shipment,"Austin Warehouse, Restricted Combination - Hydrogen Peroxide",Warehouse
000405335,2026-09-15,DCML-5GAL,Dichloromethane (Methylene Chloride) Lab Grade,Other Chemicals,3,,Yes,,,awaiting_shipment,"Austin Warehouse, Restricted Chemical",Warehouse
000405338,2026-09-15,,,,,,,,,awaiting_shipment,US,
000405341,2026-09-15,BZKNF50-1GAL,"Benzalkonium Chloride 50% Solution, NF Grade",Solutions,3,,No,,,awaiting_shipment,Austin Warehouse,Warehouse
000405350,2026-09-15,Multiple products,Multiple products,,,,,,,awaiting_shipment,Austin Warehouse,Warehouse
000405356,2026-09-15,EAD190-1GAL,"Ethanol 190 Proof (95%) Denatured Alcohol, Kosher, Halal",Alcohols,1,,No,,,awaiting_shipment,Austin Warehouse,Warehouse
000405359,2026-09-15,,,,,,,,,awaiting_shipment,PA,
000405362,2026-09-15,CANHPLC-4L,Acetonitrile 99.9% HPLC Grade,Other Chemicals,2,,Yes,,,awaiting_shipment,Austin Warehouse,Warehouse
000405365,2026-09-15,,,,,,,,,awaiting_shipment,US,
000405368,2026-09-15,CANA-5GAL,Acetonitrile 99.5% Reagent ACS Grade,Other Chemicals,2,,No,,,awaiting_shipment,Austin Warehouse,Warehouse
000405371,2026-09-15,Multiple products,Multiple products,,,,,,,awaiting_shipment,"Austin Warehouse, ATX Freight, Roshan",Both
AMZN-000405422,2026-09-15,PS80F-1GAL,"Polysorbate 80, Food Grade, Kosher, Halal",Other Chemicals,1,,No,,,awaiting_shipment,Austin Warehouse,Warehouse
000405377,2026-09-15,EAC200-5GAL,"Ethanol 200 Proof (100%) Completely Denatured with Heptane, Kosher, Halal",Alcohols,1,,No,,,awaiting_shipment,Austin Warehouse,Warehouse
000405380,2026-09-15,,,,,,,,,awaiting_shipment,"US, United Scientific",
000405383,2026-09-15,MEKLL-1GAL,"Methyl Ethyl Ketone (MEK), Lab Grade",Other Chemicals,2,,No,,,awaiting_shipment,Austin Warehouse,Warehouse
000405386,2026-09-15,URPU-1KG,"Urea Crystalline Powder 99%, USP Grade",Granular,2,,Yes,,,awaiting_shipment,Austin Warehouse,Warehouse
000405389,2026-09-15,NAA70-500ML,"Nitric Acid 70%, ACS Reagent Grade",Acids,4,,Yes,,,awaiting_shipment,"Austin Warehouse, Restricted Combination - Nitric Acid",Warehouse
000405392,2026-09-15,EAOS190-5GAL,"Organic Ethyl Alcohol, Sugar Cane, 190 Proof Kosher, Halal, FCC",Pure Alcohols,1,,No,,,awaiting_shipment,Austin Warehouse,Warehouse
000405395,2026-09-15,Multiple products,Multiple products,Acids,,,,,,awaiting_shipment,"Austin Warehouse, Restricted Combination - Nitric Acid",Warehouse
000405398,2026-09-15,MACIGU-1LB,"Magnesium Citrate, USP/FCC Grade",Granular,3,,Yes,,,awaiting_shipment,Austin Warehouse,Warehouse
000405401,2026-09-15,URPU-1LB,"Urea Crystalline Powder 99%, USP Grade",Granular,2,,Yes,,,awaiting_shipment,Austin Warehouse,Warehouse
000405404,2026-09-15,CACIGU-1KG,"Calcium Citrate, USP/FCC Grade",Granular,2,,Yes,,,awaiting_shipment,Austin Warehouse,Warehouse
AMZN-000405458,2026-09-15,EAOS190-1QTCS,"Organic Ethyl Alcohol, Sugar Cane, 190 Proof Kosher, Halal, FCC",Pure Alcohols,1,,No,,,awaiting_shipment,Austin Warehouse,Warehouse
000405407,2026-09-15,,,,,,,,,awaiting_shipment,PA,
AMZN-000405461,2026-09-15,PEG400F-1GAL,"Polyethylene Glycol (PEG) 400 Food Grade (FCC), Kosher, Halal",Other Chemicals,1,,No,,,awaiting_shipment,Austin Warehouse,Warehouse
000405410,2026-09-15,EAOC200-55GAL,"Organic Ethyl Alcohol, Corn, 200 Proof, Kosher, Halal, FCC",Pure Alcohols,1,,No,,,awaiting_shipment,ATX Freight,Freight
000405413,2026-09-15,CYXL-1GAL,Cyclohexane 99% Lab Grade,Other Chemicals,2,,No,,,awaiting_shipment,Austin Warehouse,Warehouse
000405416,2026-09-15,,,,,,,,,awaiting_shipment,PA,
000405419,2026-09-15,Multiple products,Multiple products,,,,,,,awaiting_shipment,Austin Warehouse,Warehouse
000405425,2026-09-15,,,,,,,,,awaiting_shipment,PA,
000405428,2026-09-15,,,,,,,,,awaiting_shipment,PA,
000405431,2026-09-15,PGF-5GAL,"Propylene Glycol 99.5% USP/NF/FCC/Food Grade, Kosher, Halal",Other Chemicals,1,,No,,,awaiting_shipment,Austin Warehouse,Warehouse
000405434,2026-09-15,Multiple products,Multiple products,,,,,,,awaiting_shipment,Austin Warehouse,Warehouse
000405437,2026-09-15,EAOS190TXPD-55GAL,"Organic Ethyl Alcohol, Sugar Cane, 190 Proof Kosher, Halal, FCC",Pure Alcohols,1,,No,,,awaiting_shipment,ATX Freight,Freight
000405440,2026-09-15,POHYSA1N-500ML,"Potassium Hydroxide 1N Solution, Reagent Grade",Solutions,Lab Tech,,Yes,,,awaiting_shipment,"Austin Warehouse, Roshan",Warehouse
000405443,2026-09-15,PEG400F-20L,"Polyethylene Glycol (PEG) 400 Food Grade (FCC), Kosher, Halal",Other Chemicals,1,,No,,,awaiting_shipment,Austin Warehouse,Warehouse
000405449,2026-09-15,CANHPLC-4L,Acetonitrile 99.9% HPLC Grade,Other Chemicals,2,,Yes,,,awaiting_shipment,Austin Warehouse,Warehouse
000405452,2026-09-15,Multiple products,Multiple products,Pure Alcohols,,,,,,awaiting_shipment,Austin Warehouse,Warehouse
000399365-1,2026-09-15,MAA-1GAL,Methanol ≥99.8% ACS Reagent/USP/NF Grade,Alcohols,2,,Yes,,,awaiting_shipment,Austin Warehouse,Warehouse
000405455,2026-09-15,MAL-1GAL,Methanol 99.85% Lab Grade,Alcohols,2,,No,,,awaiting_shipment,Austin Warehouse,Warehouse
AMZN-000405503,2026-09-15,EAC200-4L,"Ethanol 200 Proof (100%) Completely Denatured with Heptane, Kosher, Halal",Alcohols,1,,No,,,awaiting_shipment,Austin Warehouse,Warehouse
000405464,2026-09-15,,,,,,,,,awaiting_shipment,,
000405467,2026-09-15,EAD140-5GAL,"Ethanol 140 Proof (70%) Denatured Alcohol, Kosher, Halal",Alcohols,1,,No,,,awaiting_shipment,Austin Warehouse,Warehouse
000405470,2026-09-15,SUAS1N-4L,"Sulfuric Acid 1N Solution, Reagent Grade",Solutions,Lab Tech,,Yes,,,awaiting_shipment,"Austin Warehouse, Roshan",Warehouse
000405473,2026-09-15,PEG400F-500ML,"Polyethylene Glycol (PEG) 400 Food Grade (FCC), Kosher, Halal",Other Chemicals,1,,No,,,awaiting_shipment,Austin Warehouse,Warehouse
000405476,2026-09-15,EAP200-55GALM,"Ethanol 200 Proof (100%) Undenatured Alcohol, USP/FCC Food Grade, Kosher, Halal",Pure Alcohols,1,,No,,,awaiting_shipment,ATX Freight,Freight
000405488,2026-09-15,SUAL93-1GAL,"Sulfuric Acid 93% (92-94%) Solution, Lab Grade",Acids,4,,Yes,,,awaiting_shipment,Austin Warehouse,Warehouse
000405497,2026-09-15,EAD190-55GAL,"Ethanol 190 Proof (95%) Denatured Alcohol, Kosher, Halal",Alcohols,1,,No,,,awaiting_shipment,ATX Freight,Freight
000405500,2026-09-15,,,,,,,,,awaiting_shipment,"PA, Austin Warehouse, Split Order",Warehouse
000380997-1,2026-09-15,HCLS37-1GAL,"Hydrochloric Acid 37% Solution, Semiconductor Grade",Acids,4,,Yes,,,awaiting_shipment,Austin Warehouse,Warehouse
AMZN-000405548,2026-09-15,EAD200-1GAL,"Denatured Ethanol 200 Proof, Kosher, Halal",Alcohols,1,,No,,,awaiting_shipment,Austin Warehouse,Warehouse
000405506,2026-09-15,SUAA50-4L,"Sulfuric Acid 50% Solution, Reagent Grade",Acids,4,,Yes,,,awaiting_shipment,Austin Warehouse,Warehouse
000405512,2026-09-15,MCTC-1GAL,"MCT Oil Coconut Based USP/FCC/Food Grade, Kosher, Halal",Other Chemicals,1,,No,,,awaiting_shipment,Austin Warehouse,Warehouse
000405515,2026-09-15,,,,,,,,,awaiting_shipment,"PA, Austin Warehouse, Split Order, Roshan",Warehouse
000405518,2026-09-15,HCASA6M-1L,"Hydrochloric Acid 6M, Lab Grade",Acids,Lab Tech,,Yes,,,awaiting_shipment,"Austin Warehouse, Roshan",Warehouse
000405521,2026-09-15,EAOC200-1L,"Organic Ethyl Alcohol, Corn, 200 Proof, Kosher, Halal, FCC",Pure Alcohols,1,,No,,,awaiting_shipment,Austin Warehouse,Warehouse
WMT000405542,2026-09-15,HPF34-1GAL,"Hydrogen Peroxide 34% Food Grade, Kosher, Halal",Solutions,2,,No,,,awaiting_shipment,"Austin Warehouse, Restricted Combination - Hydrogen Peroxide",Warehouse
000405524,2026-09-15,AAA99-1GAL,Acetic Acid Glacial 99% ACS Grade,Acids,4,,Yes,,,awaiting_shipment,Austin Warehouse,Warehouse
000405527,2026-09-15,,,,,,,,,awaiting_shipment,US,
000405530,2026-09-15,,,,,,,,,awaiting_shipment,US,
000405533,2026-09-15,,,,,,,,,awaiting_shipment,US,
AMZN-000405575,2026-09-15,EAOS190-1QTCS,"Organic Ethyl Alcohol, Sugar Cane, 190 Proof Kosher, Halal, FCC",Pure Alcohols,1,,No,,,awaiting_shipment,Austin Warehouse,Warehouse
000405536,2026-09-15,VMPL-1GAL,"VM&P Naphtha, Pure",Other Chemicals,2,,No,,,awaiting_shipment,Austin Warehouse,Warehouse
000405545,2026-09-15,EAOS190-1L,"Organic Ethyl Alcohol, Sugar Cane, 190 Proof Kosher, Halal, FCC",Pure Alcohols,1,,No,,,awaiting_shipment,Austin Warehouse,Warehouse
000405551,2026-09-15,CACIGU-1KG,"Calcium Citrate, USP/FCC Grade",Granular,2,,Yes,,,awaiting_shipment,Austin Warehouse,Warehouse
000405560,2026-09-15,IPAL70-20L,Isopropyl Alcohol 70% Lab Grade,Alcohols,1,,No,,,awaiting_shipment,Austin Warehouse,Warehouse
000405563,2026-09-15,NAA70-2.5L,"Nitric Acid 70%, ACS Reagent Grade",Acids,4,,Yes,,,awaiting_shipment,"Austin Warehouse, Restricted Combination - Nitric Acid",Warehouse
000405566,2026-09-15,EAD140-1GAL,"Ethanol 140 Proof (70%) Denatured Alcohol, Kosher, Halal",Alcohols,1,,No,,,awaiting_shipment,Austin Warehouse,Warehouse
000405569,2026-09-15,,,,,,,,,awaiting_shipment,US,
000405572,2026-09-15,TRIX100-500ML,Triton X-100 Surfactant,Other Chemicals,3,,No,,,awaiting_shipment,Austin Warehouse,Warehouse
000405578,2026-09-15,,,,,,,,,awaiting_shipment,PA,
000396713-1,2026-09-15,EAP190-1PG,"Ethanol 190 Proof (95%) Non-Denatured Alcohol, USP/FCC Food Grade, Kosher, Halal",Pure Alcohols,1,,No,,,awaiting_shipment,Austin Warehouse,Warehouse
000405581,2026-09-15,PEG200L-4L,"Polyethylene Glycol (PEG), 200, Lab Grade",Other Chemicals,1,,No,,,awaiting_shipment,Austin Warehouse,Warehouse
000405590,2026-09-15,,,,,,,,,awaiting_shipment,Austin Warehouse,Warehouse
187579,2025-05-21,C7506-55GAL,Sodium Bifluoride 3.7% solution,Solutions,4,,,,,on_hold,ATX Freight,Freight
220199,2026-02-04,Multiple products,Multiple products,,,,,,,on_hold,"Austin Warehouse, Roshan",Warehouse
000349689,2026-05-06,DCML-500ML,Dichloromethane (Methylene Chloride) Lab Grade,Other Chemicals,3,,Yes,,,on_hold,"Austin Warehouse, Restricted Chemical",Warehouse
000361317,2026-06-01,LA-032A1 (CS),32OZ Amber Boston Round 33-400,Lab Supplies,,,,,,on_hold,,
000402404,2026-09-08,EAF200-1PG,"Food Grade Ethanol, 200 Proof, Kosher, Halal",Pure Alcohols,1,,No,,,on_hold,Austin Warehouse,Warehouse
000405446,2026-09-15,,,,,,,,,on_hold,"PA, Restricted Chemical",
000405485,2026-09-15,CHLA-1L,Chloroform ≥99% ACS Reagent Grade,Other Chemicals,3,,Yes,,,on_hold,"Austin Warehouse, Restricted Chemical",Warehouse
000405509,2026-09-15,EAS40B190-1GAL,"SDA 40B Ethanol 190 Proof (95%), Kosher, Halal",Alcohols,1,,No,,,on_hold,"Austin Warehouse, Partial Restriction",Warehouse
000405539,2026-09-15,EAS40B200-1GAL,"SDA 40B Ethanol 200 Proof (100%), Kosher, Halal",Alcohols,1,,No,,,on_hold,"Austin Warehouse, Partial Restriction",Warehouse
000405584,2026-09-15,AANHA-5GAL,"Acetic Anhydride, ACS Grade",Acids,3,,Yes,,,on_hold,"Austin Warehouse, Restricted Chemical",Warehouse
000405587,2026-09-15,,,,,,,,,on_hold,"Austin Warehouse, Restricted Chemical",Warehouse
AMZN-000392102,2026-08-17,ACW325P-2LB,"Activated Carbon (Charcoal) Powder, Food Grade, Kosher, Halal, Wood Based",Granular,2,,Yes,650926104,2026-08-17,shipped,Austin Warehouse,Warehouse
000390965,2026-08-17,Multiple products,Multiple products,,,,,650926576,2026-08-17,shipped,"PA, Austin Warehouse, Split Order",Warehouse
000391076,2026-08-17,Multiple products,Multiple products,,,,,650932098,2026-08-17,shipped,"PA, Austin Warehouse, Split Order",Warehouse
AMZN-000392678,2026-08-17,EAP190-1QTCS,"Ethanol 190 Proof (95%) Non-Denatured Alcohol, USP/FCC Food Grade, Kosher, Halal",Pure Alcohols,1,,No,650977504,2026-08-17,shipped,Austin Warehouse,Warehouse
AMZN-000392357,2026-08-17,EAP190-1QTCS,"Ethanol 190 Proof (95%) Non-Denatured Alcohol, USP/FCC Food Grade, Kosher, Halal",Pure Alcohols,1,,No,650977670,2026-08-17,shipped,Austin Warehouse,Warehouse
AMZN-000392567,2026-08-17,EAP190-1QTCS,"Ethanol 190 Proof (95%) Non-Denatured Alcohol, USP/FCC Food Grade, Kosher, Halal",Pure Alcohols,1,,No,650977919,2026-08-17,shipped,Austin Warehouse,Warehouse
AMZN-000392657,2026-08-17,EAP190-1QTCS,"Ethanol 190 Proof (95%) Non-Denatured Alcohol, USP/FCC Food Grade, Kosher, Halal",Pure Alcohols,1,,No,650978099,2026-08-17,shipped,Austin Warehouse,Warehouse
AMZN-000392531,2026-08-17,EAP190-1QTCS,"Ethanol 190 Proof (95%) Non-Denatured Alcohol, USP/FCC Food Grade, Kosher, Halal",Pure Alcohols,1,,No,650978283,2026-08-17,shipped,Austin Warehouse,Warehouse
AMZN-000392534,2026-08-17,EAP190-1QTCS,"Ethanol 190 Proof (95%) Non-Denatured Alcohol, USP/FCC Food Grade, Kosher, Halal",Pure Alcohols,1,,No,650978459,2026-08-17,shipped,Austin Warehouse,Warehouse
AMZN-000392723,2026-08-17,EAP190-1QTCS,"Ethanol 190 Proof (95%) Non-Denatured Alcohol, USP/FCC Food Grade, Kosher, Halal",Pure Alcohols,1,,No,650978725,2026-08-17,shipped,Austin Warehouse,Warehouse
AMZN-000392438,2026-08-17,EAP190-1QTCS,"Ethanol 190 Proof (95%) Non-Denatured Alcohol, USP/FCC Food Grade, Kosher, Halal",Pure Alcohols,1,,No,650979061,2026-08-17,shipped,Austin Warehouse,Warehouse
AMZN-000392372,2026-08-17,EAP190-1QTCS,"Ethanol 190 Proof (95%) Non-Denatured Alcohol, USP/FCC Food Grade, Kosher, Halal",Pure Alcohols,1,,No,650979263,2026-08-17,shipped,Austin Warehouse,Warehouse
AMZN-000392735,2026-08-17,EAP190-1QTCS,"Ethanol 190 Proof (95%) Non-Denatured Alcohol, USP/FCC Food Grade, Kosher, Halal",Pure Alcohols,1,,No,650979477,2026-08-17,shipped,Austin Warehouse,Warehouse
AMZN-000392798,2026-08-17,EAP190-1QTCS,"Ethanol 190 Proof (95%) Non-Denatured Alcohol, USP/FCC Food Grade, Kosher, Halal",Pure Alcohols,1,,No,650979784,2026-08-17,shipped,Austin Warehouse,Warehouse
AMZN-000392501,2026-08-17,EAP190-1QTCS,"Ethanol 190 Proof (95%) Non-Denatured Alcohol, USP/FCC Food Grade, Kosher, Halal",Pure Alcohols,1,,No,650981844,2026-08-17,shipped,Austin Warehouse,Warehouse
AMZN-000392621,2026-08-17,EAOS190-1QTCS,"Organic Ethyl Alcohol, Sugar Cane, 190 Proof Kosher, Halal, FCC",Pure Alcohols,1,,No,650988253,2026-08-17,shipped,Austin Warehouse,Warehouse
AMZN-000392624,2026-08-17,EAOS190-1QTCS,"Organic Ethyl Alcohol, Sugar Cane, 190 Proof Kosher, Halal, FCC",Pure Alcohols,1,,No,650989218,2026-08-17,shipped,Austin Warehouse,Warehouse
AMZN-000392627,2026-08-17,EAOS190-1QTCS,"Organic Ethyl Alcohol, Sugar Cane, 190 Proof Kosher, Halal, FCC",Pure Alcohols,1,,No,650990294,2026-08-17,shipped,Austin Warehouse,Warehouse
AMZN-000392714,2026-08-17,EAOS190-1QTCS,"Organic Ethyl Alcohol, Sugar Cane, 190 Proof Kosher, Halal, FCC",Pure Alcohols,1,,No,650990560,2026-08-17,shipped,Austin Warehouse,Warehouse
AMZN-000392768,2026-08-17,EAOS190-1QTCS,"Organic Ethyl Alcohol, Sugar Cane, 190 Proof Kosher, Halal, FCC",Pure Alcohols,1,,No,650990741,2026-08-17,shipped,Austin Warehouse,Warehouse
AMZN-000392744,2026-08-17,EAOS190-1QTCS,"Organic Ethyl Alcohol, Sugar Cane, 190 Proof Kosher, Halal, FCC",Pure Alcohols,1,,No,650990931,2026-08-17,shipped,Austin Warehouse,Warehouse
AMZN-000392537,2026-08-17,EAOS190-1QTCS,"Organic Ethyl Alcohol, Sugar Cane, 190 Proof Kosher, Halal, FCC",Pure Alcohols,1,,No,650993623,2026-08-17,shipped,Austin Warehouse,Warehouse
AMZN-000392585,2026-08-17,EAOS190-1QTCS,"Organic Ethyl Alcohol, Sugar Cane, 190 Proof Kosher, Halal, FCC",Pure Alcohols,1,,No,650994321,2026-08-17,shipped,Austin Warehouse,Warehouse
AMZN-000392732,2026-08-17,EAP190-1L,"Ethanol 190 Proof (95%) Non-Denatured Alcohol, USP/FCC Food Grade, Kosher, Halal",Pure Alcohols,1,,No,650994900,2026-08-17,shipped,Austin Warehouse,Warehouse
AMZN-000392483,2026-08-17,EAP190-1L,"Ethanol 190 Proof (95%) Non-Denatured Alcohol, USP/FCC Food Grade, Kosher, Halal",Pure Alcohols,1,,No,650995311,2026-08-17,shipped,Austin Warehouse,Warehouse
AMZN-000392477,2026-08-17,EAOS190-1QTCS,"Organic Ethyl Alcohol, Sugar Cane, 190 Proof Kosher, Halal, FCC",Pure Alcohols,1,,No,650995378,2026-08-17,shipped,Austin Warehouse,Warehouse
AMZN-000392525,2026-08-17,EAP190-1L,"Ethanol 190 Proof (95%) Non-Denatured Alcohol, USP/FCC Food Grade, Kosher, Halal",Pure Alcohols,1,,No,650995613,2026-08-17,shipped,Austin Warehouse,Warehouse
AMZN-000392582,2026-08-17,HEL-1QT,"Heptane Lab Grade, 1 Gallon Total - 1 Quart",Other Chemicals,2,,No,650995765,2026-08-17,shipped,Austin Warehouse,Warehouse
AMZN-000392615,2026-08-17,ACW325P-5LB,"Activated Carbon (Charcoal) Powder, Food Grade, Kosher, Halal, Wood Based",Granular,2,,Yes,650996017,2026-08-17,shipped,Austin Warehouse,Warehouse
AMZN-000392699,2026-08-17,EAOS190-1QTCS,"Organic Ethyl Alcohol, Sugar Cane, 190 Proof Kosher, Halal, FCC",Pure Alcohols,1,,No,650996526,2026-08-17,shipped,Austin Warehouse,Warehouse
AMZN-000392441,2026-08-17,EAOS190-1QTCS,"Organic Ethyl Alcohol, Sugar Cane, 190 Proof Kosher, Halal, FCC",Pure Alcohols,1,,No,650996877,2026-08-17,shipped,Austin Warehouse,Warehouse
AMZN-000392684,2026-08-17,EAOS190-1QTCS,"Organic Ethyl Alcohol, Sugar Cane, 190 Proof Kosher, Halal, FCC",Pure Alcohols,1,,No,650997172,2026-08-17,shipped,Austin Warehouse,Warehouse
AMZN-000392198,2026-08-17,EAOS190-1QTCS,"Organic Ethyl Alcohol, Sugar Cane, 190 Proof Kosher, Halal, FCC",Pure Alcohols,1,,No,650997331,2026-08-17,shipped,Austin Warehouse,Warehouse
AMZN-000392465,2026-08-17,EAOS190-1QTCS,"Organic Ethyl Alcohol, Sugar Cane, 190 Proof Kosher, Halal, FCC",Pure Alcohols,1,,No,650997629,2026-08-17,shipped,Austin Warehouse,Warehouse
AMZN-000392765,2026-08-17,HEL-1QT,"Heptane Lab Grade, 1 Gallon Total - 1 Quart",Other Chemicals,2,,No,650998630,2026-08-17,shipped,Austin Warehouse,Warehouse
AMZN-000392648,2026-08-17,HEL-1QT,"Heptane Lab Grade, 1 Gallon Total - 1 Quart",Other Chemicals,2,,No,650999113,2026-08-17,shipped,Austin Warehouse,Warehouse
AMZN-000392762,2026-08-17,ACW325P-5LB,"Activated Carbon (Charcoal) Powder, Food Grade, Kosher, Halal, Wood Based",Granular,2,,Yes,650999962,2026-08-17,shipped,Austin Warehouse,Warehouse
AMZN-000392759,2026-08-17,EAP190-1L,"Ethanol 190 Proof (95%) Non-Denatured Alcohol, USP/FCC Food Grade, Kosher, Halal",Pure Alcohols,1,,No,651000375,2026-08-17,shipped,Austin Warehouse,Warehouse
AMZN-000392573,2026-08-17,PEG400F-1GAL,"Polyethylene Glycol (PEG) 400 Food Grade (FCC), Kosher, Halal",Other Chemicals,1,,No,651000702,2026-08-17,shipped,Austin Warehouse,Warehouse
AMZN-000392045,2026-08-17,HPF10-1GAL,"Hydrogen Peroxide 10% Solution, Food Grade, Kosher, Halal",Solutions,2,,No,651003629,2026-08-17,shipped,"Austin Warehouse, Restricted Combination - Hydrogen Peroxide",Warehouse
AMZN-000392795,2026-08-17,HEL-1QT,"Heptane Lab Grade, 1 Gallon Total - 1 Quart",Other Chemicals,2,,No,651004624,2026-08-17,shipped,Austin Warehouse,Warehouse
AMZN-000391589,2026-08-17,EGL-4L,Ethylene Glycol 99% Lab Grade,Other Chemicals,3,,No,651005802,2026-08-17,shipped,Austin Warehouse,Warehouse
000391157,2026-08-17,Multiple products,Multiple products,,,,,651007978,2026-08-17,shipped,"PA, Austin Warehouse, Split Order",Warehouse
000391205,2026-08-17,Multiple products,Multiple products,,,,,651010281,2026-08-17,shipped,"PA, Austin Warehouse, Split Order",Warehouse
000391250,2026-08-17,Multiple products,Multiple products,,,,,651019679,2026-08-17,shipped,Austin Warehouse,Warehouse
000391331,2026-08-17,Multiple products,Multiple products,,,,,651022244,2026-08-17,shipped,"Austin Warehouse, Roshan, Restricted Combination - Hydrogen Peroxide",Warehouse
000391343,2026-08-17,Multiple products,Multiple products,,,,,651024401,2026-08-17,shipped,Austin Warehouse,Warehouse
000391466,2026-08-17,Multiple products,Multiple products,,,,,651024944,2026-08-17,shipped,Austin Warehouse,Warehouse
000391595,2026-08-17,BZKNF50-1L,"Benzalkonium Chloride 50% Solution, NF Grade",Solutions,3,,No,651028092,2026-08-17,shipped,Austin Warehouse,Warehouse
000391697,2026-08-17,MERL-25g,"Mercury Metal, Lab Grade, 99.99% - 25g",Other Chemicals,3,,Yes,651028865,2026-08-17,shipped,"Austin Warehouse, Restricted Combination - Mercury, Partial Restriction",Warehouse
000391757,2026-08-17,Multiple products,Multiple products,Granular,,,,651036178,2026-08-17,shipped,Austin Warehouse,Warehouse
000391805,2026-08-17,SOCHLGL-12.5KG,"Sodium Chloride, Lab Grade",Granular,2,,Yes,651037008,2026-08-17,shipped,Austin Warehouse,Warehouse
000391835,2026-08-17,LAF88-1GAL,"Lactic Acid 88%, Food Grade (FCC), Kosher",Acids,4,,No,651037824,2026-08-17,shipped,Austin Warehouse,Warehouse
000391868,2026-08-17,Multiple products,Multiple products,,,,,651038264,2026-08-17,shipped,"Austin Warehouse, Restricted Combination - Mercury, Partial Restriction",Warehouse
000391886,2026-08-17,DMFL-1GAL,Dimethylformamide 99.8% Lab Grade,Other Chemicals,2,,No,651039327,2026-08-17,shipped,Austin Warehouse,Warehouse
000391940,2026-08-17,POSBGU-1LB,"Potassium Sorbate, USP/FCC, Kosher, Halal",Granular,3,,Yes,651040135,2026-08-17,shipped,Austin Warehouse,Warehouse
000391952,2026-08-17,EAS40B200-1L,"SDA 40B Ethanol 200 Proof (100%), Kosher, Halal",Alcohols,1,,No,651040645,2026-08-17,shipped,"Austin Warehouse, Partial Restriction",Warehouse
000392111,2026-08-17,55-GAL-WRENCH-BLUE,"4-in-1 Drum Wrench Opener, Non Sparking",Lab Supplies,,,,651043163,2026-08-17,shipped,Austin Warehouse,Warehouse
000392156,2026-08-17,EAF200-1L,"Food Grade Ethanol, 200 Proof, Kosher, Halal",Pure Alcohols,1,,No,651043448,2026-08-17,shipped,Austin Warehouse,Warehouse
000392174,2026-08-17,TRIX100-500ML,Triton X-100 Surfactant,Other Chemicals,3,,No,651053629,2026-08-17,shipped,Austin Warehouse,Warehouse
000391490,2026-08-17,SINIGL-100G,Silver Nitrate Crystal Lab Grade,Granular,Lab Tech,,Yes,651054181,2026-08-17,shipped,"Austin Warehouse, Roshan, Restricted Chemical",Warehouse
000392201,2026-08-17,Multiple products,Multiple products,,,,,651054736,2026-08-17,shipped,Austin Warehouse,Warehouse
000392249,2026-08-17,ETACL-500ML,Ethyl Acetate Lab Grade,Other Chemicals,2,,No,651056764,2026-08-17,shipped,Austin Warehouse,Warehouse
000392279,2026-08-17,IPAL99-500ML,Isopropyl Alcohol 99.8% Lab Grade,Alcohols,1,,No,651057863,2026-08-17,shipped,Austin Warehouse,Warehouse
AMZN-000388326-1,2026-08-17,Multiple products,Multiple products,,,,,651067293,2026-08-17,shipped,,
000392321,2026-08-17,AAF99-1L,"Acetic Acid Glacial 99% FCC/Food Grade, Kosher, Halal",Acids,4,,Yes,651068024,2026-08-17,shipped,Austin Warehouse,Warehouse
AMZN-000392354,2026-08-17,EAP190-1L,"Ethanol 190 Proof (95%) Non-Denatured Alcohol, USP/FCC Food Grade, Kosher, Halal",Pure Alcohols,1,,No,651068402,2026-08-17,shipped,Austin Warehouse,Warehouse
000392324,2026-08-17,HEL-1L,Heptane Lab Grade,Other Chemicals,2,,No,651068667,2026-08-17,shipped,Austin Warehouse,Warehouse
000391808,2026-08-17,MSS-1GAL,Stoddard Solvent Lab Grade,Other Chemicals,2,,No,651071891,2026-08-17,shipped,Austin Warehouse,Warehouse
000391826,2026-08-17,ACW325P-12KG,"Activated Carbon (Charcoal) Powder, Food Grade, Kosher, Halal, Wood Based",Granular,2,,Yes,651073096,2026-08-17,shipped,Austin Warehouse,Warehouse
000391976,2026-08-17,AMHA30-2.5L,"Ammonium Hydroxide 28-30% Solution, ACS Grade",Solutions,3,,Yes,651074797,2026-08-17,shipped,Austin Warehouse,Warehouse
000392051,2026-08-17,AMHA30-4L,"Ammonium Hydroxide 28-30% Solution, ACS Grade",Solutions,3,,Yes,651077163,2026-08-17,shipped,Austin Warehouse,Warehouse
000392069,2026-08-17,EAP190-500ML,"Ethanol 190 Proof (95%) Non-Denatured Alcohol, USP/FCC Food Grade, Kosher, Halal",Pure Alcohols,1,,No,651077443,2026-08-17,shipped,Austin Warehouse,Warehouse
000392210,2026-08-17,PEG400F-5GAL,"Polyethylene Glycol (PEG) 400 Food Grade (FCC), Kosher, Halal",Other Chemicals,1,,No,651088583,2026-08-17,shipped,Austin Warehouse,Warehouse
000392222,2026-08-17,NAA70-2.5L,"Nitric Acid 70%, ACS Reagent Grade",Acids,4,,Yes,651089201,2026-08-17,shipped,"Austin Warehouse, Restricted Combination - Nitric Acid",Warehouse
000392342,2026-08-17,PS80F-1GAL,"Polysorbate 80, Food Grade, Kosher, Halal",Other Chemicals,1,,No,651089643,2026-08-17,shipped,Austin Warehouse,Warehouse
000392351,2026-08-17,PEG400F-1L,"Polyethylene Glycol (PEG) 400 Food Grade (FCC), Kosher, Halal",Other Chemicals,1,,No,651090125,2026-08-17,shipped,Austin Warehouse,Warehouse
000392381,2026-08-17,EAP200-1PP,"Ethanol 200 Proof (100%) Undenatured Alcohol, USP/FCC Food Grade, Kosher, Halal",Pure Alcohols,1,,No,651090711,2026-08-17,shipped,Austin Warehouse,Warehouse
000392384,2026-08-17,AAF99-1L,"Acetic Acid Glacial 99% FCC/Food Grade, Kosher, Halal",Acids,4,,Yes,651091119,2026-08-17,shipped,Austin Warehouse,Warehouse
000392387,2026-08-17,EAP140-1L,"Ethanol 140 Proof (70%) Non-Denatured Alcohol, USP/FCC Food Grade, Kosher, Halal",Pure Alcohols,1,,No,651091403,2026-08-17,shipped,Austin Warehouse,Warehouse
000392444,2026-08-17,BZKNF50-500ML,"Benzalkonium Chloride 50% Solution, NF Grade",Solutions,3,,No,651091809,2026-08-17,shipped,Austin Warehouse,Warehouse
AMZN-000392504,2026-08-17,SOCHLGL-25KG,"Sodium Chloride, Lab Grade",Granular,2,,Yes,651092714,2026-08-17,shipped,Austin Warehouse,Warehouse
000392495,2026-08-17,Multiple products,Multiple products,,,,,651093141,2026-08-17,shipped,"PA, Austin Warehouse, Split Order",Warehouse
000391979,2026-08-17,Multiple products,Multiple products,,,,,651106444,2026-08-17,shipped,Austin Warehouse,Warehouse
000392048,2026-08-17,WALCMS-4L,"Water, LC/MS Grade",Other Chemicals,1,,Yes,651108957,2026-08-17,shipped,Austin Warehouse,Warehouse
AMZN-000392228,2026-08-17,Multiple products,Multiple products,,,,,651110284,2026-08-17,shipped,Austin Warehouse,Warehouse
000392261,2026-08-17,Multiple products,Multiple products,,,,,651110655,2026-08-17,shipped,"Austin Warehouse, Roshan",Warehouse
000392498,2026-08-17,HEHP-500ML,n-Heptane 99% High Purity Grade,Other Chemicals,2,,No,651125035,2026-08-17,shipped,Austin Warehouse,Warehouse
WMT000392612,2026-08-17,HPF30-1L,"Hydrogen Peroxide 30% Solution, Food Grade, Kosher, Halal",Solutions,2,,No,651112171,2026-08-17,shipped,"Austin Warehouse, Restricted Combination - Hydrogen Peroxide",Warehouse
000392618,2026-08-17,MERL-100g,"Mercury Metal, Lab Grade, 99.99% - 100g",Other Chemicals,3,,Yes,651112515,2026-08-17,shipped,"Austin Warehouse, Partial Restriction",Warehouse
000392660,2026-08-17,Multiple products,Multiple products,,,,,651112873,2026-08-17,shipped,"Austin Warehouse, Restricted Combination - Mercury, Partial Restriction",Warehouse
000392693,2026-08-17,FAL90-500ML,"Formic Acid 90% Solution, Lab Grade",Acids,4,,Yes,651113361,2026-08-17,shipped,Austin Warehouse,Warehouse
000392750,2026-08-17,EAS40B200-1L,"SDA 40B Ethanol 200 Proof (100%), Kosher, Halal",Alcohols,1,,No,651114319,2026-08-17,shipped,"Austin Warehouse, Partial Restriction",Warehouse
AMZN-000392771,2026-08-17,CAMCU-1LB,"Camphor, Crystals, USP Grade, Kosher",Granular,3,,Yes,651114652,2026-08-17,shipped,Austin Warehouse,Warehouse
000392804,2026-08-17,MSV-1GAL,Varsol Solvent,Other Chemicals,2,,No,651115307,2026-08-17,shipped,Austin Warehouse,Warehouse
000392873,2026-08-17,EAF200-1L,"Food Grade Ethanol, 200 Proof, Kosher, Halal",Pure Alcohols,1,,No,651116670,2026-08-17,shipped,Austin Warehouse,Warehouse
000392888,2026-08-17,EAP200-1L,"Ethanol 200 Proof (100%) Undenatured Alcohol, USP/FCC Food Grade, Kosher, Halal",Pure Alcohols,1,,No,651117363,2026-08-17,shipped,Austin Warehouse,Warehouse
AMZN-000392930,2026-08-17,EAOS190-1QTCS,"Organic Ethyl Alcohol, Sugar Cane, 190 Proof Kosher, Halal, FCC",Pure Alcohols,1,,No,651117670,2026-08-17,shipped,Austin Warehouse,Warehouse
AMZN-000392981,2026-08-17,MAL-1QT,Methanol 99.85% Lab Grade - 1 Quart,Alcohols,2,,No,651118097,2026-08-17,shipped,Austin Warehouse,Warehouse
000392954,2026-08-17,EAF200-1L,"Food Grade Ethanol, 200 Proof, Kosher, Halal",Pure Alcohols,1,,No,651118431,2026-08-17,shipped,Austin Warehouse,Warehouse
000392975,2026-08-17,AMHL30-2.5L,"Ammonium Hydroxide 27-30% Solution, Lab Grade",Solutions,3,,Yes,651118886,2026-08-17,shipped,Austin Warehouse,Warehouse
AMZN-000393032,2026-08-17,EAP190-1L,"Ethanol 190 Proof (95%) Non-Denatured Alcohol, USP/FCC Food Grade, Kosher, Halal",Pure Alcohols,1,,No,651119390,2026-08-17,shipped,Austin Warehouse,Warehouse
000393008,2026-08-17,EGL-1GAL,Ethylene Glycol 99% Lab Grade,Other Chemicals,3,,No,651120020,2026-08-17,shipped,Austin Warehouse,Warehouse
000393020,2026-08-17,BZALCF-1GAL,Benzyl Alcohol NF/FCC Grade,Alcohols,2,,No,651120250,2026-08-17,shipped,Austin Warehouse,Warehouse
000393029,2026-08-17,IPAU99-1L,"Isopropyl Alcohol 99.8% USP Grade, Kosher, Halal",Alcohols,1,,No,651120509,2026-08-17,shipped,Austin Warehouse,Warehouse
000393074,2026-08-17,MCTC-1L,"MCT Oil Coconut Based USP/FCC/Food Grade, Kosher, Halal",Other Chemicals,1,,No,651121016,2026-08-17,shipped,Austin Warehouse,Warehouse
AMZN-000393053,2026-08-17,EAOS190-1QTCS,"Organic Ethyl Alcohol, Sugar Cane, 190 Proof Kosher, Halal, FCC",Pure Alcohols,1,,No,651121612,2026-08-17,shipped,Austin Warehouse,Warehouse
000391493,2026-08-17,MAHYGL-2.5KG,"Magnesium Hydroxide, Lab Grade",Granular,3,,Yes,651182414,2026-08-17,shipped,Austin Warehouse,Warehouse
000391496,2026-08-17,POSUGA-2.5KG,"Potassium Sulfate, ACS Grade",Granular,3,,Yes,651182617,2026-08-17,shipped,Austin Warehouse,Warehouse
000391547,2026-08-18,EDTA1M-4L,"EDTA Disodium 1.0M Solution, Reagent Grade",Solutions,Lab Tech,,Yes,651244722,2026-08-18,shipped,"Austin Warehouse, Roshan",Warehouse
000391748,2026-08-18,Multiple products,Multiple products,,,,,651246199,2026-08-18,shipped,Austin Warehouse,Warehouse
AMZN-000392081,2026-08-18,SHCN125-1QT,Sodium Hypochlorite 12.5% Solution - 1 Quart,Solutions,3,,No,651252310,2026-08-18,shipped,Austin Warehouse,Warehouse
WMT000392681,2026-08-18,HPF30-1L,"Hydrogen Peroxide 30% Solution, Food Grade, Kosher, Halal",Solutions,2,,No,651252585,2026-08-18,shipped,"Austin Warehouse, Restricted Combination - Hydrogen Peroxide",Warehouse
AMZN-000393422,2026-08-18,EAP190-1L,"Ethanol 190 Proof (95%) Non-Denatured Alcohol, USP/FCC Food Grade, Kosher, Halal",Pure Alcohols,1,,No,651252735,2026-08-18,shipped,Austin Warehouse,Warehouse
AMZN-000393383,2026-08-18,EAOS190-1L,"Organic Ethyl Alcohol, Sugar Cane, 190 Proof Kosher, Halal, FCC",Pure Alcohols,1,,No,651253059,2026-08-18,shipped,Austin Warehouse,Warehouse
AMZN-000393380,2026-08-18,EAOS190-1L,"Organic Ethyl Alcohol, Sugar Cane, 190 Proof Kosher, Halal, FCC",Pure Alcohols,1,,No,651253210,2026-08-18,shipped,Austin Warehouse,Warehouse
AMZN-000393227,2026-08-18,EAP190-1QTCS,"Ethanol 190 Proof (95%) Non-Denatured Alcohol, USP/FCC Food Grade, Kosher, Halal",Pure Alcohols,1,,No,651253681,2026-08-18,shipped,Austin Warehouse,Warehouse
AMZN-000393158,2026-08-18,EAP190-1QTCS,"Ethanol 190 Proof (95%) Non-Denatured Alcohol, USP/FCC Food Grade, Kosher, Halal",Pure Alcohols,1,,No,651254244,2026-08-18,shipped,Austin Warehouse,Warehouse
AMZN-000393362,2026-08-18,EAP190-1QTCS,"Ethanol 190 Proof (95%) Non-Denatured Alcohol, USP/FCC Food Grade, Kosher, Halal",Pure Alcohols,1,,No,651254429,2026-08-18,shipped,Austin Warehouse,Warehouse
000392333,2026-08-18,EAS40B200-1L,"SDA 40B Ethanol 200 Proof (100%), Kosher, Halal",Alcohols,1,,No,651257621,2026-08-18,shipped,"Austin Warehouse, Partial Restriction",Warehouse
AMZN-000393359,2026-08-18,EAP190-1L,"Ethanol 190 Proof (95%) Non-Denatured Alcohol, USP/FCC Food Grade, Kosher, Halal",Pure Alcohols,1,,No,651258632,2026-08-18,shipped,Austin Warehouse,Warehouse
AMZN-000392978,2026-08-18,CTALF-1GAL,"Citric Acid 50% Solution, FCC/Food Grade, Kosher, Halal",Solutions,4,,No,651260158,2026-08-18,shipped,Austin Warehouse,Warehouse
AMZN-000393275,2026-08-18,EAP190-1L,"Ethanol 190 Proof (95%) Non-Denatured Alcohol, USP/FCC Food Grade, Kosher, Halal",Pure Alcohols,1,,No,651260711,2026-08-18,shipped,Austin Warehouse,Warehouse
000391802,2026-08-18,Multiple products,"Caffeine Powder, USP/FCC/Food Grade, Kosher, Halal",Granular,,,,651261659,2026-08-18,shipped,Austin Warehouse,Warehouse
000391844,2026-08-18,CAOXGL-2.5KG,"Calcium Oxide Powder, Lab Grade",Granular,3,,Yes,651263319,2026-08-18,shipped,Austin Warehouse,Warehouse
000391889,2026-08-18,Multiple products,Multiple products,,,,,651263514,2026-08-18,shipped,Austin Warehouse,Warehouse
000392033,2026-08-18,Multiple products,Multiple products,Other Chemicals,,,,651264490,2026-08-18,shipped,Austin Warehouse,Warehouse
000392213,2026-08-18,TCAACLA85-1OZ,"Trichloroacetic Acid, 85%",Acids,3,,Yes,651268153,2026-08-18,shipped,Austin Warehouse,Warehouse
AMZN-000393230,2026-08-18,EAOS190-1QTCS,"Organic Ethyl Alcohol, Sugar Cane, 190 Proof Kosher, Halal, FCC",Pure Alcohols,1,,No,651277986,2026-08-18,shipped,Austin Warehouse,Warehouse
AMZN-000393176,2026-08-18,EAOS190-1QTCS,"Organic Ethyl Alcohol, Sugar Cane, 190 Proof Kosher, Halal, FCC",Pure Alcohols,1,,No,651278319,2026-08-18,shipped,Austin Warehouse,Warehouse
AMZN-000393131,2026-08-18,EAOS190-1QTCS,"Organic Ethyl Alcohol, Sugar Cane, 190 Proof Kosher, Halal, FCC",Pure Alcohols,1,,No,651278596,2026-08-18,shipped,Austin Warehouse,Warehouse
000393485,2026-08-18,EAOS190-1QTCS,"Organic Ethyl Alcohol, Sugar Cane, 190 Proof Kosher, Halal, FCC",Pure Alcohols,1,,No,651278980,2026-08-18,shipped,Austin Warehouse,Warehouse
000392345,2026-08-18,EAS40B200-500ML,"SDA 40B Ethanol 200 Proof (100%), Kosher, Halal",Alcohols,1,,No,651299906,2026-08-18,shipped,"Austin Warehouse, Partial Restriction",Warehouse
000392360,2026-08-18,HPF25-500ML,"Hydrogen Peroxide 25% Solution, Food Grade, Kosher, Halal",Solutions,2,,No,651301780,2026-08-18,shipped,"Austin Warehouse, Restricted Combination - Hydrogen Peroxide",Warehouse
000392366,2026-08-18,Multiple products,Multiple products,,,,,651302234,2026-08-18,shipped,"Austin Warehouse, Roshan",Warehouse
000392426,2026-08-18,TCAACLA85-1OZ,"Trichloroacetic Acid, 85%",Acids,3,,Yes,651302440,2026-08-18,shipped,Austin Warehouse,Warehouse
000392432,2026-08-18,EAS40B200-1L,"SDA 40B Ethanol 200 Proof (100%), Kosher, Halal",Alcohols,1,,No,651302685,2026-08-18,shipped,"Austin Warehouse, Partial Restriction",Warehouse
000392474,2026-08-18,MCTOC-500ML,"Organic MCT Oil, Kosher, Halal, USP/FCC",Other Chemicals,1,,No,651303149,2026-08-18,shipped,Austin Warehouse,Warehouse
000392492,2026-08-18,HPL10-1L,"Hydrogen Peroxide 10% Solution, Lab Grade",Solutions,2,,No,651303508,2026-08-18,shipped,"Austin Warehouse, Restricted Combination - Hydrogen Peroxide",Warehouse
000392570,2026-08-18,Multiple products,Multiple products,Solutions,,,,651304263,2026-08-18,shipped,"Austin Warehouse, Restricted Combination - Hydrogen Peroxide",Warehouse
000392639,2026-08-18,NMPL-4L,"NMP, 1-Methyl-2-Pyrrolidone, Lab Grade",Other Chemicals,2,,No,651304424,2026-08-18,shipped,Austin Warehouse,Warehouse
000392663,2026-08-18,HPF30-1L,"Hydrogen Peroxide 30% Solution, Food Grade, Kosher, Halal",Solutions,2,,No,651304663,2026-08-18,shipped,"Austin Warehouse, Restricted Combination - Hydrogen Peroxide",Warehouse
000392756,2026-08-18,NMPL-4L,"NMP, 1-Methyl-2-Pyrrolidone, Lab Grade",Other Chemicals,2,,No,651305328,2026-08-18,shipped,Austin Warehouse,Warehouse
000392780,2026-08-18,MCTOC-4L,"Organic MCT Oil, Kosher, Halal, USP/FCC",Other Chemicals,1,,No,651306015,2026-08-18,shipped,Austin Warehouse,Warehouse
WMT000392849,2026-08-18,HPF30-1L,"Hydrogen Peroxide 30% Solution, Food Grade, Kosher, Halal",Solutions,2,,No,651311452,2026-08-18,shipped,"Austin Warehouse, Restricted Combination - Hydrogen Peroxide",Warehouse
000393110,2026-08-18,MAL-1L,Methanol 99.85% Lab Grade,Alcohols,2,,No,651312202,2026-08-18,shipped,Austin Warehouse,Warehouse
000393113,2026-08-18,SUAA96-1L,"Sulfuric Acid 96% ACS Reagent Grade Solution (95-98%, Concentrated H2SO4)",Acids,4,,Yes,651312442,2026-08-18,shipped,Austin Warehouse,Warehouse
000393128,2026-08-18,MOLLU-1GAL,"Light Mineral Oil, USP Grade, Kosher, Halal",Other Chemicals,1,,No,651313005,2026-08-18,shipped,Austin Warehouse,Warehouse
000393203,2026-08-18,HEL-1L,Heptane Lab Grade,Other Chemicals,2,,No,651313608,2026-08-18,shipped,Austin Warehouse,Warehouse
000391688,2026-08-18,Multiple products,Multiple products,,,,,651321282,2026-08-18,shipped,Austin Warehouse,Warehouse
000393284,2026-08-18,NMPL-1L,"NMP, 1-Methyl-2-Pyrrolidone, Lab Grade",Other Chemicals,2,,No,651348211,2026-08-18,shipped,Austin Warehouse,Warehouse
000393299,2026-08-18,EAP140-500ML,"Ethanol 140 Proof (70%) Non-Denatured Alcohol, USP/FCC Food Grade, Kosher, Halal",Pure Alcohols,1,,No,651348885,2026-08-18,shipped,Austin Warehouse,Warehouse
000392192,2026-08-18,Multiple products,Multiple products,,,,,651362645,2026-08-18,shipped,"PA, Austin Warehouse, Split Order, Roshan",Warehouse
000392303,2026-08-18,GLF-1GAL,"Glycerin 99% USP/NF/FCC/Food Grade, Kosher, Halal",Other Chemicals,1,,No,651363252,2026-08-18,shipped,"Austin Warehouse, Restricted Combination - Glycerin",Warehouse
000392462,2026-08-18,TOLA-1L,Toluene ACS Grade,Other Chemicals,2,,Yes,651364119,2026-08-18,shipped,"Austin Warehouse, Restricted Chemical",Warehouse
000393341,2026-08-18,Multiple products,Multiple products,,,,,651365297,2026-08-18,shipped,"PA, Austin Warehouse, Split Order",Warehouse
000392576,2026-08-18,EAS40B190-500ML,"SDA 40B Ethanol 190 Proof (95%), Kosher, Halal",Alcohols,1,,No,651371834,2026-08-18,shipped,"Austin Warehouse, Partial Restriction",Warehouse
000392651,2026-08-18,POHYSA1N-500ML,"Potassium Hydroxide 1N Solution, Reagent Grade",Solutions,Lab Tech,,Yes,651372011,2026-08-18,shipped,"Austin Warehouse, Roshan",Warehouse
000392720,2026-08-18,GLF-1GAL,"Glycerin 99% USP/NF/FCC/Food Grade, Kosher, Halal",Other Chemicals,1,,No,651372417,2026-08-18,shipped,"Austin Warehouse, Restricted Combination - Glycerin",Warehouse
000393356,2026-08-18,MCTS-5GAL,"MCT Oil, Derived from Palm, Kosher",Other Chemicals,1,,No,651374749,2026-08-18,shipped,Austin Warehouse,Warehouse
000393368,2026-08-18,TCAACLA85-1OZ,"Trichloroacetic Acid, 85%",Acids,3,,Yes,651374991,2026-08-18,shipped,Austin Warehouse,Warehouse
AMZN-000393482,2026-08-18,EAOS190-1L,"Organic Ethyl Alcohol, Sugar Cane, 190 Proof Kosher, Halal, FCC",Pure Alcohols,1,,No,651375547,2026-08-18,shipped,Austin Warehouse,Warehouse
AMZN-000393488,2026-08-18,EAP190-1L,"Ethanol 190 Proof (95%) Non-Denatured Alcohol, USP/FCC Food Grade, Kosher, Halal",Pure Alcohols,1,,No,651375674,2026-08-18,shipped,Austin Warehouse,Warehouse
000393470,2026-08-18,EAP190-500ML,"Ethanol 190 Proof (95%) Non-Denatured Alcohol, USP/FCC Food Grade, Kosher, Halal",Pure Alcohols,1,,No,651376006,2026-08-18,shipped,Austin Warehouse,Warehouse
000393473,2026-08-18,NMPA-1GAL,"NMP, 1-Methyl-2-Pyrrolidone, ACS Grade",Other Chemicals,2,,No,651376427,2026-08-18,shipped,Austin Warehouse,Warehouse
000393491,2026-08-18,EGL-1GAL,Ethylene Glycol 99% Lab Grade,Other Chemicals,3,,No,651376525,2026-08-18,shipped,Austin Warehouse,Warehouse
AMZN-000393530,2026-08-18,MCTC-1GAL,"MCT Oil Coconut Based USP/FCC/Food Grade, Kosher, Halal",Other Chemicals,1,,No,651376654,2026-08-18,shipped,Austin Warehouse,Warehouse
000393575,2026-08-18,GLF-4L,"Glycerin 99% USP/NF/FCC/Food Grade, Kosher, Halal",Other Chemicals,1,,No,651376998,2026-08-18,shipped,"Austin Warehouse, Restricted Combination - Glycerin",Warehouse
000393584,2026-08-18,Multiple products,Multiple products,,,,,651377115,2026-08-18,shipped,Austin Warehouse,Warehouse
000393590,2026-08-18,EAP200-1PP,"Ethanol 200 Proof (100%) Undenatured Alcohol, USP/FCC Food Grade, Kosher, Halal",Pure Alcohols,1,,No,651377215,2026-08-18,shipped,Austin Warehouse,Warehouse
000393608,2026-08-18,EAF200-1L,"Food Grade Ethanol, 200 Proof, Kosher, Halal",Pure Alcohols,1,,No,651377350,2026-08-18,shipped,Austin Warehouse,Warehouse
000393680,2026-08-18,EAP200-1PP,"Ethanol 200 Proof (100%) Undenatured Alcohol, USP/FCC Food Grade, Kosher, Halal",Pure Alcohols,1,,No,651377703,2026-08-18,shipped,Austin Warehouse,Warehouse
000393698,2026-08-18,BZALCF-500ML,Benzyl Alcohol NF/FCC Grade,Alcohols,2,,No,651377828,2026-08-18,shipped,Austin Warehouse,Warehouse
WMT000393371,2026-08-18,HPF30-1L,"Hydrogen Peroxide 30% Solution, Food Grade, Kosher, Halal",Solutions,2,,No,651390737,2026-08-18,shipped,"Austin Warehouse, Restricted Combination - Hydrogen Peroxide",Warehouse
AMZN-000393758,2026-08-18,EAOS190-1QTCS,"Organic Ethyl Alcohol, Sugar Cane, 190 Proof Kosher, Halal, FCC",Pure Alcohols,1,,No,651391601,2026-08-18,shipped,Austin Warehouse,Warehouse
AMZN-000393377,2026-08-18,ETACA-1QT,"Ethyl Acetate 99.5% ACS Grade, 1 Quart",Other Chemicals,2,,No,651395431,2026-08-18,shipped,Austin Warehouse,Warehouse
000391982,2026-08-18,CTAGF-1KG,"Citric Acid, Anhydrous, Granular, USP/FCC/Food Grade, Kosher, Halal",Granular,3,,Yes,651395588,2026-08-18,shipped,Austin Warehouse,Warehouse
AMZN-000392897,2026-08-18,EGL-5GAL,Ethylene Glycol 99% Lab Grade,Other Chemicals,3,,No,651395924,2026-08-18,shipped,Austin Warehouse,Warehouse
AMZN-000392828,2026-08-18,SUPREPU-2LB,Lab Alley Precipitated Sulfur Powder 99.5% USP Grade,Granular,3,,Yes,651396245,2026-08-18,shipped,Austin Warehouse,Warehouse
AMZN-000393065,2026-08-18,Multiple products,Multiple products,,,,,651397933,2026-08-18,shipped,Austin Warehouse,Warehouse
000391955,2026-08-18,CASTGU-1KG,"Calcium Stearate, USP/FCC Grade",Granular,2,,Yes,651402103,2026-08-18,shipped,Austin Warehouse,Warehouse
000392027,2026-08-18,Multiple products,Multiple products,,,,,651402433,2026-08-18,shipped,"PA, Austin Warehouse, Split Order",Warehouse
000392267,2026-08-18,Multiple products,Multiple products,,,,,651403129,2026-08-18,shipped,Austin Warehouse,Warehouse
000392273,2026-08-18,Multiple products,Multiple products,,,,,651403726,2026-08-18,shipped,Austin Warehouse,Warehouse
000392375,2026-08-18,ACCL80-325P-12KG,"Activated Carbon (Charcoal) Powder, Food Grade, Kosher, Coal Based",Granular,2,,Yes,651404449,2026-08-18,shipped,Austin Warehouse,Warehouse
000392402,2026-08-18,ASAPU-1KG,"Ascorbic Acid Powder, USP/Food Grade (FCC), Kosher, Halal",Granular,2,,Yes,651404727,2026-08-18,shipped,Austin Warehouse,Warehouse
000368175-1,2026-08-18,Multiple products,Multiple products,,,,,651405422,2026-08-18,shipped,Austin Warehouse,Warehouse
000392522,2026-08-18,MACIGU-12.5KG,"Magnesium Citrate, USP/FCC Grade",Granular,3,,Yes,651405653,2026-08-18,shipped,Austin Warehouse,Warehouse
000392717,2026-08-18,Multiple products,Multiple products,,,,,651412877,2026-08-18,shipped,"Austin Warehouse, Partial Restriction",Warehouse
000392519,2026-08-18,PONPM-1LB,"Potassium Nitrate Powder, USP/ACS/FCC Grade",Granular,3,,Yes,651413009,2026-08-18,shipped,Austin Warehouse,Warehouse
000391958,2026-08-18,CAOLL-1GAL,"Castor Oil, Cold Pressed, Lab Grade",Other Chemicals,1,,No,651413249,2026-08-18,shipped,Austin Warehouse,Warehouse
000392327,2026-08-18,TCEL-500ML,Trichloroethylene ≥99.5% Lab Grade,Other Chemicals,3,,Yes,651414147,2026-08-18,shipped,Austin Warehouse,Warehouse
000392480,2026-08-18,TCAACL99-100G,"Trichloroacetic Acid 99%, Crystals, Lab Grade",Granular,3,,Yes,651414330,2026-08-18,shipped,Austin Warehouse,Warehouse
000392507,2026-08-18,Multiple products,Multiple products,,,,,651414588,2026-08-18,shipped,Austin Warehouse,Warehouse
000392864,2026-08-18,HPL3-1L,"Hydrogen Peroxide 3% Solution, Lab Grade",Solutions,2,,No,651415184,2026-08-18,shipped,"Austin Warehouse, Restricted Combination - Hydrogen Peroxide",Warehouse
000392876,2026-08-18,Multiple products,"Organic MCT Oil, Kosher, Halal, USP/FCC",Other Chemicals,,,,651415634,2026-08-18,shipped,Austin Warehouse,Warehouse
000392882,2026-08-18,ACCL80-325P-12KG,"Activated Carbon (Charcoal) Powder, Food Grade, Kosher, Coal Based",Granular,2,,Yes,651416027,2026-08-18,shipped,Austin Warehouse,Warehouse
000392915,2026-08-18,MESLM-4L,"Methyl Salicylate 99% USP/NF/FCC Grade, Kosher, Halal",Other Chemicals,3,,Yes,651416192,2026-08-18,shipped,Austin Warehouse,Warehouse
000392987,2026-08-18,SHCN5-500ML,Sodium Hypochlorite 5% Solution,Solutions,3,,No,651417209,2026-08-18,shipped,Austin Warehouse,Warehouse
000393083,2026-08-18,HPL30-500ML,"Hydrogen Peroxide 30% Solution, Lab Grade",Solutions,2,,No,651417634,2026-08-18,shipped,"Austin Warehouse, Restricted Combination - Hydrogen Peroxide",Warehouse
000393194,2026-08-18,Multiple products,Multiple products,,,,,651417792,2026-08-18,shipped,Austin Warehouse,Warehouse
000393239,2026-08-18,SHCN125-500ML,Sodium Hypochlorite 12.5% Solution,Solutions,3,,No,651418082,2026-08-18,shipped,"PA, Austin Warehouse, Split Order",Warehouse
000393314,2026-08-18,SUPREPU-5KG,Precipitated Sulfur Powder 99.5% USP Grade,Granular,3,,Yes,651418243,2026-08-18,shipped,Austin Warehouse,Warehouse
000393320,2026-08-18,Multiple products,Multiple products,Acids,,,,651418455,2026-08-18,shipped,Austin Warehouse,Warehouse
000393347,2026-08-18,HPL3-500ML,"Hydrogen Peroxide 3% Solution, Lab Grade",Solutions,2,,No,651418626,2026-08-18,shipped,"Austin Warehouse, Restricted Combination - Hydrogen Peroxide",Warehouse
000392540,2026-08-18,MAGSUGU-1KG,"Magnesium Sulfate Crystals, USP Grade, Kosher",Granular,2,,Yes,651428059,2026-08-18,shipped,Austin Warehouse,Warehouse
000392564,2026-08-18,OXAGL-1LB,"Oxalic Acid Crystals, Lab Grade",Granular,3,,Yes,651428150,2026-08-18,shipped,Austin Warehouse,Warehouse
000393005,2026-08-18,Multiple products,Multiple products,,,,,651428390,2026-08-18,shipped,Austin Warehouse,Warehouse
000393056,2026-08-18,Multiple products,Multiple products,,,,,651428546,2026-08-18,shipped,Austin Warehouse,Warehouse
AMZN-000394034,2026-08-19,EAP190-1L,"Ethanol 190 Proof (95%) Non-Denatured Alcohol, USP/FCC Food Grade, Kosher, Halal",Pure Alcohols,1,,No,651488410,2026-08-19,shipped,Austin Warehouse,Warehouse
AMZN-000394007,2026-08-19,EAP190-1L,"Ethanol 190 Proof (95%) Non-Denatured Alcohol, USP/FCC Food Grade, Kosher, Halal",Pure Alcohols,1,,No,651488529,2026-08-19,shipped,Austin Warehouse,Warehouse
AMZN-000393854,2026-08-19,EAP190-1L,"Ethanol 190 Proof (95%) Non-Denatured Alcohol, USP/FCC Food Grade, Kosher, Halal",Pure Alcohols,1,,No,651488758,2026-08-19,shipped,Austin Warehouse,Warehouse
AMZN-000393944,2026-08-19,HEL-1QT,"Heptane Lab Grade, 1 Gallon Total - 1 Quart",Other Chemicals,2,,No,651489367,2026-08-19,shipped,Austin Warehouse,Warehouse
AMZN-000393638,2026-08-19,EAP190-1QTCS,"Ethanol 190 Proof (95%) Non-Denatured Alcohol, USP/FCC Food Grade, Kosher, Halal",Pure Alcohols,1,,No,651490134,2026-08-19,shipped,Austin Warehouse,Warehouse
AMZN-000393656,2026-08-19,EAP190-1QTCS,"Ethanol 190 Proof (95%) Non-Denatured Alcohol, USP/FCC Food Grade, Kosher, Halal",Pure Alcohols,1,,No,651490844,2026-08-19,shipped,Austin Warehouse,Warehouse
AMZN-000393671,2026-08-19,EAP190-1QTCS,"Ethanol 190 Proof (95%) Non-Denatured Alcohol, USP/FCC Food Grade, Kosher, Halal",Pure Alcohols,1,,No,651491248,2026-08-19,shipped,Austin Warehouse,Warehouse
AMZN-000393692,2026-08-19,EAP190-1QTCS,"Ethanol 190 Proof (95%) Non-Denatured Alcohol, USP/FCC Food Grade, Kosher, Halal",Pure Alcohols,1,,No,651491422,2026-08-19,shipped,Austin Warehouse,Warehouse
AMZN-000393947,2026-08-19,EAP190-1QTCS,"Ethanol 190 Proof (95%) Non-Denatured Alcohol, USP/FCC Food Grade, Kosher, Halal",Pure Alcohols,1,,No,651491714,2026-08-19,shipped,Austin Warehouse,Warehouse
AMZN-000393965,2026-08-19,EAP190-1QTCS,"Ethanol 190 Proof (95%) Non-Denatured Alcohol, USP/FCC Food Grade, Kosher, Halal",Pure Alcohols,1,,No,651492487,2026-08-19,shipped,Austin Warehouse,Warehouse
AMZN-000393983,2026-08-19,EAP190-1QTCS,"Ethanol 190 Proof (95%) Non-Denatured Alcohol, USP/FCC Food Grade, Kosher, Halal",Pure Alcohols,1,,No,651492608,2026-08-19,shipped,Austin Warehouse,Warehouse
AMZN-000393995,2026-08-19,EAP190-1QTCS,"Ethanol 190 Proof (95%) Non-Denatured Alcohol, USP/FCC Food Grade, Kosher, Halal",Pure Alcohols,1,,No,651492896,2026-08-19,shipped,Austin Warehouse,Warehouse
AMZN-000393605,2026-08-19,EAOS190-1QTCS,"Organic Ethyl Alcohol, Sugar Cane, 190 Proof Kosher, Halal, FCC",Pure Alcohols,1,,No,651493299,2026-08-19,shipped,Austin Warehouse,Warehouse
000393980,2026-08-19,EAOS190-1QTCS,"Organic Ethyl Alcohol, Sugar Cane, 190 Proof Kosher, Halal, FCC",Pure Alcohols,1,,No,651493601,2026-08-19,shipped,Austin Warehouse,Warehouse
AMZN-000393986,2026-08-19,EAOS190-1QTCS,"Organic Ethyl Alcohol, Sugar Cane, 190 Proof Kosher, Halal, FCC",Pure Alcohols,1,,No,651494231,2026-08-19,shipped,Austin Warehouse,Warehouse
AMZN-000394037,2026-08-19,EAOS190-1QTCS,"Organic Ethyl Alcohol, Sugar Cane, 190 Proof Kosher, Halal, FCC",Pure Alcohols,1,,No,651494677,2026-08-19,shipped,Austin Warehouse,Warehouse
AMZN-000394043,2026-08-19,EAOS190-1QTCS,"Organic Ethyl Alcohol, Sugar Cane, 190 Proof Kosher, Halal, FCC",Pure Alcohols,1,,No,651494902,2026-08-19,shipped,Austin Warehouse,Warehouse
000391964,2026-08-19,PEG3350GU-500G,"Polyethylene Glycol (PEG) 3350, Granular, USP Grade, Kosher",Granular,2,,Yes,651495953,2026-08-19,shipped,Austin Warehouse,Warehouse
AMZN-000394046,2026-08-19,EAOS190-1QTCS,"Organic Ethyl Alcohol, Sugar Cane, 190 Proof Kosher, Halal, FCC",Pure Alcohols,1,,No,651496080,2026-08-19,shipped,Austin Warehouse,Warehouse
000391970,2026-08-19,PEG3350GU-2.5KG,"Polyethylene Glycol (PEG) 3350, Granular, USP Grade, Kosher",Granular,2,,Yes,651503914,2026-08-19,shipped,Austin Warehouse,Warehouse
AMZN-000394211,2026-08-19,EAP190-1QTCS,"Ethanol 190 Proof (95%) Non-Denatured Alcohol, USP/FCC Food Grade, Kosher, Halal",Pure Alcohols,1,,No,651522058,2026-08-19,shipped,Austin Warehouse,Warehouse
AMZN-000394229,2026-08-19,EAP190-1QTCS,"Ethanol 190 Proof (95%) Non-Denatured Alcohol, USP/FCC Food Grade, Kosher, Halal",Pure Alcohols,1,,No,651522238,2026-08-19,shipped,Austin Warehouse,Warehouse
AMZN-000394112,2026-08-19,EAP190-1QTCS,"Ethanol 190 Proof (95%) Non-Denatured Alcohol, USP/FCC Food Grade, Kosher, Halal",Pure Alcohols,1,,No,651522456,2026-08-19,shipped,Austin Warehouse,Warehouse
AMZN-000394064,2026-08-19,EAOS190-1QTCS,"Organic Ethyl Alcohol, Sugar Cane, 190 Proof Kosher, Halal, FCC",Pure Alcohols,1,,No,651522696,2026-08-19,shipped,Austin Warehouse,Warehouse
AMZN-000394076,2026-08-19,EAP190-1QTCS,"Ethanol 190 Proof (95%) Non-Denatured Alcohol, USP/FCC Food Grade, Kosher, Halal",Pure Alcohols,1,,No,651522988,2026-08-19,shipped,Austin Warehouse,Warehouse
AMZN-000394097,2026-08-19,EAP190-1QTCS,"Ethanol 190 Proof (95%) Non-Denatured Alcohol, USP/FCC Food Grade, Kosher, Halal",Pure Alcohols,1,,No,651523160,2026-08-19,shipped,Austin Warehouse,Warehouse
AMZN-000394022,2026-08-19,EAP190-1QTCS,"Ethanol 190 Proof (95%) Non-Denatured Alcohol, USP/FCC Food Grade, Kosher, Halal",Pure Alcohols,1,,No,651523419,2026-08-19,shipped,Austin Warehouse,Warehouse
AMZN-000394028,2026-08-19,HEL-1QT,"Heptane Lab Grade, 1 Gallon Total - 1 Quart",Other Chemicals,2,,No,651528029,2026-08-19,shipped,Austin Warehouse,Warehouse
000394226,2026-08-19,POHYSL40-1L,"Potassium Hydroxide, 40% Solution, Lab Grade",Solutions,Lab Tech,,Yes,651532753,2026-08-19,shipped,"Austin Warehouse, Roshan",Warehouse
000393272,2026-08-19,PEG3350GU-500G,"Polyethylene Glycol (PEG) 3350, Granular, USP Grade, Kosher",Granular,2,,Yes,651534030,2026-08-19,shipped,Austin Warehouse,Warehouse
000393365,2026-08-19,Multiple products,Multiple products,,,,,651535191,2026-08-19,shipped,Austin Warehouse,Warehouse
000393389,2026-08-19,HPL32-500ML,"Hydrogen Peroxide 32% Solution, Lab Grade",Solutions,2,,No,651535726,2026-08-19,shipped,"Austin Warehouse, Restricted Combination - Hydrogen Peroxide",Warehouse
000393425,2026-08-19,Multiple products,Multiple products,,,,,651536084,2026-08-19,shipped,"Austin Warehouse, Roshan",Warehouse
000393434,2026-08-19,Multiple products,Multiple products,,,,,651537563,2026-08-19,shipped,"Austin Warehouse, Restricted Combination - Nitric Acid",Warehouse
000393536,2026-08-19,HPL30-500ML,"Hydrogen Peroxide 30% Solution, Lab Grade",Solutions,2,,No,651539132,2026-08-19,shipped,"Austin Warehouse, Restricted Combination - Hydrogen Peroxide",Warehouse
000393794,2026-08-19,HPL30-1L,"Hydrogen Peroxide 30% Solution, Lab Grade",Solutions,2,,No,651541397,2026-08-19,shipped,"Austin Warehouse, Restricted Combination - Hydrogen Peroxide",Warehouse
000393800,2026-08-19,LAF88-1GAL,"Lactic Acid 88%, Food Grade (FCC), Kosher",Acids,4,,No,651541914,2026-08-19,shipped,Austin Warehouse,Warehouse
000393809,2026-08-19,Multiple products,Multiple products,,,,,651542249,2026-08-19,shipped,Austin Warehouse,Warehouse
000393839,2026-08-19,Multiple products,Multiple products,,,,,651543162,2026-08-19,shipped,Austin Warehouse,Warehouse
000393875,2026-08-19,MCTOC-5GAL,"Organic MCT Oil, Kosher, Halal, USP/FCC",Other Chemicals,1,,No,651543407,2026-08-19,shipped,Austin Warehouse,Warehouse
000393911,2026-08-19,Multiple products,Multiple products,,,,,651543762,2026-08-19,shipped,Austin Warehouse,Warehouse
000393974,2026-08-19,DLIML-1GAL,"D-Limonene, Natural Orange Oil",Other Chemicals,2,,Yes,651544224,2026-08-19,shipped,Austin Warehouse,Warehouse
000394001,2026-08-19,GLF-5GAL,"Glycerin 99% USP/NF/FCC/Food Grade, Kosher, Halal",Other Chemicals,1,,No,651544682,2026-08-19,shipped,"Austin Warehouse, Restricted Combination - Glycerin",Warehouse
000394031,2026-08-19,EAP200-1L,"Ethanol 200 Proof (100%) Undenatured Alcohol, USP/FCC Food Grade, Kosher, Halal",Pure Alcohols,1,,No,651544918,2026-08-19,shipped,Austin Warehouse,Warehouse
000394049,2026-08-19,GLAL70-1L,"Glycolic Acid 70% Solution, Lab Grade",Acids,4,,No,651545125,2026-08-19,shipped,Austin Warehouse,Warehouse
000394121,2026-08-19,GLF-1GAL,"Glycerin 99% USP/NF/FCC/Food Grade, Kosher, Halal",Other Chemicals,1,,No,651545553,2026-08-19,shipped,"Austin Warehouse, Restricted Combination - Glycerin",Warehouse
000394142,2026-08-19,FALCMS-25ML,"Formic Acid, LC/MS",Acids,Lab Tech,,Yes,651547846,2026-08-19,shipped,"Austin Warehouse, Roshan",Warehouse
000394193,2026-08-19,RSNGL-500G,Resorcinol Crystals Purified,Granular,3,,Yes,651548424,2026-08-19,shipped,Austin Warehouse,Warehouse
000394253,2026-08-19,EAOS190-1QTCS,"Organic Ethyl Alcohol, Sugar Cane, 190 Proof Kosher, Halal, FCC",Pure Alcohols,1,,No,651548731,2026-08-19,shipped,Austin Warehouse,Warehouse
WMT000393635,2026-08-19,HPF34-1L,"Hydrogen Peroxide 34% Food Grade, Kosher, Halal",Solutions,2,,No,651596676,2026-08-19,shipped,"Austin Warehouse, Restricted Combination - Hydrogen Peroxide",Warehouse
WMT000393632,2026-08-19,HPF30-1L,"Hydrogen Peroxide 30% Solution, Food Grade, Kosher, Halal",Solutions,2,,No,651597034,2026-08-19,shipped,"Austin Warehouse, Restricted Combination - Hydrogen Peroxide",Warehouse
000393611,2026-08-19,IPAU99-500ML,"Isopropyl Alcohol 99.8% USP Grade, Kosher, Halal",Alcohols,1,,No,651597193,2026-08-19,shipped,Austin Warehouse,Warehouse
000393722,2026-08-19,HPA30-1L,"Hydrogen Peroxide 30% Solution, ACS Grade",Solutions,2,,No,651597850,2026-08-19,shipped,"Austin Warehouse, Restricted Combination - Hydrogen Peroxide",Warehouse
WMT000393857,2026-08-19,HPF30-1L,"Hydrogen Peroxide 30% Solution, Food Grade, Kosher, Halal",Solutions,2,,No,651598521,2026-08-19,shipped,"Austin Warehouse, Restricted Combination - Hydrogen Peroxide",Warehouse
AMZN-000394052,2026-08-19,WAD-5GAL,"Deionized Water Lab Grade, Kosher",Other Chemicals,1,,No,651599081,2026-08-19,shipped,Austin Warehouse,Warehouse
000394055,2026-08-19,HPF3-4L,"Hydrogen Peroxide 3% Solution, Food Grade, Kosher, Halal",Solutions,2,,No,651599386,2026-08-19,shipped,"Austin Warehouse, Restricted Combination - Hydrogen Peroxide",Warehouse
000390535-1,2026-08-19,GLF-500mL,"Glycerin 99% USP/NF/FCC/Food Grade, Kosher, Halal",Other Chemicals,1,,No,651600061,2026-08-19,shipped,"Austin Warehouse, Restricted Combination - Glycerin",Warehouse
000394262,2026-08-19,EAP200-1PP,"Ethanol 200 Proof (100%) Undenatured Alcohol, USP/FCC Food Grade, Kosher, Halal",Pure Alcohols,1,,No,651600288,2026-08-19,shipped,Austin Warehouse,Warehouse
000394304,2026-08-19,EAF200-1L,"Food Grade Ethanol, 200 Proof, Kosher, Halal",Pure Alcohols,1,,No,651600601,2026-08-19,shipped,Austin Warehouse,Warehouse
AMZN-000394349,2026-08-19,EAP190-1L,"Ethanol 190 Proof (95%) Non-Denatured Alcohol, USP/FCC Food Grade, Kosher, Halal",Pure Alcohols,1,,No,651600960,2026-08-19,shipped,Austin Warehouse,Warehouse
000394340,2026-08-19,IPAL99-1L,Isopropyl Alcohol 99.8% Lab Grade,Alcohols,1,,No,651601182,2026-08-19,shipped,Austin Warehouse,Warehouse
000392195,2026-08-19,Multiple products,Multiple products,Granular,,,,651616413,2026-08-19,shipped,Austin Warehouse,Warehouse
AMZN-000393587,2026-08-19,SOBZGF-2.5KG,"Sodium Benzoate, Food Grade, Kosher, Halal",Granular,3,,Yes,651617426,2026-08-19,shipped,Austin Warehouse,Warehouse
000393620,2026-08-19,Multiple products,Multiple products,,,,,651617857,2026-08-19,shipped,Austin Warehouse,Warehouse
000393719,2026-08-19,SOCTGU-1LB,Sodium Citrate Dihydrate USP/FCC Grade,Granular,3,,Yes,651618089,2026-08-19,shipped,Austin Warehouse,Warehouse
000393953,2026-08-19,BZALCF-4L,Benzyl Alcohol NF/FCC Grade,Alcohols,2,,No,651618867,2026-08-19,shipped,Austin Warehouse,Warehouse
000393956,2026-08-19,Multiple products,Multiple products,Other Chemicals,,,,651619005,2026-08-19,shipped,Austin Warehouse,Warehouse
000394130,2026-08-19,WALCMS-4L,"Water, LC/MS Grade",Other Chemicals,1,,Yes,651619632,2026-08-19,shipped,Austin Warehouse,Warehouse
AMZN-000394397,2026-08-19,EAP190-1L,"Ethanol 190 Proof (95%) Non-Denatured Alcohol, USP/FCC Food Grade, Kosher, Halal",Pure Alcohols,1,,No,651642865,2026-08-19,shipped,Austin Warehouse,Warehouse
000394475,2026-08-20,EAP200-1PP,"Ethanol 200 Proof (100%) Undenatured Alcohol, USP/FCC Food Grade, Kosher, Halal",Pure Alcohols,1,,No,651702191,2026-08-20,shipped,Austin Warehouse,Warehouse
AMZN-000394487,2026-08-20,EAP190-1L,"Ethanol 190 Proof (95%) Non-Denatured Alcohol, USP/FCC Food Grade, Kosher, Halal",Pure Alcohols,1,,No,651702255,2026-08-20,shipped,Austin Warehouse,Warehouse
AMZN-000394544,2026-08-20,EAP190-1L,"Ethanol 190 Proof (95%) Non-Denatured Alcohol, USP/FCC Food Grade, Kosher, Halal",Pure Alcohols,1,,No,651702758,2026-08-20,shipped,Austin Warehouse,Warehouse
AMZN-000394415,2026-08-20,PS80F-1GAL,"Polysorbate 80, Food Grade, Kosher, Halal",Other Chemicals,1,,No,651703113,2026-08-20,shipped,Austin Warehouse,Warehouse
AMZN-000394496,2026-08-20,EAP190-1L,"Ethanol 190 Proof (95%) Non-Denatured Alcohol, USP/FCC Food Grade, Kosher, Halal",Pure Alcohols,1,,No,651703464,2026-08-20,shipped,Austin Warehouse,Warehouse
AMZN-000393884,2026-08-20,PENHP-1L,n-Pentane ≥99% High Purity Grade,Other Chemicals,2,,No,651704088,2026-08-20,shipped,Austin Warehouse,Warehouse
AMZN-000394508,2026-08-20,HEHP-1QT,n-Heptane 99.9% High Purity Grade - 1 Quart,Other Chemicals,2,,No,651704331,2026-08-20,shipped,Austin Warehouse,Warehouse
AMZN-000393851,2026-08-20,PEG400F-1GAL,"Polyethylene Glycol (PEG) 400 Food Grade (FCC), Kosher, Halal",Other Chemicals,1,,No,651704629,2026-08-20,shipped,Austin Warehouse,Warehouse
AMZN-000393869,2026-08-20,PEG400F-1GAL,"Polyethylene Glycol (PEG) 400 Food Grade (FCC), Kosher, Halal",Other Chemicals,1,,No,651704729,2026-08-20,shipped,Austin Warehouse,Warehouse
AMZN-000394451,2026-08-20,EAOS190-1QTCS,"Organic Ethyl Alcohol, Sugar Cane, 190 Proof Kosher, Halal, FCC",Pure Alcohols,1,,No,651705437,2026-08-20,shipped,Austin Warehouse,Warehouse
AMZN-000394502,2026-08-20,EAP190-1QTCS,"Ethanol 190 Proof (95%) Non-Denatured Alcohol, USP/FCC Food Grade, Kosher, Halal",Pure Alcohols,1,,No,651705577,2026-08-20,shipped,Austin Warehouse,Warehouse
AMZN-000394481,2026-08-20,EAP190-1QTCS,"Ethanol 190 Proof (95%) Non-Denatured Alcohol, USP/FCC Food Grade, Kosher, Halal",Pure Alcohols,1,,No,651705774,2026-08-20,shipped,Austin Warehouse,Warehouse
AMZN-000394541,2026-08-20,EAP190-1QTCS,"Ethanol 190 Proof (95%) Non-Denatured Alcohol, USP/FCC Food Grade, Kosher, Halal",Pure Alcohols,1,,No,651706113,2026-08-20,shipped,Austin Warehouse,Warehouse
AMZN-000394259,2026-08-20,EAP190-1QTCS,"Ethanol 190 Proof (95%) Non-Denatured Alcohol, USP/FCC Food Grade, Kosher, Halal",Pure Alcohols,1,,No,651706181,2026-08-20,shipped,Austin Warehouse,Warehouse
AMZN-000394343,2026-08-20,EAP190-1QTCS,"Ethanol 190 Proof (95%) Non-Denatured Alcohol, USP/FCC Food Grade, Kosher, Halal",Pure Alcohols,1,,No,651706230,2026-08-20,shipped,Austin Warehouse,Warehouse
AMZN-000394538,2026-08-20,EAP190-1QTCS,"Ethanol 190 Proof (95%) Non-Denatured Alcohol, USP/FCC Food Grade, Kosher, Halal",Pure Alcohols,1,,No,651706304,2026-08-20,shipped,Austin Warehouse,Warehouse
AMZN-000394424,2026-08-20,EAOS190-1QTCS,"Organic Ethyl Alcohol, Sugar Cane, 190 Proof Kosher, Halal, FCC",Pure Alcohols,1,,No,651706671,2026-08-20,shipped,Austin Warehouse,Warehouse
000394391,2026-08-20,Multiple products,Multiple products,,,,,651708444,2026-08-20,shipped,Austin Warehouse,Warehouse
000393746,2026-08-20,HPF3-500mL,"Hydrogen Peroxide 3% Solution, Food Grade, Kosher, Halal",Solutions,2,,No,651709168,2026-08-20,shipped,"Austin Warehouse, Restricted Combination - Hydrogen Peroxide",Warehouse
000391946,2026-08-20,SOHYDPM-1kg,"Sodium Hydroxide, Pellets, ACS, USP/NF, FCC/Food Grade - 1kg",Granular,3,,Yes,651709599,2026-08-20,shipped,Austin Warehouse,Warehouse
000391967,2026-08-20,Multiple products,Multiple products,,,,,651709834,2026-08-20,shipped,Austin Warehouse,Warehouse
000392096,2026-08-20,TCAACA99-1KG,"Trichloroacetic Acid 99%, Crystals, ACS Grade",Granular,3,,Yes,651710085,2026-08-20,shipped,Austin Warehouse,Warehouse
000392144,2026-08-20,Multiple products,Multiple products,,,,,651710364,2026-08-20,shipped,Austin Warehouse,Warehouse
000392378,2026-08-20,Multiple products,Multiple products,,,,,651710770,2026-08-20,shipped,Austin Warehouse,Warehouse
000392729,2026-08-20,Multiple products,Multiple products,,,,,651711617,2026-08-20,shipped,Austin Warehouse,Warehouse
000392861,2026-08-20,ASAPU-1KG,"Ascorbic Acid Powder, USP/Food Grade (FCC), Kosher, Halal",Granular,2,,Yes,651712002,2026-08-20,shipped,Austin Warehouse,Warehouse
000392984,2026-08-20,Multiple products,Multiple products,,,,,651712436,2026-08-20,shipped,Austin Warehouse,Warehouse
000393206,2026-08-20,Multiple products,Multiple products,Granular,,,,651713339,2026-08-20,shipped,Austin Warehouse,Warehouse
000393212,2026-08-20,Multiple products,Multiple products,,,,,651713850,2026-08-20,shipped,Austin Warehouse,Warehouse
000393221,2026-08-20,DXMPF-12.5KG,"Dextrose, Monohydrate, FCC Grade, Powder, Kosher, Halal",Granular,2,,Yes,651714601,2026-08-20,shipped,Austin Warehouse,Warehouse
000393248,2026-08-20,MAGCHM-500G,Magnesium Chloride Hexahydrate ACS/USP,Granular,3,,Yes,651714805,2026-08-20,shipped,Austin Warehouse,Warehouse
000393521,2026-08-20,Multiple products,Multiple products,,,,,651716257,2026-08-20,shipped,Austin Warehouse,Warehouse
000393614,2026-08-20,Multiple products,Multiple products,,,,,651716558,2026-08-20,shipped,Austin Warehouse,Warehouse
000393668,2026-08-20,Multiple products,Multiple products,,,,,651717137,2026-08-20,shipped,"Austin Warehouse, RSPO",Warehouse
000393773,2026-08-20,Multiple products,Multiple products,,,,,651717693,2026-08-20,shipped,Austin Warehouse,Warehouse
000393836,2026-08-20,Multiple products,Multiple products,,,,,651718107,2026-08-20,shipped,Austin Warehouse,Warehouse
000393848,2026-08-20,TEAL99-500ML,Triethanolamine 99% Lab Grade,Solutions,3,,No,651718297,2026-08-20,shipped,Austin Warehouse,Warehouse
000393902,2026-08-20,Multiple products,Multiple products,,,,,651718808,2026-08-20,shipped,Austin Warehouse,Warehouse
000394058,2026-08-20,HPL3-1GAL,"Hydrogen Peroxide 3% Solution, Lab Grade",Solutions,2,,No,651719467,2026-08-20,shipped,"Austin Warehouse, Restricted Combination - Hydrogen Peroxide",Warehouse
000394217,2026-08-20,AMHR50-4L,"Ammonium Hydroxide, 50% Solution, Reagent Grade",Solutions,3,,Yes,651720382,2026-08-20,shipped,PA,
000394280,2026-08-20,AMHA30-4LCS,"Ammonium Hydroxide 28-30% Solution, ACS Grade",Solutions,3,,Yes,651720978,2026-08-20,shipped,Austin Warehouse,Warehouse
000394322,2026-08-20,PENHP-1L,n-Pentane ≥99% High Purity Grade,Other Chemicals,2,,No,651721144,2026-08-20,shipped,Austin Warehouse,Warehouse
000394361,2026-08-20,AMHA30-4LCS,"Ammonium Hydroxide 28-30% Solution, ACS Grade",Solutions,3,,Yes,651721649,2026-08-20,shipped,Austin Warehouse,Warehouse
000394388,2026-08-20,GLF-5GAL,"Glycerin 99% USP/NF/FCC/Food Grade, Kosher, Halal",Other Chemicals,1,,No,651722909,2026-08-20,shipped,"Austin Warehouse, Restricted Combination - Glycerin",Warehouse
AMZN-000394352,2026-08-20,PHAF85-1GAL,"Phosphoric Acid 85% Solution, Food Grade (FCC), Kosher, Halal",Acids,4,,Yes,651743604,2026-08-20,shipped,Austin Warehouse,Warehouse
000394460,2026-08-20,MEKLL-500ML,"Methyl Ethyl Ketone (MEK), Lab Grade",Other Chemicals,2,,No,651744188,2026-08-20,shipped,Austin Warehouse,Warehouse
AMZN-000394463,2026-08-20,PEG400F-1GAL,"Polyethylene Glycol (PEG) 400 Food Grade (FCC), Kosher, Halal",Other Chemicals,1,,No,651745143,2026-08-20,shipped,Austin Warehouse,Warehouse
000394466,2026-08-20,Multiple products,Multiple products,,,,,651745293,2026-08-20,shipped,Austin Warehouse,Warehouse
000394511,2026-08-20,EAP200-1L,"Ethanol 200 Proof (100%) Undenatured Alcohol, USP/FCC Food Grade, Kosher, Halal",Pure Alcohols,1,,No,651745558,2026-08-20,shipped,Austin Warehouse,Warehouse
AMZN-000394595,2026-08-20,EAP190-1L,"Ethanol 190 Proof (95%) Non-Denatured Alcohol, USP/FCC Food Grade, Kosher, Halal",Pure Alcohols,1,,No,651745809,2026-08-20,shipped,Austin Warehouse,Warehouse
000394580,2026-08-20,TCAACLA85-1OZ,"Trichloroacetic Acid, 85%",Acids,3,,Yes,651746075,2026-08-20,shipped,Austin Warehouse,Warehouse
AMZN-000394625,2026-08-20,EAD190-1QT,"Ethanol 190 Proof (95%) Denatured Alcohol, Kosher, Halal - 1 Quart",Alcohols,1,,No,651746342,2026-08-20,shipped,Austin Warehouse,Warehouse
AMZN-000394628,2026-08-20,EAP190-1QTCS,"Ethanol 190 Proof (95%) Non-Denatured Alcohol, USP/FCC Food Grade, Kosher, Halal",Pure Alcohols,1,,No,651746434,2026-08-20,shipped,Austin Warehouse,Warehouse
000394607,2026-08-20,FAL90-1L,"Formic Acid 90% Solution, Lab Grade",Acids,4,,Yes,651746598,2026-08-20,shipped,Austin Warehouse,Warehouse
000394622,2026-08-20,Multiple products,Multiple products,,,,,651746837,2026-08-20,shipped,"Austin Warehouse, Restricted Combination - Glycerin",Warehouse
000394631,2026-08-20,CAFU-500G,"Caffeine Powder, USP/FCC/Food Grade, Kosher, Halal",Granular,3,,Yes,651747195,2026-08-20,shipped,Austin Warehouse,Warehouse
000394640,2026-08-20,CAFU-2.5kg,"Caffeine Powder, USP/FCC/Food Grade, Kosher, Halal",Granular,3,,Yes,651747457,2026-08-20,shipped,Austin Warehouse,Warehouse
000392834,2026-08-20,MANPU-1LB,"Mannitol, Powder, USP Grade",Granular,2,,Yes,651780391,2026-08-20,shipped,Austin Warehouse,Warehouse
000392846,2026-08-20,Multiple products,Multiple products,,,,,651780611,2026-08-20,shipped,Austin Warehouse,Warehouse
000392996,2026-08-20,Multiple products,Multiple products,,,,,651781464,2026-08-20,shipped,Austin Warehouse,Warehouse
000393218,2026-08-20,Multiple products,Multiple products,,,,,651781844,2026-08-20,shipped,Austin Warehouse,Warehouse
000393500,2026-08-20,EDTADGM-2.5KG,"EDTA Disodium Salt, Crystalline Powder, ACS/FCC Grade, Kosher, Halal",Granular,3,,Yes,651782383,2026-08-20,shipped,Austin Warehouse,Warehouse
000393593,2026-08-20,Multiple products,Multiple products,,,,,651783177,2026-08-20,shipped,Austin Warehouse,Warehouse
000393962,2026-08-20,MANPU-2.5KG,"Mannitol, Powder, USP Grade",Granular,2,,Yes,651784016,2026-08-20,shipped,Austin Warehouse,Warehouse
000394127,2026-08-20,ACEA-1L,"Acetone 99.5%, ACS Grade",Other Chemicals,2,,No,651784309,2026-08-20,shipped,Austin Warehouse,Warehouse
000394154,2026-08-20,BZALCF-1L,Benzyl Alcohol NF/FCC Grade,Alcohols,2,,No,651784495,2026-08-20,shipped,Austin Warehouse,Warehouse
AMZN-000394685,2026-08-20,EAP190-1L,"Ethanol 190 Proof (95%) Non-Denatured Alcohol, USP/FCC Food Grade, Kosher, Halal",Pure Alcohols,1,,No,651785877,2026-08-20,shipped,Austin Warehouse,Warehouse
AMZN-000394700,2026-08-20,EAP190-1QTCS,"Ethanol 190 Proof (95%) Non-Denatured Alcohol, USP/FCC Food Grade, Kosher, Halal",Pure Alcohols,1,,No,651786077,2026-08-20,shipped,Austin Warehouse,Warehouse
AMZN-000394703,2026-08-20,Multiple products,Multiple products,,,,,651786419,2026-08-20,shipped,Austin Warehouse,Warehouse
AMZN-000394724,2026-08-20,EAP190-1QTCS,"Ethanol 190 Proof (95%) Non-Denatured Alcohol, USP/FCC Food Grade, Kosher, Halal",Pure Alcohols,1,,No,651786581,2026-08-20,shipped,Austin Warehouse,Warehouse
AMZN-000394727,2026-08-20,EAP190-1L,"Ethanol 190 Proof (95%) Non-Denatured Alcohol, USP/FCC Food Grade, Kosher, Halal",Pure Alcohols,1,,No,651786748,2026-08-20,shipped,Austin Warehouse,Warehouse
AMZN-000394757,2026-08-20,IPMFP-1GAL,"Isopropyl Myristate (IPM), Derived from Palm, RSPO MB, Kosher, Halal",Other Chemicals,1,,No,651787100,2026-08-20,shipped,"Austin Warehouse, RSPO",Warehouse
000394709,2026-08-20,GLF-4L,"Glycerin 99% USP/NF/FCC/Food Grade, Kosher, Halal",Other Chemicals,1,,No,651787245,2026-08-20,shipped,"Austin Warehouse, Restricted Combination - Glycerin",Warehouse
AMZN-000394760,2026-08-20,EAP190-1QTCS,"Ethanol 190 Proof (95%) Non-Denatured Alcohol, USP/FCC Food Grade, Kosher, Halal",Pure Alcohols,1,,No,651787327,2026-08-20,shipped,Austin Warehouse,Warehouse
AMZN-000394766,2026-08-20,EAP190-1QTCS,"Ethanol 190 Proof (95%) Non-Denatured Alcohol, USP/FCC Food Grade, Kosher, Halal",Pure Alcohols,1,,No,651787502,2026-08-20,shipped,Austin Warehouse,Warehouse
AMZN-000394772,2026-08-20,EAP190-1L,"Ethanol 190 Proof (95%) Non-Denatured Alcohol, USP/FCC Food Grade, Kosher, Halal",Pure Alcohols,1,,No,651787989,2026-08-20,shipped,Austin Warehouse,Warehouse
000392012,2026-08-20,POBROA-500G,"Potassium Bromide, ACS/USP Grade",Granular,3,,Yes,651822609,2026-08-20,shipped,Austin Warehouse,Warehouse
000393350,2026-08-20,Multiple products,Multiple products,,,,,651825351,2026-08-20,shipped,Austin Warehouse,Warehouse
000393896,2026-08-20,PGF-1GAL,"Propylene Glycol 99.5% USP/NF/FCC/Food Grade, Kosher, Halal",Other Chemicals,1,,No,651829480,2026-08-20,shipped,Austin Warehouse,Warehouse
000393167,2026-08-20,Multiple products,Multiple products,,,,,651834852,2026-08-20,shipped,Austin Warehouse,Warehouse
000393812,2026-08-20,Multiple products,Multiple products,,,,,651835660,2026-08-20,shipped,"Austin Warehouse, Roshan",Warehouse
000394202,2026-08-20,PS80F-4L,"Polysorbate 80, Food Grade, Kosher, Halal",Other Chemicals,1,,No,651836277,2026-08-20,shipped,Austin Warehouse,Warehouse
AMZN-000394295,2026-08-20,PEG4000GL-5LB,"Lab Alley Polyethylene Glycol (PEG) 4000, Granular, Lab Grade, Kosher",Granular,2,,Yes,651836517,2026-08-20,shipped,Austin Warehouse,Warehouse
000392906,2026-08-21,ACCL1240G-12KG,"Activated Carbon (Charcoal), Granular, Food Grade, Kosher",Granular,2,,Yes,651906042,2026-08-21,shipped,Austin Warehouse,Warehouse
000392924,2026-08-21,ACW325P-12KG,"Activated Carbon (Charcoal) Powder, Food Grade, Kosher, Halal, Wood Based",Granular,2,,Yes,651906251,2026-08-21,shipped,Austin Warehouse,Warehouse
000393596,2026-08-21,ACW325P-12KG,"Activated Carbon (Charcoal) Powder, Food Grade, Kosher, Halal, Wood Based",Granular,2,,Yes,651906816,2026-08-21,shipped,Austin Warehouse,Warehouse
000394103,2026-08-21,CAHYGL-12.5KG,"Calcium Hydroxide, Lab Grade",Granular,3,,Yes,651908292,2026-08-21,shipped,Austin Warehouse,Warehouse
000394307,2026-08-21,Multiple products,Multiple products,,,,,651909256,2026-08-21,shipped,Austin Warehouse,Warehouse
000394313,2026-08-21,Multiple products,Multiple products,Solutions,,,,651909408,2026-08-21,shipped,"Austin Warehouse, Restricted Combination - Hydrogen Peroxide",Warehouse
000394379,2026-08-21,Multiple products,Multiple products,,,,,651910099,2026-08-21,shipped,Austin Warehouse,Warehouse
000394385,2026-08-21,HPF32-1L,"Hydrogen Peroxide 32% Solution, Food Grade, Kosher, Halal",Solutions,2,,No,651910344,2026-08-21,shipped,"Austin Warehouse, Restricted Combination - Hydrogen Peroxide",Warehouse
000394403,2026-08-21,TCAACLA85-500ML,"Trichloroacetic Acid, 85%",Acids,3,,Yes,651910612,2026-08-21,shipped,Austin Warehouse,Warehouse
000394442,2026-08-21,Multiple products,Multiple products,Alcohols,,,,651910871,2026-08-21,shipped,Austin Warehouse,Warehouse
AMZN-000394472,2026-08-21,PEG8000GN-2LB,"Lab Alley Polyethylene Glycol (PEG) 8000, Granular, NF Grade, Kosher",Granular,2,,Yes,651911251,2026-08-21,shipped,Austin Warehouse,Warehouse
000394382,2026-08-21,Multiple products,Multiple products,,,,,651911523,2026-08-21,shipped,Austin Warehouse,Warehouse
000394505,2026-08-21,EELA-500ML,Ethyl Ether ≥99% ACS Grade,Other Chemicals,2,,Yes,651911718,2026-08-21,shipped,"Austin Warehouse, Restricted Chemical",Warehouse
000394568,2026-08-21,EAD140-1L,"Ethanol 140 Proof (70%) Denatured Alcohol, Kosher, Halal",Alcohols,1,,No,651912164,2026-08-21,shipped,Austin Warehouse,Warehouse
AMZN-000394880,2026-08-21,LAF88-1GAL,"Lactic Acid 88%, Food Grade (FCC), Kosher",Acids,4,,No,651917848,2026-08-21,shipped,Austin Warehouse,Warehouse
AMZN-000394970,2026-08-21,EAOS190-1L,"Organic Ethyl Alcohol, Sugar Cane, 190 Proof Kosher, Halal, FCC",Pure Alcohols,1,,No,651918046,2026-08-21,shipped,Austin Warehouse,Warehouse
AMZN-000395009,2026-08-21,EAD190-1QT,"Ethanol 190 Proof (95%) Denatured Alcohol, Kosher, Halal - 1 Quart",Alcohols,1,,No,651919171,2026-08-21,shipped,Austin Warehouse,Warehouse
AMZN-000394982,2026-08-21,EAP190-1QTCS,"Ethanol 190 Proof (95%) Non-Denatured Alcohol, USP/FCC Food Grade, Kosher, Halal",Pure Alcohols,1,,No,651919288,2026-08-21,shipped,Austin Warehouse,Warehouse
AMZN-000394979,2026-08-21,EAP190-1QTCS,"Ethanol 190 Proof (95%) Non-Denatured Alcohol, USP/FCC Food Grade, Kosher, Halal",Pure Alcohols,1,,No,651919891,2026-08-21,shipped,Austin Warehouse,Warehouse
AMZN-000394943,2026-08-21,EAOS190-1QTCS,"Organic Ethyl Alcohol, Sugar Cane, 190 Proof Kosher, Halal, FCC",Pure Alcohols,1,,No,651943947,2026-08-21,shipped,Austin Warehouse,Warehouse
000395012,2026-08-21,Multiple products,Multiple products,,,,,651944638,2026-08-21,shipped,Austin Warehouse,Warehouse
000394763,2026-08-21,WAHPLC-4LCS,"Water, HPLC Grade",Other Chemicals,1,,Yes,651946930,2026-08-21,shipped,Austin Warehouse,Warehouse
000394784,2026-08-21,Multiple products,Multiple products,,,,,651947308,2026-08-21,shipped,Austin Warehouse,Warehouse
000394790,2026-08-21,WALCMS-4L,"Water, LC/MS Grade",Other Chemicals,1,,Yes,651947411,2026-08-21,shipped,Austin Warehouse,Warehouse
000394814,2026-08-21,EGL-1GAL,Ethylene Glycol 99% Lab Grade,Other Chemicals,3,,No,651947651,2026-08-21,shipped,Austin Warehouse,Warehouse
000394865,2026-08-21,Multiple products,Multiple products,,,,,651947906,2026-08-21,shipped,Austin Warehouse,Warehouse
000394868,2026-08-21,LAF88-1GAL,"Lactic Acid 88%, Food Grade (FCC), Kosher",Acids,4,,No,651948020,2026-08-21,shipped,Austin Warehouse,Warehouse
000394895,2026-08-21,MAA-1L,Methanol ≥99.8% ACS Reagent/USP/NF Grade,Alcohols,2,,Yes,651948550,2026-08-21,shipped,Austin Warehouse,Warehouse
000394907,2026-08-21,PGF-500ML,"Propylene Glycol 99.5% USP/NF/FCC/Food Grade, Kosher, Halal",Other Chemicals,1,,No,651948704,2026-08-21,shipped,Austin Warehouse,Warehouse
000394949,2026-08-21,EAOS190-500ML,"Organic Ethyl Alcohol, Sugar Cane, 190 Proof Kosher, Halal, FCC",Pure Alcohols,1,,No,651948867,2026-08-21,shipped,Austin Warehouse,Warehouse
000394961,2026-08-21,CAFU-1KG,"Caffeine Powder, USP/FCC/Food Grade, Kosher, Halal",Granular,3,,Yes,651949079,2026-08-21,shipped,Austin Warehouse,Warehouse
000394997,2026-08-21,Multiple products,Multiple products,,,,,651949483,2026-08-21,shipped,Austin Warehouse,Warehouse
000395015,2026-08-21,Multiple products,Multiple products,,,,,651949630,2026-08-21,shipped,Austin Warehouse,Warehouse
000395018,2026-08-21,EAP200-1L,"Ethanol 200 Proof (100%) Undenatured Alcohol, USP/FCC Food Grade, Kosher, Halal",Pure Alcohols,1,,No,651949702,2026-08-21,shipped,Austin Warehouse,Warehouse
000395057,2026-08-21,MAS-500ML,Methanol 99.9% Semiconductor Grade,Alcohols,2,,Yes,651950168,2026-08-21,shipped,Austin Warehouse,Warehouse
000395060,2026-08-21,EAP200-1PP,"Ethanol 200 Proof (100%) Undenatured Alcohol, USP/FCC Food Grade, Kosher, Halal",Pure Alcohols,1,,No,651950337,2026-08-21,shipped,Austin Warehouse,Warehouse
000395123,2026-08-21,EAP200-1L,"Ethanol 200 Proof (100%) Undenatured Alcohol, USP/FCC Food Grade, Kosher, Halal",Pure Alcohols,1,,No,651950756,2026-08-21,shipped,Austin Warehouse,Warehouse
AMZN-000395159,2026-08-21,EAP190-1QTCS,"Ethanol 190 Proof (95%) Non-Denatured Alcohol, USP/FCC Food Grade, Kosher, Halal",Pure Alcohols,1,,No,651950843,2026-08-21,shipped,Austin Warehouse,Warehouse
000395132,2026-08-21,Multiple products,Multiple products,,,,,651951102,2026-08-21,shipped,Austin Warehouse,Warehouse
000395147,2026-08-21,TCAACLA85-2OZ,"Trichloroacetic Acid, 85%",Acids,3,,Yes,651951251,2026-08-21,shipped,Austin Warehouse,Warehouse
000395168,2026-08-21,WHO14-1GAL,Organic Witch Hazel Pulp Extract with 14% Alcohol,Other Chemicals,2,,No,651951522,2026-08-21,shipped,Austin Warehouse,Warehouse
000393518,2026-08-21,EAD200-1GAL,"Denatured Ethanol 200 Proof, Kosher, Halal",Alcohols,1,,No,651980191,2026-08-21,shipped,Austin Warehouse,Warehouse
000394106,2026-08-21,Multiple products,Multiple products,Alcohols,,,,651980971,2026-08-21,shipped,"Austin Warehouse, Partial Restriction",Warehouse
000394799,2026-08-21,Multiple products,Multiple products,,,,,651982059,2026-08-21,shipped,Austin Warehouse,Warehouse
000394940,2026-08-21,MERL-100g,"Mercury Metal, Lab Grade, 99.99% - 100g",Other Chemicals,3,,Yes,651982587,2026-08-21,shipped,"Austin Warehouse, Partial Restriction",Warehouse
000394958,2026-08-21,EAS40B200-500ML,"SDA 40B Ethanol 200 Proof (100%), Kosher, Halal",Alcohols,1,,No,651982673,2026-08-21,shipped,"Austin Warehouse, Partial Restriction",Warehouse
000394967,2026-08-21,WAHPLC-4LCS,"Water, HPLC Grade",Other Chemicals,1,,Yes,651983068,2026-08-21,shipped,Austin Warehouse,Warehouse
000395042,2026-08-21,Multiple products,Multiple products,,,,,651983348,2026-08-21,shipped,"Austin Warehouse, Restricted Combination - Mercury, Partial Restriction",Warehouse
000395117,2026-08-21,MERL-25g,"Mercury Metal, Lab Grade, 99.99% - 25g",Other Chemicals,3,,Yes,651983585,2026-08-21,shipped,"Austin Warehouse, Restricted Combination - Mercury, Partial Restriction",Warehouse
AMZN-000395255,2026-08-21,EAP190-1QTCS,"Ethanol 190 Proof (95%) Non-Denatured Alcohol, USP/FCC Food Grade, Kosher, Halal",Pure Alcohols,1,,No,651983975,2026-08-21,shipped,Austin Warehouse,Warehouse
000395243,2026-08-21,PGF-5GAL,"Propylene Glycol 99.5% USP/NF/FCC/Food Grade, Kosher, Halal",Other Chemicals,1,,No,651984132,2026-08-21,shipped,Austin Warehouse,Warehouse
000392840,2026-08-21,TALCGU-2.5KG,"Purified Talcum Powder, USP/FCC Grade, Kosher, Halal",Granular,3,,Yes,652005202,2026-08-21,shipped,Austin Warehouse,Warehouse
000393461,2026-08-21,HCLA15-500ML,"Hydrochloric Acid 15% Solution, Reagent Grade",Solutions,Lab Tech,,Yes,652005436,2026-08-21,shipped,Austin Warehouse,Warehouse
000393539,2026-08-21,Multiple products,Multiple products,,,,,652006007,2026-08-21,shipped,Austin Warehouse,Warehouse
000394073,2026-08-21,TALCGU-1LB,"Purified Talcum Powder, USP/FCC Grade, Kosher, Halal",Granular,3,,Yes,652006705,2026-08-21,shipped,Austin Warehouse,Warehouse
000394118,2026-08-21,Multiple products,Multiple products,,,,,652006842,2026-08-21,shipped,Austin Warehouse,Warehouse
000394133,2026-08-21,HCLA15-500ML,"Hydrochloric Acid 15% Solution, Reagent Grade",Solutions,Lab Tech,,Yes,652007021,2026-08-21,shipped,Austin Warehouse,Warehouse
000394376,2026-08-21,Multiple products,Multiple products,,,,,652009339,2026-08-21,shipped,"Austin Warehouse, Restricted Combination - Nitric Acid",Warehouse
000394574,2026-08-21,HPL6-1L,"Hydrogen Peroxide 6% Solution, (Stabilized), Lab Grade",Solutions,2,,No,652010210,2026-08-21,shipped,"Austin Warehouse, Restricted Combination - Hydrogen Peroxide",Warehouse
000394667,2026-08-21,Multiple products,Multiple products,Acids,,,,652010862,2026-08-21,shipped,Austin Warehouse,Warehouse
000395075,2026-08-21,EAS40B200-500ML,"SDA 40B Ethanol 200 Proof (100%), Kosher, Halal",Alcohols,1,,No,652011780,2026-08-21,shipped,"Austin Warehouse, Partial Restriction",Warehouse
AMZN-000395291,2026-08-21,EAP190-1QTCS,"Ethanol 190 Proof (95%) Non-Denatured Alcohol, USP/FCC Food Grade, Kosher, Halal",Pure Alcohols,1,,No,652012164,2026-08-21,shipped,Austin Warehouse,Warehouse
000395279,2026-08-21,ACW325P-12KG,"Activated Carbon (Charcoal) Powder, Food Grade, Kosher, Halal, Wood Based",Granular,2,,Yes,652012326,2026-08-21,shipped,Austin Warehouse,Warehouse
AMZN-000395306,2026-08-21,HEL-1QT,"Heptane Lab Grade, 1 Gallon Total - 1 Quart",Other Chemicals,2,,No,652012524,2026-08-21,shipped,Austin Warehouse,Warehouse
000391973,2026-08-21,HCLS37-1L,"Hydrochloric Acid 37% Solution, Semiconductor Grade",Acids,4,,Yes,652019187,2026-08-21,shipped,"Austin Warehouse, Restricted Chemical",Warehouse
000391991,2026-08-21,HCLA5-4L,"Hydrochloric Acid 5% Solution, Reagent Grade",Solutions,Lab Tech,,Yes,652019498,2026-08-21,shipped,Austin Warehouse,Warehouse
AMZN-000394853,2026-08-21,MAL-1QT,Methanol 99.85% Lab Grade - 1 Quart,Alcohols,2,,No,652034426,2026-08-21,shipped,Austin Warehouse,Warehouse
000393398,2026-08-21,NBTALCU-4L,"n-Butyl Alcohol, USP/NF Grade, Kosher, Halal",Alcohols,2,,No,652034630,2026-08-21,shipped,Austin Warehouse,Warehouse
000393626,2026-08-24,Multiple products,Multiple products,,,,,652207048,2026-08-24,shipped,"Austin Warehouse, Restricted Combination - Hydrogen Peroxide",Warehouse
000393659,2026-08-24,Multiple products,Multiple products,,,,,652207906,2026-08-24,shipped,"PA, Austin Warehouse, Split Order",Warehouse
000393785,2026-08-24,NBTALCL-4L,"n-Butyl Alcohol, Lab Grade",Alcohols,2,,No,652209442,2026-08-24,shipped,Austin Warehouse,Warehouse
000393977,2026-08-24,Multiple products,Multiple products,,,,,652209962,2026-08-24,shipped,Austin Warehouse,Warehouse
000394160,2026-08-24,SOCHLGF-5KG,"Sodium Chloride Crystal, FCC Grade, Kosher, Halal",Granular,2,,Yes,652210872,2026-08-24,shipped,Austin Warehouse,Warehouse
000394199,2026-08-24,POCHLGU-100G,"Potassium Chloride USP/FCC Grade, Kosher, Halal",Granular,2,,Yes,652211419,2026-08-24,shipped,Austin Warehouse,Warehouse
000394205,2026-08-24,Multiple products,Multiple products,,,,,652211662,2026-08-24,shipped,Austin Warehouse,Warehouse
000394334,2026-08-24,CTAGF-25KG,"Citric Acid, Anhydrous, Granular, USP/FCC/Food Grade, Kosher, Halal",Granular,3,,Yes,652214324,2026-08-24,shipped,Austin Warehouse,Warehouse
000394367,2026-08-24,Multiple products,Multiple products,,,,,652215087,2026-08-24,shipped,"Austin Warehouse, Roshan",Warehouse
000394370,2026-08-24,Multiple products,Multiple products,,,,,652215584,2026-08-24,shipped,Austin Warehouse,Warehouse
000394394,2026-08-24,MANPU-2.5KG,"Mannitol, Powder, USP Grade",Granular,2,,Yes,652216416,2026-08-24,shipped,Austin Warehouse,Warehouse
000382083-1,2026-08-24,EAP200-1L,"Ethanol 200 Proof (100%) Undenatured Alcohol, USP/FCC Food Grade, Kosher, Halal",Pure Alcohols,1,,No,652216757,2026-08-24,shipped,Austin Warehouse,Warehouse
000394454,2026-08-24,POCHLGU-1KG,"Potassium Chloride USP/FCC Grade, Kosher, Halal",Granular,2,,Yes,652217129,2026-08-24,shipped,Austin Warehouse,Warehouse
000394499,2026-08-24,Multiple products,Multiple products,,,,,652217772,2026-08-24,shipped,Austin Warehouse,Warehouse
000394556,2026-08-24,PEG400F-500ML,"Polyethylene Glycol (PEG) 400 Food Grade (FCC), Kosher, Halal",Other Chemicals,1,,No,652219282,2026-08-24,shipped,Austin Warehouse,Warehouse
000394670,2026-08-24,SOCHLGL-12.5KG,"Sodium Chloride, Lab Grade",Granular,2,,Yes,652219793,2026-08-24,shipped,Austin Warehouse,Warehouse
000394706,2026-08-24,MSS-4L,Stoddard Solvent Lab Grade,Other Chemicals,2,,No,652220246,2026-08-24,shipped,Austin Warehouse,Warehouse
000394718,2026-08-24,PENHP-1L,n-Pentane ≥99% High Purity Grade,Other Chemicals,2,,No,652221249,2026-08-24,shipped,Austin Warehouse,Warehouse
000394847,2026-08-24,GELL-5GAL,"Glycol Ether EB, Lab Grade",Other Chemicals,2,,No,652222727,2026-08-24,shipped,Austin Warehouse,Warehouse
000394862,2026-08-24,CTAGF-1LB,"Citric Acid, Anhydrous, Granular, USP/FCC/Food Grade, Kosher, Halal",Granular,3,,Yes,652223916,2026-08-24,shipped,Austin Warehouse,Warehouse
000394910,2026-08-24,Multiple products,Multiple products,,,,,652224973,2026-08-24,shipped,Austin Warehouse,Warehouse
000395072,2026-08-24,MANPU-1LB,"Mannitol, Powder, USP Grade",Granular,2,,Yes,652226369,2026-08-24,shipped,Austin Warehouse,Warehouse
AMZN-000395354,2026-08-24,MCTOC-1GAL,"Organic MCT Oil, Kosher, Halal, USP/FCC",Other Chemicals,1,,No,652234117,2026-08-24,shipped,,
000395339,2026-08-24,EAP200-500ML,"Ethanol 200 Proof (100%) Undenatured Alcohol, USP/FCC Food Grade, Kosher, Halal",Pure Alcohols,1,,No,652234552,2026-08-24,shipped,Austin Warehouse,Warehouse
000395351,2026-08-24,PGF-5GAL,"Propylene Glycol 99.5% USP/NF/FCC/Food Grade, Kosher, Halal",Other Chemicals,1,,No,652234902,2026-08-24,shipped,Austin Warehouse,Warehouse
000395426,2026-08-24,Multiple products,Multiple products,,,,,652240955,2026-08-24,shipped,Austin Warehouse,Warehouse
000395450,2026-08-24,EGL-4L,Ethylene Glycol 99% Lab Grade,Other Chemicals,3,,No,652241396,2026-08-24,shipped,Austin Warehouse,Warehouse
000395486,2026-08-24,Multiple products,Multiple products,,,,,652242250,2026-08-24,shipped,Austin Warehouse,Warehouse
AMZN-000395495,2026-08-24,EAP190-1L,"Ethanol 190 Proof (95%) Non-Denatured Alcohol, USP/FCC Food Grade, Kosher, Halal",Pure Alcohols,1,,No,652243247,2026-08-24,shipped,Austin Warehouse,Warehouse
000395492,2026-08-24,Multiple products,Multiple products,,,,,652243369,2026-08-24,shipped,Austin Warehouse,Warehouse
AMZN-000395531,2026-08-24,EAD190-1L,"Ethanol 190 Proof (95%) Denatured Alcohol, Kosher, Halal",Alcohols,1,,No,652243648,2026-08-24,shipped,Austin Warehouse,Warehouse
AMZN-000395540,2026-08-24,HCLL31-1QT,"Hydrochloric Acid 31%, Lab Grade - 1 Quart",Acids,4,,Yes,652243933,2026-08-24,shipped,Austin Warehouse,Warehouse
000395570,2026-08-24,EAP140-500ML,"Ethanol 140 Proof (70%) Non-Denatured Alcohol, USP/FCC Food Grade, Kosher, Halal",Pure Alcohols,1,,No,652246207,2026-08-24,shipped,Austin Warehouse,Warehouse
AMZN-000395597,2026-08-24,MAL-1QT,Methanol 99.85% Lab Grade - 1 Quart,Alcohols,2,,No,652247272,2026-08-24,shipped,Austin Warehouse,Warehouse
000395606,2026-08-24,Multiple products,Multiple products,,,,,652247903,2026-08-24,shipped,Austin Warehouse,Warehouse
AMZN-000395327,2026-08-24,EAP190-1QTCS,"Ethanol 190 Proof (95%) Non-Denatured Alcohol, USP/FCC Food Grade, Kosher, Halal",Pure Alcohols,1,,No,652248450,2026-08-24,shipped,Austin Warehouse,Warehouse
AMZN-000395681,2026-08-24,2A-E3RH-1ACV,"Ethanol 190 Proof (95%) Organic/Vegan Sugar Cane Alcohol, FCC Food Grade-4QT",Pure Alcohols,1,,,652270179,2026-08-24,shipped,Austin Warehouse,Warehouse
AMZN-000395621,2026-08-24,67-ATN4-W129,"Ethanol 190 Proof (95%) Non-Denatured Alcohol, USP/FCC Food Grade, Kosher - 1 Gallon Total (Pack of 4 x 1 Quart Bottles)",Pure Alcohols,,,,652270505,2026-08-24,shipped,Austin Warehouse,Warehouse
AMZN-000395528,2026-08-24,2A-E3RH-1ACV,"Ethanol 190 Proof (95%) Organic/Vegan Sugar Cane Alcohol, FCC Food Grade-4QT",Pure Alcohols,1,,,652270913,2026-08-24,shipped,Austin Warehouse,Warehouse
AMZN-000395627,2026-08-24,Q9-W62R-82CO,"Ethanol 190 Proof (95%) Alcohol, USP/FCC Food Grade, Kosher Certified - 1 Gallon Total (Pack of 4 x 1 Quart Bottles)",Pure Alcohols,,,,652271405,2026-08-24,shipped,Austin Warehouse,Warehouse
AMZN-000395738,2026-08-24,2A-E3RH-1ACV,"Ethanol 190 Proof (95%) Organic/Vegan Sugar Cane Alcohol, FCC Food Grade-4QT",Pure Alcohols,1,,,652271617,2026-08-24,shipped,Austin Warehouse,Warehouse
AMZN-000395744,2026-08-24,67-ATN4-W129,"Ethanol 190 Proof (95%) Non-Denatured Alcohol, USP/FCC Food Grade, Kosher - 1 Gallon Total (Pack of 4 x 1 Quart Bottles)",Pure Alcohols,,,,652271790,2026-08-24,shipped,Austin Warehouse,Warehouse
AMZN-000395756,2026-08-24,Q9-W62R-82CO,"Ethanol 190 Proof (95%) Alcohol, USP/FCC Food Grade, Kosher Certified - 1 Gallon Total (Pack of 4 x 1 Quart Bottles)",Pure Alcohols,,,,652271939,2026-08-24,shipped,Austin Warehouse,Warehouse
AMZN-000395735,2026-08-24,Q9-W62R-82CO,"Ethanol 190 Proof (95%) Alcohol, USP/FCC Food Grade, Kosher Certified - 1 Gallon Total (Pack of 4 x 1 Quart Bottles)",Pure Alcohols,,,,652272134,2026-08-24,shipped,Austin Warehouse,Warehouse
AMZN-000395750,2026-08-24,2A-E3RH-1ACV,"Ethanol 190 Proof (95%) Organic/Vegan Sugar Cane Alcohol, FCC Food Grade-4QT",Pure Alcohols,1,,,652272339,2026-08-24,shipped,Austin Warehouse,Warehouse
AMZN-000395687,2026-08-24,67-ATN4-W129,"Ethanol 190 Proof (95%) Non-Denatured Alcohol, USP/FCC Food Grade, Kosher - 1 Gallon Total (Pack of 4 x 1 Quart Bottles)",Pure Alcohols,,,,652272592,2026-08-24,shipped,Austin Warehouse,Warehouse
AMZN-000395792,2026-08-24,67-ATN4-W129,"Ethanol 190 Proof (95%) Non-Denatured Alcohol, USP/FCC Food Grade, Kosher - 1 Gallon Total (Pack of 4 x 1 Quart Bottles)",Pure Alcohols,,,,652272771,2026-08-24,shipped,Austin Warehouse,Warehouse
AMZN-000395822,2026-08-24,67-ATN4-W129,"Ethanol 190 Proof (95%) Non-Denatured Alcohol, USP/FCC Food Grade, Kosher - 1 Gallon Total (Pack of 4 x 1 Quart Bottles)",Pure Alcohols,,,,652273055,2026-08-24,shipped,Austin Warehouse,Warehouse
AMZN-000395405,2026-08-24,EAOS190-1QTCS,"Organic Ethyl Alcohol, Sugar Cane, 190 Proof Kosher, Halal, FCC",Pure Alcohols,1,,No,652273259,2026-08-24,shipped,Austin Warehouse,Warehouse
AMZN-000395903,2026-08-24,EAP190-1QTCS,"Ethanol 190 Proof (95%) Non-Denatured Alcohol, USP/FCC Food Grade, Kosher, Halal",Pure Alcohols,1,,No,652273486,2026-08-24,shipped,Austin Warehouse,Warehouse
AMZN-000395834,2026-08-24,Q9-W62R-82CO,"Ethanol 190 Proof (95%) Alcohol, USP/FCC Food Grade, Kosher Certified - 1 Gallon Total (Pack of 4 x 1 Quart Bottles)",Pure Alcohols,,,,652273677,2026-08-24,shipped,Austin Warehouse,Warehouse
AMZN-000395831,2026-08-24,Q9-W62R-82CO,"Ethanol 190 Proof (95%) Alcohol, USP/FCC Food Grade, Kosher Certified - 1 Gallon Total (Pack of 4 x 1 Quart Bottles)",Pure Alcohols,,,,652274012,2026-08-24,shipped,Austin Warehouse,Warehouse
AMZN-000395840,2026-08-24,2A-E3RH-1ACV,"Ethanol 190 Proof (95%) Organic/Vegan Sugar Cane Alcohol, FCC Food Grade-4QT",Pure Alcohols,1,,,652274120,2026-08-24,shipped,Austin Warehouse,Warehouse
AMZN-000395585,2026-08-24,Q9-W62R-82CO,"Ethanol 190 Proof (95%) Alcohol, USP/FCC Food Grade, Kosher Certified - 1 Gallon Total (Pack of 4 x 1 Quart Bottles)",Pure Alcohols,,,,652274272,2026-08-24,shipped,Austin Warehouse,Warehouse
AMZN-000395591,2026-08-24,2A-E3RH-1ACV,"Ethanol 190 Proof (95%) Organic/Vegan Sugar Cane Alcohol, FCC Food Grade-4QT",Pure Alcohols,1,,,652274452,2026-08-24,shipped,Austin Warehouse,Warehouse
AMZN-000395609,2026-08-24,2A-E3RH-1ACV,"Ethanol 190 Proof (95%) Organic/Vegan Sugar Cane Alcohol, FCC Food Grade-4QT",Pure Alcohols,1,,,652274705,2026-08-24,shipped,Austin Warehouse,Warehouse
AMZN-000395768,2026-08-24,67-ATN4-W129,"Ethanol 190 Proof (95%) Non-Denatured Alcohol, USP/FCC Food Grade, Kosher - 1 Gallon Total (Pack of 4 x 1 Quart Bottles)",Pure Alcohols,,,,652274813,2026-08-24,shipped,Austin Warehouse,Warehouse
AMZN-000395471,2026-08-24,67-ATN4-W129,"Ethanol 190 Proof (95%) Non-Denatured Alcohol, USP/FCC Food Grade, Kosher - 1 Gallon Total (Pack of 4 x 1 Quart Bottles)",Pure Alcohols,,,,652274946,2026-08-24,shipped,Austin Warehouse,Warehouse
AMZN-000395795,2026-08-24,2A-E3RH-1ACV,"Ethanol 190 Proof (95%) Organic/Vegan Sugar Cane Alcohol, FCC Food Grade-4QT",Pure Alcohols,1,,,652275111,2026-08-24,shipped,Austin Warehouse,Warehouse
AMZN-000395639,2026-08-24,EAOS190-1L,"Organic Ethyl Alcohol, Sugar Cane, 190 Proof Kosher, Halal, FCC",Pure Alcohols,1,,No,652294718,2026-08-24,shipped,Austin Warehouse,Warehouse
AMZN-000395804,2026-08-24,EAP190-1L,"Ethanol 190 Proof (95%) Non-Denatured Alcohol, USP/FCC Food Grade, Kosher, Halal",Pure Alcohols,1,,No,652295161,2026-08-24,shipped,Austin Warehouse,Warehouse
AMZN-000395819,2026-08-24,EAP190-1L,"Ethanol 190 Proof (95%) Non-Denatured Alcohol, USP/FCC Food Grade, Kosher, Halal",Pure Alcohols,1,,No,652295586,2026-08-24,shipped,Austin Warehouse,Warehouse
AMZN-000395741,2026-08-24,EAOS190-1L,"Organic Ethyl Alcohol, Sugar Cane, 190 Proof Kosher, Halal, FCC",Pure Alcohols,1,,No,652295937,2026-08-24,shipped,Austin Warehouse,Warehouse
AMZN-000395780,2026-08-24,EAOS190-1L,"Organic Ethyl Alcohol, Sugar Cane, 190 Proof Kosher, Halal, FCC",Pure Alcohols,1,,No,652297073,2026-08-24,shipped,Austin Warehouse,Warehouse
AMZN-000395813,2026-08-24,EAP190-1L,"Ethanol 190 Proof (95%) Non-Denatured Alcohol, USP/FCC Food Grade, Kosher, Halal",Pure Alcohols,1,,No,652298335,2026-08-24,shipped,Austin Warehouse,Warehouse
000395726,2026-08-24,CAFU-500G,"Caffeine Powder, USP/FCC/Food Grade, Kosher, Halal",Granular,3,,Yes,652301372,2026-08-24,shipped,Austin Warehouse,Warehouse
000395615,2026-08-24,PEG400F-1GAL,"Polyethylene Glycol (PEG) 400 Food Grade (FCC), Kosher, Halal",Other Chemicals,1,,No,652304260,2026-08-24,shipped,Austin Warehouse,Warehouse
000395618,2026-08-24,IPAL99-500ML,Isopropyl Alcohol 99.8% Lab Grade,Alcohols,1,,No,652304544,2026-08-24,shipped,"Austin Warehouse, Split Order, US",Warehouse
WMT000395723,2026-08-24,ACCL1240G-50LB,"Activated Carbon (Charcoal), Granular, Food Grade, Kosher",Granular,2,,Yes,652451381,2026-08-24,shipped,Austin Warehouse,Warehouse
000395600,2026-08-24,Multiple products,Multiple products,,,,,652321101,2026-08-24,shipped,"Austin Warehouse, Restricted Combination - Nitric Acid",Warehouse
000395645,2026-08-24,EAP200-1L,"Ethanol 200 Proof (100%) Undenatured Alcohol, USP/FCC Food Grade, Kosher, Halal",Pure Alcohols,1,,No,652321650,2026-08-24,shipped,Austin Warehouse,Warehouse
000395678,2026-08-24,EAP190-1L,"Ethanol 190 Proof (95%) Non-Denatured Alcohol, USP/FCC Food Grade, Kosher, Halal",Pure Alcohols,1,,No,652321898,2026-08-24,shipped,Austin Warehouse,Warehouse
000395684,2026-08-24,MERL-100g,"Mercury Metal, Lab Grade, 99.99% - 100g",Other Chemicals,3,,Yes,652322123,2026-08-24,shipped,"Austin Warehouse, Partial Restriction",Warehouse
000395690,2026-08-24,TCAACLA85-1OZ,"Trichloroacetic Acid, 85%",Acids,3,,Yes,652322296,2026-08-24,shipped,Austin Warehouse,Warehouse
000395699,2026-08-24,GLL-1GAL,Glycerin Lab/Technical/AR Grade,Other Chemicals,1,,No,652323196,2026-08-24,shipped,"Austin Warehouse, Restricted Combination - Glycerin",Warehouse
000395702,2026-08-24,HCLA37-500ML,"Hydrochloric Acid 37% Solution, ACS Reagent Grade",Acids,4,,Yes,652323818,2026-08-24,shipped,"Austin Warehouse, Restricted Combination - Nitric Acid",Warehouse
000395711,2026-08-24,EAOC190-500mL,"Organic Ethyl Alcohol, Corn, 190 Proof, Kosher, Halal, FCC",Pure Alcohols,1,,No,652324086,2026-08-24,shipped,Austin Warehouse,Warehouse
000395717,2026-08-24,ACEL-500ML,Acetone 99.5% Lab Grade,Other Chemicals,2,,No,652324278,2026-08-24,shipped,Austin Warehouse,Warehouse
000395762,2026-08-24,MCTC-5GAL,"MCT Oil Coconut Based USP/FCC/Food Grade, Kosher, Halal",Other Chemicals,1,,No,652324555,2026-08-24,shipped,Austin Warehouse,Warehouse
000395801,2026-08-24,Multiple products,Multiple products,,,,,652325038,2026-08-24,shipped,Austin Warehouse,Warehouse
000395825,2026-08-24,EAP140-1L,"Ethanol 140 Proof (70%) Non-Denatured Alcohol, USP/FCC Food Grade, Kosher, Halal",Pure Alcohols,1,,No,652325220,2026-08-24,shipped,Austin Warehouse,Warehouse
000395837,2026-08-24,PGF-5GAL,"Propylene Glycol 99.5% USP/NF/FCC/Food Grade, Kosher, Halal",Other Chemicals,1,,No,652325385,2026-08-24,shipped,Austin Warehouse,Warehouse
000395873,2026-08-24,VMPL-1L,"VM&P Naphtha, Pure",Other Chemicals,2,,No,652326333,2026-08-24,shipped,Austin Warehouse,Warehouse
000395918,2026-08-24,Multiple products,Multiple products,,,,,652328043,2026-08-24,shipped,Austin Warehouse,Warehouse
000395924,2026-08-24,GLF-1GAL,"Glycerin 99% USP/NF/FCC/Food Grade, Kosher, Halal",Other Chemicals,1,,No,652328509,2026-08-24,shipped,"Austin Warehouse, Restricted Combination - Glycerin",Warehouse
000395945,2026-08-24,EAP200-1L,"Ethanol 200 Proof (100%) Undenatured Alcohol, USP/FCC Food Grade, Kosher, Halal",Pure Alcohols,1,,No,652328749,2026-08-24,shipped,Austin Warehouse,Warehouse
000395210,2026-08-24,MBTSA1-4L,"Methylene Blue 1% Solution, Reagent Grade",Solutions,Lab Tech,,Yes,652336860,2026-08-24,shipped,"Austin Warehouse, Roshan",Warehouse
000392852,2026-08-24,AAL99-500ML,Acetic Acid Glacial 99% Lab Grade,Acids,4,,Yes,652384487,2026-08-24,shipped,Austin Warehouse,Warehouse
000395066,2026-08-24,GELL-5GAL,"Glycol Ether EB, Lab Grade",Other Chemicals,2,,No,652388016,2026-08-24,shipped,Austin Warehouse,Warehouse
AMZN-000395381,2026-08-24,HXL-1QT,Hexanes Lab  - 1 Quart,Other Chemicals,2,,No,652390189,2026-08-24,shipped,Austin Warehouse,Warehouse
000395207,2026-08-24,HPL30-500ML,"Hydrogen Peroxide 30% Solution, Lab Grade",Solutions,2,,No,652391422,2026-08-24,shipped,"Austin Warehouse, Restricted Combination - Hydrogen Peroxide",Warehouse
000395213,2026-08-24,HPF30-500ml,"Hydrogen Peroxide 30% Solution, Food Grade, Kosher, Halal",Solutions,2,,No,652391946,2026-08-24,shipped,"Austin Warehouse, Restricted Combination - Hydrogen Peroxide",Warehouse
AMZN-000395438,2026-08-24,HEL-1QT,"Heptane Lab Grade, 1 Gallon Total - 1 Quart",Other Chemicals,2,,No,652397803,2026-08-24,shipped,Austin Warehouse,Warehouse
AMZN-000395771,2026-08-24,EAC200-1QT,"Lab Alley Ethanol 200 Proof (100%) Denatured with Heptane, Extraction Grade Solvent, Kosher & Halal Certified - 1 Quart",Alcohols,1,,No,652398538,2026-08-24,shipped,Austin Warehouse,Warehouse
000393548,2026-08-24,Multiple products,Multiple products,,,,,652424340,2026-08-24,shipped,Austin Warehouse,Warehouse
000393860,2026-08-24,Multiple products,Multiple products,,,,,652426448,2026-08-24,shipped,Austin Warehouse,Warehouse
000394115,2026-08-24,SOHYDPM-500g,"Sodium Hydroxide, Pellets, ACS, USP/NF, FCC/Food Grade - 500g",Granular,3,,Yes,652426737,2026-08-24,shipped,Austin Warehouse,Warehouse
000394169,2026-08-24,Multiple products,Multiple products,,,,,652427324,2026-08-24,shipped,,
000394244,2026-08-24,Multiple products,Multiple products,,,,,652428218,2026-08-24,shipped,"PA, Austin Warehouse, Split Order, Restricted Combination - Hydrogen Peroxide",Warehouse
000394469,2026-08-24,Multiple products,Multiple products,,,,,652433528,2026-08-24,shipped,Austin Warehouse,Warehouse
000394586,2026-08-24,PGF-4L,"Propylene Glycol 99.5% USP/NF/FCC/Food Grade, Kosher, Halal",Other Chemicals,1,,No,652447746,2026-08-24,shipped,Austin Warehouse,Warehouse
000394664,2026-08-24,SUAA96-1L,"Sulfuric Acid 96% ACS Reagent Grade Solution (95-98%, Concentrated H2SO4)",Acids,4,,Yes,652448148,2026-08-24,shipped,Austin Warehouse,Warehouse
000394691,2026-08-24,SOCTGU-12.5KG,Sodium Citrate Dihydrate USP/FCC Grade,Granular,3,,Yes,652448759,2026-08-24,shipped,Austin Warehouse,Warehouse
000394892,2026-08-24,Multiple products,Multiple products,,,,,652448977,2026-08-24,shipped,"Austin Warehouse, Restricted Combination - Hydrogen Peroxide",Warehouse
000395309,2026-08-24,HPF34-500ML,"Hydrogen Peroxide 34% Food Grade, Kosher, Halal",Solutions,2,,No,652453146,2026-08-24,shipped,"Austin Warehouse, Restricted Combination - Hydrogen Peroxide",Warehouse
000395378,2026-08-24,HPL30-500ML,"Hydrogen Peroxide 30% Solution, Lab Grade",Solutions,2,,No,652453658,2026-08-24,shipped,"Austin Warehouse, Restricted Combination - Hydrogen Peroxide",Warehouse
000395417,2026-08-24,EAF200-1L,"Food Grade Ethanol, 200 Proof, Kosher, Halal",Pure Alcohols,1,,No,652457749,2026-08-24,shipped,Austin Warehouse,Warehouse
000395447,2026-08-26,Multiple products,Multiple products,,,,,652901288,2026-08-26,shipped,"Austin Warehouse, Roshan",Warehouse
000395537,2026-08-24,Multiple products,Multiple products,,,,,652465744,2026-08-24,shipped,Austin Warehouse,Warehouse
AMZN-000395330,2026-08-24,Multiple products,Multiple products,,,,,652466567,2026-08-24,shipped,Austin Warehouse,Warehouse
000395414,2026-08-24,Multiple products,Multiple products,,,,,652466713,2026-08-24,shipped,Austin Warehouse,Warehouse
000395693,2026-08-24,Multiple products,Multiple products,,,,,652467318,2026-08-24,shipped,Austin Warehouse,Warehouse
000395642,2026-08-24,IPMFP-5GAL,"Isopropyl Myristate (IPM), Derived from Palm, RSPO MB, Kosher, Halal",Other Chemicals,1,,No,652468041,2026-08-24,shipped,"Austin Warehouse, RSPO",Warehouse
AMZN-000395708,2026-08-25,SOBZGF-5LB,"Lab Alley Sodium Benzoate, Food Grade, Kosher Certified, Halal",Granular,3,,Yes,652545199,2026-08-25,shipped,Austin Warehouse,Warehouse
AMZN-000395588,2026-08-25,Multiple products,Multiple products,,,,,652545318,2026-08-25,shipped,Austin Warehouse,Warehouse
000396284,2026-08-25,ACEL-1L,Acetone 99.5% Lab Grade,Other Chemicals,2,,No,652545419,2026-08-25,shipped,Austin Warehouse,Warehouse
AMZN-000395543,2026-08-25,SUPREPL-2LB,"Lab Alley Precipitated Sulfur Powder, Purified, 99.5%, Ideal for Skincare",Granular,3,,Yes,652545540,2026-08-25,shipped,Austin Warehouse,Warehouse
AMZN-000395504,2026-08-25,COTCLM-12.5KG,"Cream of Tartar, USP/NF/FCC/Food Grade",Granular,2,,Yes,652545829,2026-08-25,shipped,Austin Warehouse,Warehouse
AMZN-000396344,2026-08-25,EAP190-1L,"Ethanol 190 Proof (95%) Non-Denatured Alcohol, USP/FCC Food Grade, Kosher, Halal",Pure Alcohols,1,,No,652545942,2026-08-25,shipped,Austin Warehouse,Warehouse
AMZN-000396323,2026-08-25,EAOS190-1L,"Organic Ethyl Alcohol, Sugar Cane, 190 Proof Kosher, Halal, FCC",Pure Alcohols,1,,No,652546019,2026-08-25,shipped,Austin Warehouse,Warehouse
AMZN-000396302,2026-08-25,PEG400F-1GAL,"Polyethylene Glycol (PEG) 400 Food Grade (FCC), Kosher, Halal",Other Chemicals,1,,No,652546077,2026-08-25,shipped,Austin Warehouse,Warehouse
AMZN-000396182,2026-08-25,ACW325P-12KG,"Activated Carbon (Charcoal) Powder, Food Grade, Kosher, Halal, Wood Based",Granular,2,,Yes,652546513,2026-08-25,shipped,Austin Warehouse,Warehouse
000394577,2026-08-25,THFNF-500ML,Tetrahydrofuran (THF) 99% NF Grade,Other Chemicals,2,,Yes,652552923,2026-08-25,shipped,Austin Warehouse,Warehouse
000394820,2026-08-25,Multiple products,Multiple products,,,,,652553858,2026-08-25,shipped,"Austin Warehouse, Restricted Combination - Nitric Acid",Warehouse
000395324,2026-08-25,Multiple products,Multiple products,,,,,652555849,2026-08-25,shipped,,
000395366,2026-08-25,Multiple products,Multiple products,,,,,652557151,2026-08-25,shipped,"Austin Warehouse, Partial Restriction",Warehouse
AMZN-000395933,2026-08-25,KU-8JN6-DZC6,"Lab Alley Denatured Ethanol 200 Proof, Kosher & Halal Certified - 1 Gallon (Pack of 4 x 1 Quart Bottles)",,,,,652566184,2026-08-25,shipped,Austin Warehouse,Warehouse
000394613,2026-08-25,RSNGL-100G,Resorcinol Crystals Purified,Granular,3,,Yes,652651240,2026-08-25,shipped,Austin Warehouse,Warehouse
000394745,2026-08-25,Multiple products,Multiple products,,,,,652659557,2026-08-25,shipped,Austin Warehouse,Warehouse
000394754,2026-08-25,Multiple products,Multiple products,,,,,652660436,2026-08-25,shipped,Austin Warehouse,Warehouse
000394781,2026-08-25,Multiple products,Multiple products,,,,,652661298,2026-08-25,shipped,Austin Warehouse,Warehouse
000394871,2026-08-25,DLIML-1GAL,"D-Limonene, Natural Orange Oil",Other Chemicals,2,,Yes,652661974,2026-08-25,shipped,Austin Warehouse,Warehouse
000394931,2026-08-25,PEG8000GN-2.5KG,"Polyethylene Glycol (PEG) 8000, Granular, NF Grade, Kosher",Granular,2,,Yes,652662751,2026-08-25,shipped,Austin Warehouse,Warehouse
000395099,2026-08-25,DMPL-500ML,Dimethyl Phthalate ≥99% Lab Grade,Other Chemicals,2,,Yes,652663292,2026-08-25,shipped,Austin Warehouse,Warehouse
000395186,2026-08-25,TCEL-500ML,Trichloroethylene ≥99.5% Lab Grade,Other Chemicals,3,,Yes,652664500,2026-08-25,shipped,Austin Warehouse,Warehouse
000395573,2026-08-25,ASAPU-1LB,"Ascorbic Acid Powder, USP/Food Grade (FCC), Kosher, Halal",Granular,2,,Yes,652666291,2026-08-25,shipped,Austin Warehouse,Warehouse
000395705,2026-08-25,ASAPU-1LB,"Ascorbic Acid Powder, USP/Food Grade (FCC), Kosher, Halal",Granular,2,,Yes,652666751,2026-08-25,shipped,Austin Warehouse,Warehouse
000395759,2026-08-25,Multiple products,Multiple products,,,,,652666990,2026-08-25,shipped,"PA, Austin Warehouse, Split Order, Restricted Combination - Hydrogen Peroxide",Warehouse
000395774,2026-08-25,Multiple products,Multiple products,,,,,652667282,2026-08-25,shipped,Austin Warehouse,Warehouse
000395807,2026-08-25,HPF12-500mL,"Hydrogen Peroxide 12% Solution, Food Grade, Kosher, Halal",Solutions,2,,No,652667489,2026-08-25,shipped,"Austin Warehouse, Restricted Combination - Hydrogen Peroxide",Warehouse
000395858,2026-08-25,Multiple products,Multiple products,,,,,652667748,2026-08-25,shipped,"Austin Warehouse, Restricted Combination - Glycerin",Warehouse
000395876,2026-08-25,MSAGU-12.5KG,"Magnesium Sulfate Anhydrous Powder, Reagent/USP",Granular,2,,Yes,652668093,2026-08-25,shipped,Austin Warehouse,Warehouse
000395894,2026-08-25,Multiple products,Multiple products,,,,,652668273,2026-08-25,shipped,Austin Warehouse,Warehouse
000395987,2026-08-25,AAL99-500ML,Acetic Acid Glacial 99% Lab Grade,Acids,4,,Yes,652669445,2026-08-25,shipped,"PA, Austin Warehouse, Split Order",Warehouse
000396020,2026-08-25,EAS40B200-1L,"SDA 40B Ethanol 200 Proof (100%), Kosher, Halal",Alcohols,1,,No,652669621,2026-08-25,shipped,"Austin Warehouse, Partial Restriction",Warehouse
000396038,2026-08-25,Multiple products,Multiple products,,,,,652669858,2026-08-25,shipped,"Austin Warehouse, Roshan",Warehouse
000395408,2026-08-25,HPF6-1GAL,"Hydrogen Peroxide 6% Solution, Food Grade, Kosher, Halal",Solutions,2,,No,652679931,2026-08-25,shipped,"Austin Warehouse, Restricted Combination - Hydrogen Peroxide",Warehouse
AMZN-000393158-1,2026-08-25,EAP190-1QTCS,"Ethanol 190 Proof (95%) Non-Denatured Alcohol, USP/FCC Food Grade, Kosher, Halal",Pure Alcohols,1,,No,652698563,2026-08-25,shipped,Austin Warehouse,Warehouse
AMZN-000395960,2026-08-25,EAP190-1QTCS,"Ethanol 190 Proof (95%) Non-Denatured Alcohol, USP/FCC Food Grade, Kosher, Halal",Pure Alcohols,1,,No,652698659,2026-08-25,shipped,Austin Warehouse,Warehouse
AMZN-000395969,2026-08-25,EAP190-1QTCS,"Ethanol 190 Proof (95%) Non-Denatured Alcohol, USP/FCC Food Grade, Kosher, Halal",Pure Alcohols,1,,No,652698829,2026-08-25,shipped,Austin Warehouse,Warehouse
AMZN-000396002,2026-08-25,EAOS190-1QTCS,"Organic Ethyl Alcohol, Sugar Cane, 190 Proof Kosher, Halal, FCC",Pure Alcohols,1,,No,652699112,2026-08-25,shipped,Austin Warehouse,Warehouse
AMZN-000396017,2026-08-25,EAP190-1QTCS,"Ethanol 190 Proof (95%) Non-Denatured Alcohol, USP/FCC Food Grade, Kosher, Halal",Pure Alcohols,1,,No,652699164,2026-08-25,shipped,Austin Warehouse,Warehouse
AMZN-000396029,2026-08-25,EAOS190-1QTCS,"Organic Ethyl Alcohol, Sugar Cane, 190 Proof Kosher, Halal, FCC",Pure Alcohols,1,,No,652699215,2026-08-25,shipped,Austin Warehouse,Warehouse
AMZN-000396134,2026-08-25,EAOS190-1QTCS,"Organic Ethyl Alcohol, Sugar Cane, 190 Proof Kosher, Halal, FCC",Pure Alcohols,1,,No,652699888,2026-08-25,shipped,Austin Warehouse,Warehouse
AMZN-000396092,2026-08-25,EAP190-1QTCS,"Ethanol 190 Proof (95%) Non-Denatured Alcohol, USP/FCC Food Grade, Kosher, Halal",Pure Alcohols,1,,No,652699949,2026-08-25,shipped,Austin Warehouse,Warehouse
AMZN-000396263,2026-08-25,EAOS190-1QTCS,"Organic Ethyl Alcohol, Sugar Cane, 190 Proof Kosher, Halal, FCC",Pure Alcohols,1,,No,652699964,2026-08-25,shipped,Austin Warehouse,Warehouse
AMZN-000396095,2026-08-25,EAOS190-1QTCS,"Organic Ethyl Alcohol, Sugar Cane, 190 Proof Kosher, Halal, FCC",Pure Alcohols,1,,No,652700288,2026-08-25,shipped,Austin Warehouse,Warehouse
AMZN-000396245,2026-08-25,EAOS190-1QTCS,"Organic Ethyl Alcohol, Sugar Cane, 190 Proof Kosher, Halal, FCC",Pure Alcohols,1,,No,652700497,2026-08-25,shipped,Austin Warehouse,Warehouse
AMZN-000396152,2026-08-25,EAP190-1QTCS,"Ethanol 190 Proof (95%) Non-Denatured Alcohol, USP/FCC Food Grade, Kosher, Halal",Pure Alcohols,1,,No,652700514,2026-08-25,shipped,Austin Warehouse,Warehouse
AMZN-000396215,2026-08-25,EAOS190-1QTCS,"Organic Ethyl Alcohol, Sugar Cane, 190 Proof Kosher, Halal, FCC",Pure Alcohols,1,,No,652700728,2026-08-25,shipped,Austin Warehouse,Warehouse
AMZN-000396155,2026-08-25,EAP190-1QTCS,"Ethanol 190 Proof (95%) Non-Denatured Alcohol, USP/FCC Food Grade, Kosher, Halal",Pure Alcohols,1,,No,652700752,2026-08-25,shipped,Austin Warehouse,Warehouse
AMZN-000396308,2026-08-25,EAOS190-1QTCS,"Organic Ethyl Alcohol, Sugar Cane, 190 Proof Kosher, Halal, FCC",Pure Alcohols,1,,No,652700970,2026-08-25,shipped,Austin Warehouse,Warehouse
AMZN-000396158,2026-08-25,EAOS190-1QTCS,"Organic Ethyl Alcohol, Sugar Cane, 190 Proof Kosher, Halal, FCC",Pure Alcohols,1,,No,652701042,2026-08-25,shipped,Austin Warehouse,Warehouse
AMZN-000396368,2026-08-25,EAOS190-1QTCS,"Organic Ethyl Alcohol, Sugar Cane, 190 Proof Kosher, Halal, FCC",Pure Alcohols,1,,No,652701140,2026-08-25,shipped,Austin Warehouse,Warehouse
AMZN-000396380,2026-08-25,EAOS190-1QTCS,"Organic Ethyl Alcohol, Sugar Cane, 190 Proof Kosher, Halal, FCC",Pure Alcohols,1,,No,652701405,2026-08-25,shipped,Austin Warehouse,Warehouse
AMZN-000396770,2026-08-25,EAOS190-1QTCS,"Organic Ethyl Alcohol, Sugar Cane, 190 Proof Kosher, Halal, FCC",Pure Alcohols,1,,No,652701490,2026-08-25,shipped,Austin Warehouse,Warehouse
AMZN-000396773,2026-08-25,EAOS190-1QTCS,"Organic Ethyl Alcohol, Sugar Cane, 190 Proof Kosher, Halal, FCC",Pure Alcohols,1,,No,652701604,2026-08-25,shipped,Austin Warehouse,Warehouse
000395114,2026-08-25,POHYSA01N-500ML,"Potassium Hydroxide 0.1N Solution, Reagent Grade",Solutions,Lab Tech,,Yes,652711197,2026-08-25,shipped,"Austin Warehouse, Roshan",Warehouse
000395225,2026-08-25,HCASA1M-4L,"Hydrochloric Acid 1M, Lab Grade",Acids,Lab Tech,,Yes,652711603,2026-08-25,shipped,"Austin Warehouse, Roshan",Warehouse
000395333,2026-08-25,Multiple products,Multiple products,,,,,652711703,2026-08-25,shipped,"Austin Warehouse, Roshan",Warehouse
000395198,2026-08-25,TCAACA99-500G,"Trichloroacetic Acid 99%, Crystals, ACS Grade",Granular,3,,Yes,652712059,2026-08-25,shipped,Austin Warehouse,Warehouse
000394922,2026-08-25,Multiple products,Multiple products,,,,,652712602,2026-08-25,shipped,Austin Warehouse,Warehouse
000395162,2026-08-25,CASTGL-2.5KG,"Calcium Stearate, Lab Grade",Granular,2,,Yes,652712754,2026-08-25,shipped,Austin Warehouse,Warehouse
000395603,2026-08-25,HPF34-500ML,"Hydrogen Peroxide 34% Food Grade, Kosher, Halal",Solutions,2,,No,652713209,2026-08-25,shipped,"Austin Warehouse, Restricted Combination - Hydrogen Peroxide",Warehouse
000395885,2026-08-25,NBTALCA-1L,"n-Butyl Alcohol, ACS Grade",Alcohols,2,,No,652713447,2026-08-25,shipped,Austin Warehouse,Warehouse
000396110,2026-08-25,Multiple products,Multiple products,,,,,652713797,2026-08-25,shipped,"Austin Warehouse, Restricted Combination - Hydrogen Peroxide",Warehouse
000396113,2026-08-25,ACES-500ML,Acetone 99.5% Semiconductor/ Electronic Grade,Other Chemicals,2,,No,652713957,2026-08-25,shipped,Austin Warehouse,Warehouse
000396125,2026-08-25,Multiple products,Multiple products,,,,,652714068,2026-08-25,shipped,"Austin Warehouse, Roshan",Warehouse
000396140,2026-08-25,HPF30-500ml,"Hydrogen Peroxide 30% Solution, Food Grade, Kosher, Halal",Solutions,2,,No,652714215,2026-08-25,shipped,"Austin Warehouse, Restricted Combination - Hydrogen Peroxide",Warehouse
AMZN-000396185,2026-08-25,EAD190-1QT,"Ethanol 190 Proof (95%) Denatured Alcohol, Kosher, Halal - 1 Quart",Alcohols,1,,No,652714294,2026-08-25,shipped,Austin Warehouse,Warehouse
000396170,2026-08-25,EAP190-1PG,"Ethanol 190 Proof (95%) Non-Denatured Alcohol, USP/FCC Food Grade, Kosher, Halal",Pure Alcohols,1,,No,652714476,2026-08-25,shipped,Austin Warehouse,Warehouse
000396188,2026-08-25,Multiple products,Multiple products,,,,,652714672,2026-08-25,shipped,Austin Warehouse,Warehouse
000396251,2026-08-25,Multiple products,Multiple products,,,,,652714723,2026-08-25,shipped,"Austin Warehouse, Partial Restriction",Warehouse
AMZN-000396287,2026-08-25,PEG8000GN-5LB,"Lab Alley Polyethylene Glycol (PEG) 8000, Granular, NF Grade, Kosher",Granular,2,,Yes,652714904,2026-08-25,shipped,Austin Warehouse,Warehouse
000396350,2026-08-26,EAP200-1PP,"Ethanol 200 Proof (100%) Undenatured Alcohol, USP/FCC Food Grade, Kosher, Halal",Pure Alcohols,1,,No,652758497,2026-08-26,shipped,Austin Warehouse,Warehouse
000396509,2026-08-26,EAP190-1PG,"Ethanol 190 Proof (95%) Non-Denatured Alcohol, USP/FCC Food Grade, Kosher, Halal",Pure Alcohols,1,,No,652759642,2026-08-26,shipped,Austin Warehouse,Warehouse
AMZN-000396929,2026-08-26,HEL-1QT,"Heptane Lab Grade, 1 Gallon Total - 1 Quart",Other Chemicals,2,,No,652776830,2026-08-26,shipped,Austin Warehouse,Warehouse
AMZN-000396890,2026-08-26,HEHP-1QT,n-Heptane 99.9% High Purity Grade - 1 Quart,Other Chemicals,2,,No,652784678,2026-08-26,shipped,Austin Warehouse,Warehouse
AMZN-000396875,2026-08-26,EAP190-1L,"Ethanol 190 Proof (95%) Non-Denatured Alcohol, USP/FCC Food Grade, Kosher, Halal",Pure Alcohols,1,,No,652784777,2026-08-26,shipped,Austin Warehouse,Warehouse
AMZN-000396812,2026-08-26,HEL-1QT,"Heptane Lab Grade, 1 Gallon Total - 1 Quart",Other Chemicals,2,,No,652787297,2026-08-26,shipped,Austin Warehouse,Warehouse
000394748,2026-08-26,Multiple products,Multiple products,,,,,652788019,2026-08-26,shipped,Austin Warehouse,Warehouse
AMZN-000396089,2026-08-26,EAP190-1QTCS,"Ethanol 190 Proof (95%) Non-Denatured Alcohol, USP/FCC Food Grade, Kosher, Halal",Pure Alcohols,,,,652798701,2026-08-26,shipped,Austin Warehouse,Warehouse
AMZN-000396896,2026-08-26,EAP190-1QTCS,"Ethanol 190 Proof (95%) Non-Denatured Alcohol, USP/FCC Food Grade, Kosher, Halal",Pure Alcohols,1,,No,652799284,2026-08-26,shipped,Austin Warehouse,Warehouse
AMZN-000396209,2026-08-26,EAP190-1QTCS,"Ethanol 190 Proof (95%) Non-Denatured Alcohol, USP/FCC Food Grade, Kosher, Halal",Pure Alcohols,1,,No,652799649,2026-08-26,shipped,Austin Warehouse,Warehouse
AMZN-000396656,2026-08-26,EAP190-1QTCS,"Ethanol 190 Proof (95%) Non-Denatured Alcohol, USP/FCC Food Grade, Kosher, Halal",Pure Alcohols,1,,No,652799790,2026-08-26,shipped,Austin Warehouse,Warehouse
000396191,2026-08-26,FMHL37-4L,Formaldehyde 37% Lab Grade,Other Chemicals,3,,Yes,652802323,2026-08-26,shipped,Austin Warehouse,Warehouse
AMZN-000396872,2026-08-26,EAP190-1QTCS,"Ethanol 190 Proof (95%) Non-Denatured Alcohol, USP/FCC Food Grade, Kosher, Halal",Pure Alcohols,1,,No,652825561,2026-08-26,shipped,Austin Warehouse,Warehouse
AMZN-000396986,2026-08-26,EAP190-1QTCS,"Ethanol 190 Proof (95%) Non-Denatured Alcohol, USP/FCC Food Grade, Kosher, Halal",Pure Alcohols,1,,No,652826915,2026-08-26,shipped,Austin Warehouse,Warehouse
AMZN-000396803,2026-08-26,EAP190-1QTCS,"Ethanol 190 Proof (95%) Non-Denatured Alcohol, USP/FCC Food Grade, Kosher, Halal",Pure Alcohols,1,,No,652827424,2026-08-26,shipped,Austin Warehouse,Warehouse
AMZN-000396833,2026-08-26,EAP190-1QTCS,"Ethanol 190 Proof (95%) Non-Denatured Alcohol, USP/FCC Food Grade, Kosher, Halal",Pure Alcohols,1,,No,652827531,2026-08-26,shipped,Austin Warehouse,Warehouse
AMZN-000396665,2026-08-26,EAP190-1QTCS,"Ethanol 190 Proof (95%) Non-Denatured Alcohol, USP/FCC Food Grade, Kosher, Halal",Pure Alcohols,1,,No,652828130,2026-08-26,shipped,Austin Warehouse,Warehouse
AMZN-000396626,2026-08-26,PHAF25-1GAL,"Phosphoric Acid 25% Solution, Food Grade (FCC), Kosher, Halal",Acids,4,,Yes,652828672,2026-08-26,shipped,Austin Warehouse,Warehouse
000394898,2026-08-26,Multiple products,Multiple products,,,,,652830004,2026-08-26,shipped,Austin Warehouse,Warehouse
000394934,2026-08-26,Multiple products,Multiple products,,,,,652830322,2026-08-26,shipped,Austin Warehouse,Warehouse
000395048,2026-08-26,EAP200-1GAL,"Ethanol 200 Proof (100%) Undenatured Alcohol, USP/FCC Food Grade, Kosher, Halal",Pure Alcohols,1,,No,652837650,2026-08-26,shipped,Austin Warehouse,Warehouse
000395252,2026-08-26,Multiple products,Multiple products,,,,,652839335,2026-08-26,shipped,Austin Warehouse,Warehouse
000395348,2026-08-26,Multiple products,Multiple products,,,,,652840057,2026-08-26,shipped,"PA, Austin Warehouse, Split Order",Warehouse
000395420,2026-08-26,Multiple products,Multiple products,,,,,652840453,2026-08-26,shipped,Austin Warehouse,Warehouse
000395429,2026-08-26,Multiple products,Multiple products,,,,,652840741,2026-08-26,shipped,Austin Warehouse,Warehouse
000395798,2026-08-26,DXAGU-1LB,"Dextrose, Anhydrous, USP Grade, Kosher, Halal",Granular,2,,Yes,652842630,2026-08-26,shipped,Austin Warehouse,Warehouse
000395879,2026-08-26,Multiple products,Multiple products,,,,,652842827,2026-08-26,shipped,"Austin Warehouse, Roshan, Restricted Combination - Hydrogen Peroxide",Warehouse
000396521,2026-08-26,EAP190-1PG,"Ethanol 190 Proof (95%) Non-Denatured Alcohol, USP/FCC Food Grade, Kosher, Halal",Pure Alcohols,1,,No,652858596,2026-08-26,shipped,Austin Warehouse,Warehouse
000396524,2026-08-26,EAP190-1PG,"Ethanol 190 Proof (95%) Non-Denatured Alcohol, USP/FCC Food Grade, Kosher, Halal",Pure Alcohols,1,,No,652858799,2026-08-26,shipped,Austin Warehouse,Warehouse
000395897,2026-08-26,HPL12-4L,"Hydrogen Peroxide 12% Solution, Lab Grade",Solutions,2,,No,652859196,2026-08-26,shipped,"Austin Warehouse, Restricted Combination - Hydrogen Peroxide",Warehouse
000395915,2026-08-26,Multiple products,Multiple products,,,,,652859647,2026-08-26,shipped,Austin Warehouse,Warehouse
000395927,2026-08-26,SOCHLGL-12.5KG,"Sodium Chloride, Lab Grade",Granular,2,,Yes,652860274,2026-08-26,shipped,Austin Warehouse,Warehouse
000396044,2026-08-26,PGF-5GAL,"Propylene Glycol 99.5% USP/NF/FCC/Food Grade, Kosher, Halal",Other Chemicals,1,,No,652860732,2026-08-26,shipped,Austin Warehouse,Warehouse
000396242,2026-08-26,Multiple products,Multiple products,,,,,652861870,2026-08-26,shipped,Austin Warehouse,Warehouse
000396314,2026-08-26,Multiple products,Multiple products,,,,,652862228,2026-08-26,shipped,Austin Warehouse,Warehouse
000396320,2026-08-26,CAFU-2.5kg,"Caffeine Powder, USP/FCC/Food Grade, Kosher, Halal",Granular,3,,Yes,652862407,2026-08-26,shipped,Austin Warehouse,Warehouse
000396341,2026-08-26,MAL-1L,Methanol 99.85% Lab Grade,Alcohols,2,,No,652862538,2026-08-26,shipped,Austin Warehouse,Warehouse
000396443,2026-08-26,TCAACLA25-1OZ,Trichloroacetic Acid 25% Solution,Acids,3,,Yes,652863046,2026-08-26,shipped,Austin Warehouse,Warehouse
000396458,2026-08-26,SOBZGF-1LB,"Sodium Benzoate, Food Grade, Kosher, Halal",Granular,3,,Yes,652863364,2026-08-26,shipped,Austin Warehouse,Warehouse
000396464,2026-08-26,IPAS99-1L,"Isopropyl Alcohol, 99% Semiconductor/ Electronic Grade",Alcohols,1,,No,652863974,2026-08-26,shipped,Austin Warehouse,Warehouse
000396482,2026-08-26,PGF-5GAL,"Propylene Glycol 99.5% USP/NF/FCC/Food Grade, Kosher, Halal",Other Chemicals,1,,No,652864780,2026-08-26,shipped,Austin Warehouse,Warehouse
000396590,2026-08-26,HXA-1L,Hexanes ACS Grade,Other Chemicals,2,,No,652865984,2026-08-26,shipped,Austin Warehouse,Warehouse
000396026,2026-08-26,Multiple products,Multiple products,,,,,652898174,2026-08-26,shipped,Austin Warehouse,Warehouse
000395264,2026-08-26,SUAS39L-500ML,"Sulfuric Acid 39% Solution, Lab Grade",Solutions,4,,Yes,652900533,2026-08-26,shipped,,
000395501,2026-08-26,FAL90-500ML,"Formic Acid 90% Solution, Lab Grade",Acids,4,,Yes,652901444,2026-08-26,shipped,Austin Warehouse,Warehouse
000395633,2026-08-26,Multiple products,Multiple products,,,,,652901940,2026-08-26,shipped,"Austin Warehouse, Roshan",Warehouse
000396329,2026-08-26,Multiple products,"Hydrogen Peroxide 32% Solution, Lab Grade",Solutions,,,,652902601,2026-08-26,shipped,"Austin Warehouse, Restricted Combination - Hydrogen Peroxide",Warehouse
000396488,2026-08-26,WAD-4L,"Deionized Water Lab Grade, Kosher",Other Chemicals,1,,No,652903223,2026-08-26,shipped,"Austin Warehouse, Split Order, US, Restricted Combination - Hydrogen Peroxide",Warehouse
000396671,2026-08-26,CAFU-1KG,"Caffeine Powder, USP/FCC/Food Grade, Kosher, Halal",Granular,3,,Yes,652903574,2026-08-26,shipped,Austin Warehouse,Warehouse
000396719,2026-08-26,HEHP-500ML,n-Heptane 99% High Purity Grade,Other Chemicals,2,,No,652905163,2026-08-26,shipped,Austin Warehouse,Warehouse
000396725,2026-08-26,EAP200-1PP,"Ethanol 200 Proof (100%) Undenatured Alcohol, USP/FCC Food Grade, Kosher, Halal",Pure Alcohols,1,,No,652905394,2026-08-26,shipped,Austin Warehouse,Warehouse
000394889,2026-08-26,Multiple products,Multiple products,,,,,652908264,2026-08-26,shipped,Austin Warehouse,Warehouse
000394817,2026-08-26,Multiple products,Multiple products,,,,,652909007,2026-08-26,shipped,Austin Warehouse,Warehouse
000395024,2026-08-26,Multiple products,Multiple products,,,,,652909183,2026-08-26,shipped,Austin Warehouse,Warehouse
AMZN-000396014,2026-08-26,ACW325P-5LB,"Activated Carbon (Charcoal) Powder, Food Grade, Kosher, Halal, Wood Based",Granular,2,,Yes,652909592,2026-08-26,shipped,Austin Warehouse,Warehouse
AMZN-000396935,2026-08-26,ACW325P-5LB,"Activated Carbon (Charcoal) Powder, Food Grade, Kosher, Halal, Wood Based",Granular,2,,Yes,652909644,2026-08-26,shipped,Austin Warehouse,Warehouse
000395369,2026-08-26,Multiple products,Multiple products,,,,,652910911,2026-08-26,shipped,Austin Warehouse,Warehouse
000396473,2026-08-26,ASAPU-2.5KG,"Ascorbic Acid Powder, USP/Food Grade (FCC), Kosher, Halal",Granular,2,,Yes,652911459,2026-08-26,shipped,Austin Warehouse,Warehouse
000396557,2026-08-26,PGSL60-4L,"Propylene Glycol 60% Solution, Lab Grade",Solutions,1,,No,652911945,2026-08-26,shipped,Austin Warehouse,Warehouse
000396527,2026-08-26,EAP190-1PG,"Ethanol 190 Proof (95%) Non-Denatured Alcohol, USP/FCC Food Grade, Kosher, Halal",Pure Alcohols,1,,No,652913299,2026-08-26,shipped,Austin Warehouse,Warehouse
000396530,2026-08-26,EAP190-1PG,"Ethanol 190 Proof (95%) Non-Denatured Alcohol, USP/FCC Food Grade, Kosher, Halal",Pure Alcohols,1,,No,652913404,2026-08-26,shipped,Austin Warehouse,Warehouse
000395129,2026-08-26,MAACGF50-5GAL,"Malic Acid 50% w/v Solution, Food Grade, Kosher, Halal",Solutions,Lab Tech,Lab Tech,Yes,652923540,2026-08-26,shipped,Austin Warehouse,Warehouse
AMZN-000396212,2026-08-26,Multiple products,Multiple products,,,,,652924477,2026-08-26,shipped,Austin Warehouse,Warehouse
AMZN-000396851,2026-08-26,EAOS190-1QTCS,"Organic Ethyl Alcohol, Sugar Cane, 190 Proof Kosher, Halal, FCC",Pure Alcohols,1,,No,652927940,2026-08-26,shipped,Austin Warehouse,Warehouse
AMZN-000397064,2026-08-26,EAOS190-1QTCS,"Organic Ethyl Alcohol, Sugar Cane, 190 Proof Kosher, Halal, FCC",Pure Alcohols,1,,No,652928072,2026-08-26,shipped,Austin Warehouse,Warehouse
AMZN-000397115,2026-08-26,EAOS190-1QTCS,"Organic Ethyl Alcohol, Sugar Cane, 190 Proof Kosher, Halal, FCC",Pure Alcohols,1,,No,652928199,2026-08-26,shipped,Austin Warehouse,Warehouse
AMZN-000397109,2026-08-26,EAOS190-1QTCS,"Organic Ethyl Alcohol, Sugar Cane, 190 Proof Kosher, Halal, FCC",Pure Alcohols,1,,No,652928276,2026-08-26,shipped,Austin Warehouse,Warehouse
AMZN-000397175,2026-08-26,EAOS190-1QTCS,"Organic Ethyl Alcohol, Sugar Cane, 190 Proof Kosher, Halal, FCC",Pure Alcohols,1,,No,652928355,2026-08-26,shipped,Austin Warehouse,Warehouse
AMZN-000397229,2026-08-26,EAOS190-1QTCS,"Organic Ethyl Alcohol, Sugar Cane, 190 Proof Kosher, Halal, FCC",Pure Alcohols,1,,No,652928398,2026-08-26,shipped,Austin Warehouse,Warehouse
AMZN-000388440-1,2026-08-26,EAOS190-1QTCS,"Organic Ethyl Alcohol, Sugar Cane, 190 Proof Kosher, Halal, FCC",Pure Alcohols,1,,No,652928483,2026-08-26,shipped,Austin Warehouse,Warehouse
AMZN-000397031,2026-08-27,EGL-1GAL,Ethylene Glycol 99% Lab Grade,Other Chemicals,3,,No,652988128,2026-08-27,shipped,Austin Warehouse,Warehouse
AMZN-000396998,2026-08-27,LAF88-1GAL,"Lactic Acid 88%, Food Grade (FCC), Kosher",Acids,4,,No,652988185,2026-08-27,shipped,Austin Warehouse,Warehouse
AMZN-000397070,2026-08-27,ACW325P-5LB,"Activated Carbon (Charcoal) Powder, Food Grade, Kosher, Halal, Wood Based",Granular,2,,Yes,652988806,2026-08-27,shipped,Austin Warehouse,Warehouse
AMZN-000397088,2026-08-27,HXL-1QT,Hexanes Lab  - 1 Quart,Other Chemicals,2,,No,652989266,2026-08-27,shipped,Austin Warehouse,Warehouse
AMZN-000397403,2026-08-27,PEG400F-1GAL,"Polyethylene Glycol (PEG) 400 Food Grade (FCC), Kosher, Halal",Other Chemicals,1,,No,652990812,2026-08-27,shipped,Austin Warehouse,Warehouse
WMT000397421,2026-08-27,EAD140-1QT,"Lab Alley Denatured Ethanol 140 Proof, Kosher Certified, Halal, GMO-Free, Great for Cleaning - 1 Quart",Alcohols,1,,No,652991842,2026-08-27,shipped,Austin Warehouse,Warehouse
AMZN-000397439,2026-08-27,EAD190-1QT,"Ethanol 190 Proof (95%) Denatured Alcohol, Kosher, Halal - 1 Quart",Alcohols,1,,No,652992134,2026-08-27,shipped,Austin Warehouse,Warehouse
000394829,2026-08-27,Multiple products,Multiple products,,,,,652993881,2026-08-27,shipped,Austin Warehouse,Warehouse
000396536,2026-08-27,EAP190-1PG,"Ethanol 190 Proof (95%) Non-Denatured Alcohol, USP/FCC Food Grade, Kosher, Halal",Pure Alcohols,1,,No,652994516,2026-08-27,shipped,Austin Warehouse,Warehouse
000396539,2026-08-27,EAP190-1PG,"Ethanol 190 Proof (95%) Non-Denatured Alcohol, USP/FCC Food Grade, Kosher, Halal",Pure Alcohols,1,,No,652994707,2026-08-27,shipped,Austin Warehouse,Warehouse
000396542,2026-08-27,EAP190-1PG,"Ethanol 190 Proof (95%) Non-Denatured Alcohol, USP/FCC Food Grade, Kosher, Halal",Pure Alcohols,1,,No,652995620,2026-08-27,shipped,Austin Warehouse,Warehouse
000396560,2026-08-27,EAP190-1PG,"Ethanol 190 Proof (95%) Non-Denatured Alcohol, USP/FCC Food Grade, Kosher, Halal",Pure Alcohols,1,,No,652995724,2026-08-27,shipped,Austin Warehouse,Warehouse
000396563,2026-08-27,EAP190-1PG,"Ethanol 190 Proof (95%) Non-Denatured Alcohol, USP/FCC Food Grade, Kosher, Halal",Pure Alcohols,1,,No,652996052,2026-08-27,shipped,Austin Warehouse,Warehouse
000395204,2026-08-27,OXAGL-2.5KG,"Oxalic Acid Crystals, Lab Grade",Granular,3,,Yes,652996851,2026-08-27,shipped,"PA, Austin Warehouse, Split Order",Warehouse
000395474,2026-08-27,URPU-2.5KG,"Urea Crystalline Powder 99%, USP Grade",Granular,2,,Yes,652997382,2026-08-27,shipped,Austin Warehouse,Warehouse
000395594,2026-08-27,CACPU-1LB,"Calcium Carbonate Powder, USP/FCC/Food Grade, Kosher, Halal",Granular,2,,Yes,652998172,2026-08-27,shipped,Austin Warehouse,Warehouse
000396620,2026-08-27,EAP190-1PG,"Ethanol 190 Proof (95%) Non-Denatured Alcohol, USP/FCC Food Grade, Kosher, Halal",Pure Alcohols,1,,No,653006150,2026-08-27,shipped,Austin Warehouse,Warehouse
000396644,2026-08-27,FMHL37-4L,Formaldehyde 37% Lab Grade,Other Chemicals,3,,Yes,653007022,2026-08-27,shipped,Austin Warehouse,Warehouse
000395003,2026-08-27,Multiple products,Multiple products,,,,,653013863,2026-08-27,shipped,"PA, Austin Warehouse, Split Order, Restricted Combination - Nitric Acid",Warehouse
000395261,2026-08-27,MASTGU-1KG,"Magnesium Stearate, USP/FCC Grade",Granular,2,,Yes,653014293,2026-08-27,shipped,,
000395294,2026-08-27,Multiple products,Multiple products,,,,,653014997,2026-08-27,shipped,Austin Warehouse,Warehouse
000395441,2026-08-27,Multiple products,Multiple products,,,,,653015524,2026-08-27,shipped,Austin Warehouse,Warehouse
000396815,2026-08-27,IPAL99-1L,Isopropyl Alcohol 99.8% Lab Grade,Alcohols,1,,No,653029608,2026-08-27,shipped,Austin Warehouse,Warehouse
000396818,2026-08-27,DEGMEL-1L,Diethylene Glycol Monoethyl Ether Lab Grade,Other Chemicals,1,,No,653029969,2026-08-27,shipped,Austin Warehouse,Warehouse
000396827,2026-08-27,EAP200-1L,"Ethanol 200 Proof (100%) Undenatured Alcohol, USP/FCC Food Grade, Kosher, Halal",Pure Alcohols,1,,No,653030053,2026-08-27,shipped,Austin Warehouse,Warehouse
000396422,2026-08-27,CACPU-500G,"Calcium Carbonate Powder, USP/FCC/Food Grade, Kosher, Halal",Granular,2,,Yes,653035583,2026-08-27,shipped,Austin Warehouse,Warehouse
000396425,2026-08-27,HPA30-500mL,"Hydrogen Peroxide 30% Solution, ACS Grade",Solutions,2,,No,653035719,2026-08-27,shipped,"Austin Warehouse, Restricted Combination - Hydrogen Peroxide",Warehouse
000396668,2026-08-27,HPF30-500ml,"Hydrogen Peroxide 30% Solution, Food Grade, Kosher, Halal",Solutions,2,,No,653036192,2026-08-27,shipped,"Austin Warehouse, Restricted Combination - Hydrogen Peroxide",Warehouse
000396722,2026-08-27,IPAL99-1L,Isopropyl Alcohol 99.8% Lab Grade,Alcohols,1,,No,653037555,2026-08-27,shipped,Austin Warehouse,Warehouse
000396734,2026-08-27,EAP190-1PG,"Ethanol 190 Proof (95%) Non-Denatured Alcohol, USP/FCC Food Grade, Kosher, Halal",Pure Alcohols,1,,No,653037802,2026-08-27,shipped,Austin Warehouse,Warehouse
000396746,2026-08-27,ETACA-500ML,Ethyl Acetate 99.5% ACS Grade,Other Chemicals,2,,No,653038075,2026-08-27,shipped,Austin Warehouse,Warehouse
000396779,2026-08-27,PGF-5GAL,"Propylene Glycol 99.5% USP/NF/FCC/Food Grade, Kosher, Halal",Other Chemicals,1,,No,653038415,2026-08-27,shipped,Austin Warehouse,Warehouse
000396842,2026-08-27,Multiple products,Multiple products,Other Chemicals,,,,653038877,2026-08-27,shipped,"PA, Austin Warehouse, Split Order",Warehouse
000396848,2026-08-27,IPAU99-500ML,"Isopropyl Alcohol 99.8% USP Grade, Kosher, Halal",Alcohols,1,,No,653039258,2026-08-27,shipped,Austin Warehouse,Warehouse
000396860,2026-08-27,MCTC-1L,"MCT Oil Coconut Based USP/FCC/Food Grade, Kosher, Halal",Other Chemicals,1,,No,653039379,2026-08-27,shipped,Austin Warehouse,Warehouse
000396863,2026-08-27,CAFU-500G,"Caffeine Powder, USP/FCC/Food Grade, Kosher, Halal",Granular,3,,Yes,653039485,2026-08-27,shipped,Austin Warehouse,Warehouse
000396878,2026-08-27,EAP190-1L,"Ethanol 190 Proof (95%) Non-Denatured Alcohol, USP/FCC Food Grade, Kosher, Halal",Pure Alcohols,1,,No,653039590,2026-08-27,shipped,Austin Warehouse,Warehouse
000396881,2026-08-27,MCTOC-500ML,"Organic MCT Oil, Kosher, Halal, USP/FCC",Other Chemicals,1,,No,653039766,2026-08-27,shipped,Austin Warehouse,Warehouse
000396887,2026-08-27,TCAACLA50-1OZ,"Trichloroacetic Acid, 50%",Acids,3,,Yes,653039895,2026-08-27,shipped,Austin Warehouse,Warehouse
000396911,2026-08-27,EAOC200-500mL,"Organic Ethyl Alcohol, Corn, 200 Proof, Kosher, Halal, FCC",Pure Alcohols,1,,No,653040056,2026-08-27,shipped,Austin Warehouse,Warehouse
000396944,2026-08-27,EAOS190-5GAL,"Organic Ethyl Alcohol, Sugar Cane, 190 Proof Kosher, Halal, FCC",Pure Alcohols,1,,No,653040210,2026-08-27,shipped,Austin Warehouse,Warehouse
000396947,2026-08-27,AAF99-500ML,"Acetic Acid Glacial 99% FCC/Food Grade, Kosher, Halal",Acids,4,,Yes,653040437,2026-08-27,shipped,Austin Warehouse,Warehouse
000396971,2026-08-27,TCAACLA85-1OZ,"Trichloroacetic Acid, 85%",Acids,3,,Yes,653064919,2026-08-27,shipped,Austin Warehouse,Warehouse
000397004,2026-08-27,GLF-5GAL,"Glycerin 99% USP/NF/FCC/Food Grade, Kosher, Halal",Other Chemicals,1,,No,653065625,2026-08-27,shipped,"Austin Warehouse, Restricted Combination - Glycerin",Warehouse
000397073,2026-08-27,CAFU-1KG,"Caffeine Powder, USP/FCC/Food Grade, Kosher, Halal",Granular,3,,Yes,653065827,2026-08-27,shipped,Austin Warehouse,Warehouse
000397091,2026-08-27,ACES-1L,Acetone 99.5% Semiconductor/ Electronic Grade,Other Chemicals,2,,No,653066094,2026-08-27,shipped,Austin Warehouse,Warehouse
000397142,2026-08-27,SUAA96-1L,"Sulfuric Acid 96% ACS Reagent Grade Solution (95-98%, Concentrated H2SO4)",Acids,4,,Yes,653066341,2026-08-27,shipped,Austin Warehouse,Warehouse
000397205,2026-08-27,HCLA37-500ML,"Hydrochloric Acid 37% Solution, ACS Reagent Grade",Acids,4,,Yes,653066637,2026-08-27,shipped,"PA, Austin Warehouse, Split Order",Warehouse
000397259,2026-08-27,Multiple products,Multiple products,Other Chemicals,,,,653067065,2026-08-27,shipped,Austin Warehouse,Warehouse
000397325,2026-08-27,BZKNF50-500ML,"Benzalkonium Chloride 50% Solution, NF Grade",Solutions,3,,No,653068252,2026-08-27,shipped,"PA, Austin Warehouse, Split Order",Warehouse
000397352,2026-08-27,CAFU-1LB,"Caffeine Powder, USP/FCC/Food Grade, Kosher, Halal",Granular,3,,Yes,653068426,2026-08-27,shipped,Austin Warehouse,Warehouse
000397358,2026-08-27,IPAL99-500ML,Isopropyl Alcohol 99.8% Lab Grade,Alcohols,1,,No,653068634,2026-08-27,shipped,"PA, Austin Warehouse, Split Order",Warehouse
000397373,2026-08-27,TCAACLA85-1OZ,"Trichloroacetic Acid, 85%",Acids,3,,Yes,653068801,2026-08-27,shipped,Austin Warehouse,Warehouse
000397391,2026-08-27,TCAACLA85-1OZ,"Trichloroacetic Acid, 85%",Acids,3,,Yes,653068930,2026-08-27,shipped,Austin Warehouse,Warehouse
000397436,2026-08-27,CAFU-1KG,"Caffeine Powder, USP/FCC/Food Grade, Kosher, Halal",Granular,3,,Yes,653069163,2026-08-27,shipped,Austin Warehouse,Warehouse
000397445,2026-08-27,Multiple products,Multiple products,,,,,653069616,2026-08-27,shipped,"Austin Warehouse, Restricted Combination - Hydrogen Peroxide",Warehouse
000397469,2026-08-27,SUAL93-500ML,"Sulfuric Acid 93% (92-94%) Solution, Lab Grade",Acids,4,,Yes,653069750,2026-08-27,shipped,Austin Warehouse,Warehouse
000397550,2026-08-27,MEKLL-500ML,"Methyl Ethyl Ketone (MEK), Lab Grade",Other Chemicals,2,,No,653069944,2026-08-27,shipped,Austin Warehouse,Warehouse
AMZN-000397607,2026-08-27,ACW325P-2LB,"Activated Carbon (Charcoal) Powder, Food Grade, Kosher, Halal, Wood Based",Granular,2,,Yes,653070211,2026-08-27,shipped,Austin Warehouse,Warehouse
000395153,2026-08-27,Multiple products,Multiple products,,,,,653087776,2026-08-27,shipped,"Austin Warehouse, Restricted Combination - Nitric Acid",Warehouse
000397346,2026-08-27,HXHP-500ML,n-Hexane 95% High Purity Grade,Other Chemicals,2,,No,653108907,2026-08-27,shipped,"Austin Warehouse, Split Order, US, United Scientific",Warehouse
000397406,2026-08-27,HPL34-500ML,"Hydrogen Peroxide 34% Solution, Lab Grade",Solutions,2,,No,653109442,2026-08-27,shipped,"Austin Warehouse, Restricted Combination - Hydrogen Peroxide",Warehouse
000396635,2026-08-27,Multiple products,Multiple products,,,,,653113284,2026-08-27,shipped,"Austin Warehouse, Restricted Combination - Nitric Acid",Warehouse
000395954,2026-08-27,SHYSC1-1L,"Sodium Hyaluronate 1% w/v Solution, Cosmetic Grade",Solutions,Lab Tech,,Yes,653117893,2026-08-27,shipped,Austin Warehouse,Warehouse
AMZN-000397604,2026-08-27,EAOS190-1QTCS,"Organic Ethyl Alcohol, Sugar Cane, 190 Proof Kosher, Halal, FCC",Pure Alcohols,1,,No,653142869,2026-08-27,shipped,Austin Warehouse,Warehouse
AMZN-000397484,2026-08-27,EAP190-1QTCS,"Ethanol 190 Proof (95%) Non-Denatured Alcohol, USP/FCC Food Grade, Kosher, Halal",Pure Alcohols,1,,No,653142908,2026-08-27,shipped,Austin Warehouse,Warehouse
AMZN-000397463,2026-08-27,EAP190-1QTCS,"Ethanol 190 Proof (95%) Non-Denatured Alcohol, USP/FCC Food Grade, Kosher, Halal",Pure Alcohols,1,,No,653142956,2026-08-27,shipped,Austin Warehouse,Warehouse
AMZN-000397457,2026-08-27,EAP190-1QTCS,"Ethanol 190 Proof (95%) Non-Denatured Alcohol, USP/FCC Food Grade, Kosher, Halal",Pure Alcohols,1,,No,653143040,2026-08-27,shipped,Austin Warehouse,Warehouse
AMZN-000397442,2026-08-27,EAP190-1QTCS,"Ethanol 190 Proof (95%) Non-Denatured Alcohol, USP/FCC Food Grade, Kosher, Halal",Pure Alcohols,1,,No,653143084,2026-08-27,shipped,Austin Warehouse,Warehouse
AMZN-000397433,2026-08-27,EAOS190-1QTCS,"Organic Ethyl Alcohol, Sugar Cane, 190 Proof Kosher, Halal, FCC",Pure Alcohols,1,,No,653143110,2026-08-27,shipped,Austin Warehouse,Warehouse
AMZN-000397418,2026-08-27,EAP190-1QTCS,"Ethanol 190 Proof (95%) Non-Denatured Alcohol, USP/FCC Food Grade, Kosher, Halal",Pure Alcohols,1,,No,653143170,2026-08-27,shipped,Austin Warehouse,Warehouse
AMZN-000397409,2026-08-27,EAOS190-1QTCS,"Organic Ethyl Alcohol, Sugar Cane, 190 Proof Kosher, Halal, FCC",Pure Alcohols,1,,No,653143203,2026-08-27,shipped,Austin Warehouse,Warehouse
AMZN-000397274,2026-08-27,EAP190-1QTCS,"Ethanol 190 Proof (95%) Non-Denatured Alcohol, USP/FCC Food Grade, Kosher, Halal",Pure Alcohols,1,,No,653143359,2026-08-27,shipped,Austin Warehouse,Warehouse
AMZN-000397136,2026-08-27,EAP190-1QTCS,"Ethanol 190 Proof (95%) Non-Denatured Alcohol, USP/FCC Food Grade, Kosher, Halal",Pure Alcohols,1,,No,653143392,2026-08-27,shipped,Austin Warehouse,Warehouse
AMZN-000397103,2026-08-27,EAP190-1QTCS,"Ethanol 190 Proof (95%) Non-Denatured Alcohol, USP/FCC Food Grade, Kosher, Halal",Pure Alcohols,1,,No,653143538,2026-08-27,shipped,Austin Warehouse,Warehouse
AMZN-000397100,2026-08-27,EAP190-1QTCS,"Ethanol 190 Proof (95%) Non-Denatured Alcohol, USP/FCC Food Grade, Kosher, Halal",Pure Alcohols,1,,No,653143577,2026-08-27,shipped,Austin Warehouse,Warehouse
AMZN-000397085,2026-08-27,EAP190-1QTCS,"Ethanol 190 Proof (95%) Non-Denatured Alcohol, USP/FCC Food Grade, Kosher, Halal",Pure Alcohols,1,,No,653143653,2026-08-27,shipped,Austin Warehouse,Warehouse
AMZN-000397067,2026-08-27,EAP190-1QTCS,"Ethanol 190 Proof (95%) Non-Denatured Alcohol, USP/FCC Food Grade, Kosher, Halal",Pure Alcohols,1,,No,653143751,2026-08-27,shipped,Austin Warehouse,Warehouse
AMZN-000397799,2026-08-28,HXL-1QT,Hexanes Lab  - 1 Quart,Other Chemicals,2,,No,653202235,2026-08-28,shipped,Austin Warehouse,Warehouse
AMZN-000397742,2026-08-28,LAF88-1GAL,"Lactic Acid 88%, Food Grade (FCC), Kosher",Acids,4,,No,653202464,2026-08-28,shipped,Austin Warehouse,Warehouse
AMZN-000397208,2026-08-28,PENHP-1L,n-Pentane ≥99% High Purity Grade,Other Chemicals,2,,No,653202656,2026-08-28,shipped,Austin Warehouse,Warehouse
AMZN-000396752,2026-08-28,CAMCU-1LB,"Camphor, Crystals, USP Grade, Kosher",Granular,3,,Yes,653203005,2026-08-28,shipped,Austin Warehouse,Warehouse
WMT000398024,2026-08-28,PETHP-1L,Petroleum Ether High Purity Grade,Other Chemicals,2,,No,653203348,2026-08-28,shipped,Austin Warehouse,Warehouse
AMZN-000398006,2026-08-28,MCTC-1GAL,"MCT Oil Coconut Based USP/FCC/Food Grade, Kosher, Halal",Other Chemicals,1,,No,653203487,2026-08-28,shipped,Austin Warehouse,Warehouse
000395090,2026-08-28,PEG4000GL-25KG,"Polyethylene Glycol (PEG) 4000, Granular, Lab Grade, Kosher",Granular,2,,Yes,653204821,2026-08-28,shipped,Austin Warehouse,Warehouse
000395636,2026-08-28,DXMPF-2.5KG,"Dextrose, Monohydrate, FCC Grade, Powder, Kosher, Halal",Granular,2,,Yes,653205143,2026-08-28,shipped,Austin Warehouse,Warehouse
000395906,2026-08-28,Multiple products,Multiple products,,,,,653206751,2026-08-28,shipped,"Austin Warehouse, Roshan",Warehouse
000395909,2026-08-28,MANPU-500G,"Mannitol, Powder, USP Grade",Granular,2,,Yes,653207412,2026-08-28,shipped,Austin Warehouse,Warehouse
000395963,2026-08-28,Multiple products,Multiple products,,,,,653208394,2026-08-28,shipped,Austin Warehouse,Warehouse
000396011,2026-08-28,MANPU-1KG,"Mannitol, Powder, USP Grade",Granular,2,,Yes,653228918,2026-08-28,shipped,Austin Warehouse,Warehouse
000396035,2026-08-28,Multiple products,Multiple products,,,,,653229136,2026-08-28,shipped,"Austin Warehouse, Roshan",Warehouse
000396053,2026-08-28,SOBZGF-12.5KG,"Sodium Benzoate, Food Grade, Kosher, Halal",Granular,3,,Yes,653230416,2026-08-28,shipped,"PA, Austin Warehouse, Split Order",Warehouse
000396068,2026-08-28,MANPU-1KG,"Mannitol, Powder, USP Grade",Granular,2,,Yes,653230551,2026-08-28,shipped,Austin Warehouse,Warehouse
000396146,2026-08-28,POIDGU-1kg,"Potassium Iodide Powder (Crystals) USP/FCC/Food Grade, Kosher",Granular,3,,Yes,653231058,2026-08-28,shipped,Austin Warehouse,Warehouse
000396236,2026-08-28,Multiple products,Multiple products,,,,,653231904,2026-08-28,shipped,Austin Warehouse,Warehouse
000396272,2026-08-28,SHYSC1-1GAL,"Sodium Hyaluronate 1% w/v Solution, Cosmetic Grade",Solutions,Lab Tech,,Yes,653232873,2026-08-28,shipped,Austin Warehouse,Warehouse
000396290,2026-08-28,SAPU99-2.5KG,"Salicylic Acid Powder ≥99.5% USP Grade, Kosher, Halal",Granular,3,,Yes,653233124,2026-08-28,shipped,Austin Warehouse,Warehouse
000396455,2026-08-28,MANPU-12.5KG,"Mannitol, Powder, USP Grade",Granular,2,,Yes,653233392,2026-08-28,shipped,Austin Warehouse,Warehouse
AMZN-000398018,2026-08-28,EAP190-1QTCS,"Ethanol 190 Proof (95%) Non-Denatured Alcohol, USP/FCC Food Grade, Kosher, Halal",Pure Alcohols,1,,No,653246989,2026-08-28,shipped,Austin Warehouse,Warehouse
AMZN-000397970,2026-08-28,EAP190-1QTCS,"Ethanol 190 Proof (95%) Non-Denatured Alcohol, USP/FCC Food Grade, Kosher, Halal",Pure Alcohols,1,,No,653247071,2026-08-28,shipped,Austin Warehouse,Warehouse
AMZN-000397850,2026-08-28,EAP190-1QTCS,"Ethanol 190 Proof (95%) Non-Denatured Alcohol, USP/FCC Food Grade, Kosher, Halal",Pure Alcohols,1,,No,653247132,2026-08-28,shipped,Austin Warehouse,Warehouse
AMZN-000397877,2026-08-28,EAP190-1QTCS,"Ethanol 190 Proof (95%) Non-Denatured Alcohol, USP/FCC Food Grade, Kosher, Halal",Pure Alcohols,1,,No,653247234,2026-08-28,shipped,Austin Warehouse,Warehouse
000394985,2026-08-28,Multiple products,Multiple products,Granular,,,,653265427,2026-08-28,shipped,"PA, Austin Warehouse, Split Order",Warehouse
000395165,2026-08-28,Multiple products,Multiple products,Granular,,,,653266573,2026-08-28,shipped,Austin Warehouse,Warehouse
000395477,2026-08-28,SOBICGU-1LB,"Sodium Bicarbonate, USP/FCC Grade, Kosher, Halal",Granular,2,,Yes,653267327,2026-08-28,shipped,Austin Warehouse,Warehouse
000395870,2026-08-28,SOBICGU-500G,"Sodium Bicarbonate, USP/FCC Grade, Kosher, Halal",Granular,2,,Yes,653267847,2026-08-28,shipped,Austin Warehouse,Warehouse
000396071,2026-08-28,Multiple products,Multiple products,Granular,,,,653268189,2026-08-28,shipped,Austin Warehouse,Warehouse
000396101,2026-08-28,Multiple products,Multiple products,,,,,653268460,2026-08-28,shipped,Austin Warehouse,Warehouse
000396143,2026-08-28,ZNCHLGL-2.5KG,"Zinc Chloride, Granular, Lab Grade",Granular,3,,Yes,653268825,2026-08-28,shipped,Austin Warehouse,Warehouse
000396278,2026-08-28,SOCTGU-1LB,Sodium Citrate Dihydrate USP/FCC Grade,Granular,3,,Yes,653269064,2026-08-28,shipped,Austin Warehouse,Warehouse
000396548,2026-08-28,TEAL99-1GAL,Triethanolamine 99% Lab Grade,Solutions,3,,No,653269475,2026-08-28,shipped,Austin Warehouse,Warehouse
000396692,2026-08-28,TRIX114-1L,Triton X-114 Surfactant,Other Chemicals,3,,No,653269671,2026-08-28,shipped,Austin Warehouse,Warehouse
000396740,2026-08-28,TEAL99-500ML,Triethanolamine 99% Lab Grade,Solutions,3,,No,653269945,2026-08-28,shipped,Austin Warehouse,Warehouse
000396977,2026-08-28,MANPU-2.5KG,"Mannitol, Powder, USP Grade",Granular,2,,Yes,653270549,2026-08-28,shipped,Austin Warehouse,Warehouse
000397112,2026-08-28,EELA-500ML,Ethyl Ether ≥99% ACS Grade,Other Chemicals,2,,Yes,653270995,2026-08-28,shipped,"Austin Warehouse, Restricted Chemical",Warehouse
000397130,2026-08-28,SOCHLGL-1KG,"Sodium Chloride, Lab Grade",Granular,2,,Yes,653271693,2026-08-28,shipped,"PA, Austin Warehouse, Split Order",Warehouse
000397211,2026-08-28,EAD190-1L,"Ethanol 190 Proof (95%) Denatured Alcohol, Kosher, Halal",Alcohols,1,,No,653272009,2026-08-28,shipped,Austin Warehouse,Warehouse
000397307,2026-08-28,SOBZGF-1LB,"Sodium Benzoate, Food Grade, Kosher, Halal",Granular,3,,Yes,653272266,2026-08-28,shipped,Austin Warehouse,Warehouse
000397361,2026-08-28,MANPU-2.5KG,"Mannitol, Powder, USP Grade",Granular,2,,Yes,653272514,2026-08-28,shipped,Austin Warehouse,Warehouse
000397379,2026-08-28,MOLLU-4L,"Light Mineral Oil, USP Grade, Kosher, Halal",Other Chemicals,1,,No,653272723,2026-08-28,shipped,Austin Warehouse,Warehouse
000397382,2026-08-28,TALCGU-12.5KG,"Purified Talcum Powder, USP/FCC Grade, Kosher, Halal",Granular,3,,Yes,653272924,2026-08-28,shipped,Austin Warehouse,Warehouse
000397466,2026-08-28,SHYSC1-500ML,"Sodium Hyaluronate 1% w/v Solution, Cosmetic Grade",Solutions,Lab Tech,,Yes,653273093,2026-08-28,shipped,Austin Warehouse,Warehouse
000397493,2026-08-28,TRIX100-500ML,Triton X-100 Surfactant,Other Chemicals,3,,No,653273262,2026-08-28,shipped,Austin Warehouse,Warehouse
000397565,2026-08-28,MSV-1GAL,Varsol Solvent,Other Chemicals,2,,No,653273454,2026-08-28,shipped,Austin Warehouse,Warehouse
000397592,2026-08-28,DMFAN30PPM-4L,"N,N-Dimethylformamide, Anhydrous, ≤30ppm H₂O, Reagent Grade",Other Chemicals,2,,No,653273690,2026-08-28,shipped,Austin Warehouse,Warehouse
000397652,2026-08-28,DMFL-1L,Dimethylformamide 99.8% Lab Grade,Other Chemicals,2,,No,653273841,2026-08-28,shipped,Austin Warehouse,Warehouse
000397658,2026-08-28,NMPL-1L,"NMP, 1-Methyl-2-Pyrrolidone, Lab Grade",Other Chemicals,2,,No,653273988,2026-08-28,shipped,Austin Warehouse,Warehouse
000397676,2026-08-28,EAP200-1PP,"Ethanol 200 Proof (100%) Undenatured Alcohol, USP/FCC Food Grade, Kosher, Halal",Pure Alcohols,1,,No,653274339,2026-08-28,shipped,Austin Warehouse,Warehouse
000397730,2026-08-28,EAOC200-1L,"Organic Ethyl Alcohol, Corn, 200 Proof, Kosher, Halal, FCC",Pure Alcohols,1,,No,653274580,2026-08-28,shipped,Austin Warehouse,Warehouse
000397748,2026-08-28,ACES-1L,Acetone 99.5% Semiconductor/ Electronic Grade,Other Chemicals,2,,No,653274861,2026-08-28,shipped,Austin Warehouse,Warehouse
000397763,2026-08-28,WAHPLC-4L,"Water, HPLC Grade",Other Chemicals,1,,Yes,653274961,2026-08-28,shipped,Austin Warehouse,Warehouse
000397772,2026-08-28,TCAACLA25-2OZ,Trichloroacetic Acid 25% Solution,Acids,3,,Yes,653275052,2026-08-28,shipped,Austin Warehouse,Warehouse
000397778,2026-08-28,EAPMB200-1L,"Ethanol 200 Proof (100%),  Suitable for Molecular Biology",Pure Alcohols,1,,No,653275141,2026-08-28,shipped,Austin Warehouse,Warehouse
000397820,2026-08-28,EGL-5GAL,Ethylene Glycol 99% Lab Grade,Other Chemicals,3,,No,653275251,2026-08-28,shipped,Austin Warehouse,Warehouse
000397853,2026-08-28,AMHL30-4L,"Ammonium Hydroxide 27-30% Solution, Lab Grade",Solutions,3,,Yes,653275485,2026-08-28,shipped,Austin Warehouse,Warehouse
AMZN-000397643,2026-08-28,SOCHLGF-10KG,"Sodium Chloride Crystal, FCC Grade, Kosher, Halal",Granular,2,,Yes,653294337,2026-08-28,shipped,Austin Warehouse,Warehouse
000395564,2026-08-28,PEG3350GU-50LB,"Polyethylene Glycol (PEG) 3350, Granular, USP Grade, Kosher",Granular,2,,Yes,653296729,2026-08-28,shipped,Austin Warehouse,Warehouse
000396788,2026-08-28,SASA5N-500ML,"Sulfuric Acid 5N Solution, Reagent Grade",Solutions,Lab Tech,,Yes,653298670,2026-08-28,shipped,"Austin Warehouse, Roshan",Warehouse
000396974,2026-08-28,WHNU14-4LP,"Witch Hazel, 100% All Natural Distilled with 14% USP Natural Grain Alcohol",Other Chemicals,2,,No,653324534,2026-08-28,shipped,Austin Warehouse,Warehouse
AMZN-000398078,2026-08-28,EAP190-1QTCS,"Ethanol 190 Proof (95%) Non-Denatured Alcohol, USP/FCC Food Grade, Kosher, Halal",Pure Alcohols,1,,No,653339630,2026-08-28,shipped,Austin Warehouse,Warehouse
000398618,2026-08-31,EAOC200-500mL,"Organic Ethyl Alcohol, Corn, 200 Proof, Kosher, Halal, FCC",Pure Alcohols,1,,No,653507948,2026-08-31,shipped,Austin Warehouse,Warehouse
AMZN-000398852,2026-08-31,HEL-1QT,"Heptane Lab Grade, 1 Gallon Total - 1 Quart",Other Chemicals,2,,No,653508363,2026-08-31,shipped,Austin Warehouse,Warehouse
AMZN-000398765,2026-08-31,EAOS190-1L,"Organic Ethyl Alcohol, Sugar Cane, 190 Proof Kosher, Halal, FCC",Pure Alcohols,1,,No,653508706,2026-08-31,shipped,Austin Warehouse,Warehouse
AMZN-000398396,2026-08-31,HEL-1QT,"Heptane Lab Grade, 1 Gallon Total - 1 Quart",Other Chemicals,2,,No,653509220,2026-08-31,shipped,Austin Warehouse,Warehouse
AMZN-000398750,2026-08-31,ACW325P-5LB,"Activated Carbon (Charcoal) Powder, Food Grade, Kosher, Halal, Wood Based",Granular,2,,Yes,653509896,2026-08-31,shipped,Austin Warehouse,Warehouse
AMZN-000398732,2026-08-31,EAOS190-1L,"Organic Ethyl Alcohol, Sugar Cane, 190 Proof Kosher, Halal, FCC",Pure Alcohols,1,,No,653510628,2026-08-31,shipped,Austin Warehouse,Warehouse
AMZN-000398753,2026-08-31,HEL-1QT,"Heptane Lab Grade, 1 Gallon Total - 1 Quart",Other Chemicals,2,,No,653511096,2026-08-31,shipped,Austin Warehouse,Warehouse
AMZN-000398771,2026-08-31,EAOS190-1L,"Organic Ethyl Alcohol, Sugar Cane, 190 Proof Kosher, Halal, FCC",Pure Alcohols,1,,No,653511545,2026-08-31,shipped,Austin Warehouse,Warehouse
AMZN-000398687,2026-08-31,EAOS190-1L,"Organic Ethyl Alcohol, Sugar Cane, 190 Proof Kosher, Halal, FCC",Pure Alcohols,1,,No,653512068,2026-08-31,shipped,Austin Warehouse,Warehouse
AMZN-000398780,2026-08-31,EAOS190-1L,"Organic Ethyl Alcohol, Sugar Cane, 190 Proof Kosher, Halal, FCC",Pure Alcohols,1,,No,653512608,2026-08-31,shipped,Austin Warehouse,Warehouse
AMZN-000398690,2026-08-31,EGL-1GAL,Ethylene Glycol 99% Lab Grade,Other Chemicals,3,,No,653516750,2026-08-31,shipped,Austin Warehouse,Warehouse
AMZN-000398279,2026-08-31,ACW325P-5LB,"Activated Carbon (Charcoal) Powder, Food Grade, Kosher, Halal, Wood Based",Granular,2,,Yes,653517073,2026-08-31,shipped,Austin Warehouse,Warehouse
AMZN-000397829,2026-08-31,SOCHLGL-25KG,"Sodium Chloride, Lab Grade",Granular,2,,Yes,653518102,2026-08-31,shipped,Austin Warehouse,Warehouse
000396005,2026-08-31,CTAGF-25KG,"Citric Acid, Anhydrous, Granular, USP/FCC/Food Grade, Kosher, Halal",Granular,3,,Yes,653522209,2026-08-31,shipped,Austin Warehouse,Warehouse
000396239,2026-08-31,Multiple products,Multiple products,,,,,653523024,2026-08-31,shipped,Austin Warehouse,Warehouse
000396596,2026-08-31,POCGF-1LB,"Potassium Carbonate, Granular, FCC/Food Grade, Kosher",Granular,3,,Yes,653524659,2026-08-31,shipped,Austin Warehouse,Warehouse
000396608,2026-08-31,Multiple products,Multiple products,Granular,,,,653526758,2026-08-31,shipped,"PA, Austin Warehouse, Split Order",Warehouse
000396731,2026-08-31,POCHLGU-1KG,"Potassium Chloride USP/FCC Grade, Kosher, Halal",Granular,2,,Yes,653527055,2026-08-31,shipped,"PA, Austin Warehouse, Split Order",Warehouse
000396743,2026-08-31,Multiple products,Multiple products,Granular,,,,653548840,2026-08-31,shipped,Austin Warehouse,Warehouse
000396785,2026-08-31,HQNF-500G,Hydroquinone Crystals 99% NF Grade,Granular,3,,Yes,653549890,2026-08-31,shipped,"PA, Austin Warehouse, Split Order",Warehouse
000396806,2026-08-31,POSBGU-1KG,"Potassium Sorbate, USP/FCC, Kosher, Halal",Granular,3,,Yes,653550697,2026-08-31,shipped,Austin Warehouse,Warehouse
AMZN-000398756,2026-08-31,EAOS190-1QTCS,"Organic Ethyl Alcohol, Sugar Cane, 190 Proof Kosher, Halal, FCC",Pure Alcohols,1,,No,653562304,2026-08-31,shipped,Austin Warehouse,Warehouse
AMZN-000398774,2026-08-31,EAOS190-1QTCS,"Organic Ethyl Alcohol, Sugar Cane, 190 Proof Kosher, Halal, FCC",Pure Alcohols,1,,No,653563432,2026-08-31,shipped,Austin Warehouse,Warehouse
AMZN-000398960,2026-08-31,EAOS190-1QTCS,"Organic Ethyl Alcohol, Sugar Cane, 190 Proof Kosher, Halal, FCC",Pure Alcohols,1,,No,653563575,2026-08-31,shipped,Austin Warehouse,Warehouse
AMZN-000398501,2026-08-31,EAOS190-1QTCS,"Organic Ethyl Alcohol, Sugar Cane, 190 Proof Kosher, Halal, FCC",Pure Alcohols,1,,No,653563755,2026-08-31,shipped,Austin Warehouse,Warehouse
AMZN-000398633,2026-08-31,EAOS190-1QTCS,"Organic Ethyl Alcohol, Sugar Cane, 190 Proof Kosher, Halal, FCC",Pure Alcohols,1,,No,653564348,2026-08-31,shipped,Austin Warehouse,Warehouse
AMZN-000398627,2026-08-31,EAOS190-1QTCS,"Organic Ethyl Alcohol, Sugar Cane, 190 Proof Kosher, Halal, FCC",Pure Alcohols,1,,No,653565467,2026-08-31,shipped,Austin Warehouse,Warehouse
AMZN-000397973,2026-08-31,EAOS190-1QTCS,"Organic Ethyl Alcohol, Sugar Cane, 190 Proof Kosher, Halal, FCC",Pure Alcohols,1,,No,653565891,2026-08-31,shipped,Austin Warehouse,Warehouse
AMZN-000398684,2026-08-31,EAOS190-1QTCS,"Organic Ethyl Alcohol, Sugar Cane, 190 Proof Kosher, Halal, FCC",Pure Alcohols,1,,No,653566569,2026-08-31,shipped,Austin Warehouse,Warehouse
AMZN-000398573,2026-08-31,EAOS190-1QTCS,"Organic Ethyl Alcohol, Sugar Cane, 190 Proof Kosher, Halal, FCC",Pure Alcohols,1,,No,653566826,2026-08-31,shipped,Austin Warehouse,Warehouse
AMZN-000398606,2026-08-31,EAOS190-1QTCS,"Organic Ethyl Alcohol, Sugar Cane, 190 Proof Kosher, Halal, FCC",Pure Alcohols,1,,No,653567509,2026-08-31,shipped,Austin Warehouse,Warehouse
AMZN-000398576,2026-08-31,EAOS190-1QTCS,"Organic Ethyl Alcohol, Sugar Cane, 190 Proof Kosher, Halal, FCC",Pure Alcohols,1,,No,653568257,2026-08-31,shipped,Austin Warehouse,Warehouse
000396941,2026-08-31,Multiple products,Multiple products,,,,,653587469,2026-08-31,shipped,Austin Warehouse,Warehouse
000397490,2026-08-31,AMHA30-2.5L,"Ammonium Hydroxide 28-30% Solution, ACS Grade",Solutions,3,,Yes,653588757,2026-08-31,shipped,Austin Warehouse,Warehouse
000397514,2026-08-31,HPL15-1GAL,"Hydrogen Peroxide 15% Solution, Lab Grade",Solutions,2,,No,653589427,2026-08-31,shipped,"PA, Austin Warehouse, Split Order, Restricted Combination - Hydrogen Peroxide",Warehouse
000397538,2026-08-31,POHPM-1KG,Potassium Hydroxide Pellets ACS/FCC/NF,Granular,3,,Yes,653593102,2026-08-31,shipped,Austin Warehouse,Warehouse
000397646,2026-08-31,DCML-4L,Dichloromethane (Methylene Chloride) Lab Grade,Other Chemicals,3,,Yes,653594625,2026-08-31,shipped,"PA, Austin Warehouse, Roshan, Restricted Chemical",Warehouse
000397691,2026-08-31,Multiple products,Multiple products,,,,,653596275,2026-08-31,shipped,"Austin Warehouse, Restricted Combination - Nitric Acid",Warehouse
000397697,2026-08-31,MERL-25g,"Mercury Metal, Lab Grade, 99.99% - 25g",Other Chemicals,3,,Yes,653596600,2026-08-31,shipped,"Austin Warehouse, Restricted Combination - Mercury, Partial Restriction",Warehouse
000397706,2026-08-31,Multiple products,Multiple products,Granular,,,,653597097,2026-08-31,shipped,Austin Warehouse,Warehouse
000397754,2026-08-31,SOCHLGL-12.5KG,"Sodium Chloride, Lab Grade",Granular,2,,Yes,653599852,2026-08-31,shipped,"PA, Austin Warehouse, Split Order, Restricted Combination - Hydrogen Peroxide",Warehouse
000397811,2026-08-31,PS80FP-1GAL,"Polysorbate 80, Derived from Palm, NF/FCC Grade, RSPO, Kosher, Halal",Other Chemicals,1,,No,653600367,2026-08-31,shipped,"Austin Warehouse, RSPO",Warehouse
000397847,2026-08-31,IPAA99-5GAL,Isopropyl Alcohol 99.8% ACS Grade,Alcohols,1,,No,653600798,2026-08-31,shipped,Austin Warehouse,Warehouse
000397859,2026-08-31,MOHLL-1GAL,"Mineral Oil Heavy, Lab Grade",Other Chemicals,1,,No,653601161,2026-08-31,shipped,Austin Warehouse,Warehouse
000397904,2026-08-31,GLAL70-1L,"Glycolic Acid 70% Solution, Lab Grade",Acids,4,,No,653601588,2026-08-31,shipped,Austin Warehouse,Warehouse
000397913,2026-08-31,HQNF-2.5KG,Hydroquinone Crystals 99% NF Grade,Granular,3,,Yes,653602517,2026-08-31,shipped,Austin Warehouse,Warehouse
000397910,2026-08-31,TCAACLA85-1OZ,"Trichloroacetic Acid, 85%",Acids,3,,Yes,653614711,2026-08-31,shipped,Austin Warehouse,Warehouse
000397928,2026-08-31,HQNF-1LB,Hydroquinone Crystals 99% NF Grade,Granular,3,,Yes,653615255,2026-08-31,shipped,"PA, Austin Warehouse, Split Order",Warehouse
000397931,2026-08-31,MOLLU-5GAL,"Light Mineral Oil, USP Grade, Kosher, Halal",Other Chemicals,1,,No,653615654,2026-08-31,shipped,Austin Warehouse,Warehouse
000397958,2026-08-31,SHCN5-1GAL,Sodium Hypochlorite 5% Solution,Solutions,3,,No,653615851,2026-08-31,shipped,Austin Warehouse,Warehouse
000397964,2026-08-31,TCAACLA85-1OZ,"Trichloroacetic Acid, 85%",Acids,3,,Yes,653616061,2026-08-31,shipped,Austin Warehouse,Warehouse
000397979,2026-08-31,SOBICGU-1LB,"Sodium Bicarbonate, USP/FCC Grade, Kosher, Halal",Granular,2,,Yes,653617790,2026-08-31,shipped,Austin Warehouse,Warehouse
000397994,2026-08-31,Multiple products,Multiple products,,,,,653618535,2026-08-31,shipped,Austin Warehouse,Warehouse
000397805,2026-08-31,MSS-1GAL,Stoddard Solvent Lab Grade,Other Chemicals,2,,No,653621289,2026-08-31,shipped,Austin Warehouse,Warehouse
000398003,2026-08-31,EAF200-1L,"Food Grade Ethanol, 200 Proof, Kosher, Halal",Pure Alcohols,1,,No,653622207,2026-08-31,shipped,Austin Warehouse,Warehouse
000398009,2026-08-31,MERL-25g,"Mercury Metal, Lab Grade, 99.99% - 25g",Other Chemicals,3,,Yes,653622537,2026-08-31,shipped,"Austin Warehouse, Restricted Combination - Mercury, Partial Restriction",Warehouse
000398090,2026-08-31,HPF6-1L,"Hydrogen Peroxide 6% Solution, Food Grade, Kosher, Halal",Solutions,2,,No,653624118,2026-08-31,shipped,"Austin Warehouse, Restricted Combination - Hydrogen Peroxide",Warehouse
000398132,2026-08-31,Multiple products,Multiple products,,,,,653624961,2026-08-31,shipped,Austin Warehouse,Warehouse
000398174,2026-08-31,Multiple products,Multiple products,,,,,653625855,2026-08-31,shipped,Austin Warehouse,Warehouse
000398186,2026-08-31,CAFU-1LB,"Caffeine Powder, USP/FCC/Food Grade, Kosher, Halal",Granular,3,,Yes,653626042,2026-08-31,shipped,Austin Warehouse,Warehouse
000398198,2026-08-31,EAF200-500ML,"Food Grade Ethanol, 200 Proof, Kosher, Halal",Pure Alcohols,1,,No,653626329,2026-08-31,shipped,Austin Warehouse,Warehouse
000398213,2026-08-31,HPF34-1L,"Hydrogen Peroxide 34% Food Grade, Kosher, Halal",Solutions,2,,No,653626589,2026-08-31,shipped,"Austin Warehouse, Restricted Combination - Hydrogen Peroxide",Warehouse
000398264,2026-08-31,SOBZGF-1LB,"Sodium Benzoate, Food Grade, Kosher, Halal",Granular,3,,Yes,653627494,2026-08-31,shipped,Austin Warehouse,Warehouse
AMZN-000398399,2026-08-31,SHCN125-1GAL,Sodium Hypochlorite 12.5% Solution,Solutions,3,,No,653628138,2026-08-31,shipped,Austin Warehouse,Warehouse
000398357,2026-08-31,Multiple products,Multiple products,,,,,653629967,2026-08-31,shipped,"Austin Warehouse, Roshan",Warehouse
AMZN-000398402,2026-08-31,HPF12-1GAL,"Hydrogen Peroxide 12% Solution, Food Grade, Kosher, Halal",Solutions,2,,No,653630256,2026-08-31,shipped,"Austin Warehouse, Restricted Combination - Hydrogen Peroxide",Warehouse
000398366,2026-08-31,ACEA-500ML,"Acetone 99.5%, ACS Grade",Other Chemicals,2,,No,653630557,2026-08-31,shipped,Austin Warehouse,Warehouse
000398372,2026-08-31,MERL-25g,"Mercury Metal, Lab Grade, 99.99% - 25g",Other Chemicals,3,,Yes,653631024,2026-08-31,shipped,"Austin Warehouse, Restricted Combination - Mercury, Partial Restriction",Warehouse
000398378,2026-08-31,TCAACLA85-1OZ,"Trichloroacetic Acid, 85%",Acids,3,,Yes,653637245,2026-08-31,shipped,Austin Warehouse,Warehouse
AMZN-000398369,2026-08-31,EAP190-1QTCS,"Ethanol 190 Proof (95%) Non-Denatured Alcohol, USP/FCC Food Grade, Kosher, Halal",Pure Alcohols,1,,No,653655973,2026-08-31,shipped,Austin Warehouse,Warehouse
AMZN-000398498,2026-08-31,EAP190-1QTCS,"Ethanol 190 Proof (95%) Non-Denatured Alcohol, USP/FCC Food Grade, Kosher, Halal",Pure Alcohols,1,,No,653656229,2026-08-31,shipped,Austin Warehouse,Warehouse
AMZN-000398615,2026-08-31,EAP190-1QTCS,"Ethanol 190 Proof (95%) Non-Denatured Alcohol, USP/FCC Food Grade, Kosher, Halal",Pure Alcohols,1,,No,653656540,2026-08-31,shipped,Austin Warehouse,Warehouse
AMZN-000398594,2026-08-31,EAP190-1QTCS,"Ethanol 190 Proof (95%) Non-Denatured Alcohol, USP/FCC Food Grade, Kosher, Halal",Pure Alcohols,1,,No,653656872,2026-08-31,shipped,Austin Warehouse,Warehouse
AMZN-000398510,2026-08-31,EAP190-1QTCS,"Ethanol 190 Proof (95%) Non-Denatured Alcohol, USP/FCC Food Grade, Kosher, Halal",Pure Alcohols,1,,No,653657787,2026-08-31,shipped,Austin Warehouse,Warehouse
AMZN-000398636,2026-08-31,EAP190-1QTCS,"Ethanol 190 Proof (95%) Non-Denatured Alcohol, USP/FCC Food Grade, Kosher, Halal",Pure Alcohols,1,,No,653658004,2026-08-31,shipped,Austin Warehouse,Warehouse
AMZN-000398597,2026-08-31,EAP190-1QTCS,"Ethanol 190 Proof (95%) Non-Denatured Alcohol, USP/FCC Food Grade, Kosher, Halal",Pure Alcohols,1,,No,653658209,2026-08-31,shipped,Austin Warehouse,Warehouse
AMZN-000398657,2026-08-31,EAP190-1QTCS,"Ethanol 190 Proof (95%) Non-Denatured Alcohol, USP/FCC Food Grade, Kosher, Halal",Pure Alcohols,1,,No,653658389,2026-08-31,shipped,Austin Warehouse,Warehouse
AMZN-000398648,2026-08-31,EAP190-1QTCS,"Ethanol 190 Proof (95%) Non-Denatured Alcohol, USP/FCC Food Grade, Kosher, Halal",Pure Alcohols,1,,No,653658530,2026-08-31,shipped,Austin Warehouse,Warehouse
AMZN-000398624,2026-08-31,EAP190-1QTCS,"Ethanol 190 Proof (95%) Non-Denatured Alcohol, USP/FCC Food Grade, Kosher, Halal",Pure Alcohols,1,,No,653658754,2026-08-31,shipped,Austin Warehouse,Warehouse
AMZN-000398630,2026-08-31,EAP190-1QTCS,"Ethanol 190 Proof (95%) Non-Denatured Alcohol, USP/FCC Food Grade, Kosher, Halal",Pure Alcohols,1,,No,653658952,2026-08-31,shipped,Austin Warehouse,Warehouse
000396584,2026-08-31,HCLL10-1GAL,"Hydrochloric Acid 10% Solution, Lab Grade",Acids,4,,Yes,653673853,2026-08-31,shipped,Austin Warehouse,Warehouse
000396392,2026-08-31,Multiple products,Multiple products,,,,,653688338,2026-08-31,shipped,Austin Warehouse,Warehouse
000397226,2026-09-01,CACHLAPF-25KG,"Calcium Chloride, Anhydrous, FCC Grade, Pellets",Granular,3,,Yes,653996388,2026-09-01,shipped,Austin Warehouse,Warehouse
000397415,2026-08-31,MACAGU-1LB,"Magnesium Carbonate, USP/FCC Grade, Kosher, Halal",Granular,2,,Yes,653695345,2026-08-31,shipped,"PA, Austin Warehouse, Split Order",Warehouse
000397562,2026-08-31,SOACAGA-25KG,"Sodium Acetate, Anhydrous, ACS Grade",Granular,3,,Yes,653696881,2026-08-31,shipped,Austin Warehouse,Warehouse
000398192,2026-08-31,CACHLAPF-2.5KG,"Calcium Chloride, Anhydrous, FCC Grade, Pellets",Granular,3,,Yes,653698229,2026-08-31,shipped,Austin Warehouse,Warehouse
000397808,2026-08-31,HCLA1-4L,"Hydrochloric Acid 1% Solution, Reagent Grade",Solutions,Lab Tech,,Yes,653749397,2026-08-31,shipped,,
000398117,2026-08-31,Multiple products,Multiple products,,,,,653749820,2026-08-31,shipped,"Austin Warehouse, Roshan, Restricted Chemical",Warehouse
AMZN-000398681,2026-08-31,EAP190-1QTCS,"Ethanol 190 Proof (95%) Non-Denatured Alcohol, USP/FCC Food Grade, Kosher, Halal",Pure Alcohols,1,,No,653757548,2026-08-31,shipped,Austin Warehouse,Warehouse
AMZN-000398693,2026-08-31,EAP190-1QTCS,"Ethanol 190 Proof (95%) Non-Denatured Alcohol, USP/FCC Food Grade, Kosher, Halal",Pure Alcohols,1,,No,653757668,2026-08-31,shipped,Austin Warehouse,Warehouse
AMZN-000398705,2026-08-31,EAP190-1QTCS,"Ethanol 190 Proof (95%) Non-Denatured Alcohol, USP/FCC Food Grade, Kosher, Halal",Pure Alcohols,1,,No,653757784,2026-08-31,shipped,Austin Warehouse,Warehouse
AMZN-000398711,2026-08-31,EAP190-1QTCS,"Ethanol 190 Proof (95%) Non-Denatured Alcohol, USP/FCC Food Grade, Kosher, Halal",Pure Alcohols,1,,No,653757881,2026-08-31,shipped,Austin Warehouse,Warehouse
AMZN-000398957,2026-08-31,EAP190-1QTCS,"Ethanol 190 Proof (95%) Non-Denatured Alcohol, USP/FCC Food Grade, Kosher, Halal",Pure Alcohols,1,,No,653757979,2026-08-31,shipped,Austin Warehouse,Warehouse
AMZN-000399101,2026-08-31,EAP190-1QTCS,"Ethanol 190 Proof (95%) Non-Denatured Alcohol, USP/FCC Food Grade, Kosher, Halal",Pure Alcohols,1,,No,653758256,2026-08-31,shipped,Austin Warehouse,Warehouse
AMZN-000399098,2026-08-31,EAP190-1QTCS,"Ethanol 190 Proof (95%) Non-Denatured Alcohol, USP/FCC Food Grade, Kosher, Halal",Pure Alcohols,1,,No,653758371,2026-08-31,shipped,Austin Warehouse,Warehouse
WMT000398522,2026-09-01,EAD140-1QT,"Lab Alley Denatured Ethanol 140 Proof, Kosher Certified, Halal, GMO-Free, Great for Cleaning - 1 Quart",Alcohols,1,,No,653846869,2026-09-01,shipped,Austin Warehouse,Warehouse
000397802,2026-09-01,AAS99-500ML,Acetic Acid Glacial 99% Semiconductor/ Electronic Grade,Acids,4,,Yes,653849187,2026-09-01,shipped,Austin Warehouse,Warehouse
AMZN-000399491,2026-09-01,EAOS190-1L,"Organic Ethyl Alcohol, Sugar Cane, 190 Proof Kosher, Halal, FCC",Pure Alcohols,1,,No,653853199,2026-09-01,shipped,Austin Warehouse,Warehouse
AMZN-000399410,2026-09-01,EAOS190-1L,"Organic Ethyl Alcohol, Sugar Cane, 190 Proof Kosher, Halal, FCC",Pure Alcohols,1,,No,653854221,2026-09-01,shipped,Austin Warehouse,Warehouse
AMZN-000398516,2026-09-01,PS80F-1GAL,"Polysorbate 80, Food Grade, Kosher, Halal",Other Chemicals,1,,No,653854092,2026-09-01,shipped,Austin Warehouse,Warehouse
AMZN-000399398,2026-09-01,PS80F-1GAL,"Polysorbate 80, Food Grade, Kosher, Halal",Other Chemicals,1,,No,653854476,2026-09-01,shipped,Austin Warehouse,Warehouse
AMZN-000399335,2026-09-01,LAF88-1GAL,"Lactic Acid 88%, Food Grade (FCC), Kosher",Acids,4,,No,653854619,2026-09-01,shipped,Austin Warehouse,Warehouse
AMZN-000398714,2026-09-01,PEG4000GL-2LB,"Lab Alley Polyethylene Glycol (PEG) 4000, Granular, Lab Grade, Kosher",Granular,2,,Yes,653856312,2026-09-01,shipped,Austin Warehouse,Warehouse
AMZN-000399242,2026-09-01,EGL-1GAL,Ethylene Glycol 99% Lab Grade,Other Chemicals,3,,No,653856315,2026-09-01,shipped,Austin Warehouse,Warehouse
AMZN-000399071,2026-09-01,EAOS190-1L,"Organic Ethyl Alcohol, Sugar Cane, 190 Proof Kosher, Halal, FCC",Pure Alcohols,1,,No,653856638,2026-09-01,shipped,Austin Warehouse,Warehouse
AMZN-000399521,2026-09-01,LAF88-1GAL,"Lactic Acid 88%, Food Grade (FCC), Kosher",Acids,4,,No,653857090,2026-09-01,shipped,Austin Warehouse,Warehouse
AMZN-000399557,2026-09-01,PEG400F-1GAL,"Polyethylene Glycol (PEG) 400 Food Grade (FCC), Kosher, Halal",Other Chemicals,1,,No,653857533,2026-09-01,shipped,Austin Warehouse,Warehouse
AMZN-000398789,2026-09-01,ACW325P-5LB,"Activated Carbon (Charcoal) Powder, Food Grade, Kosher, Halal, Wood Based",Granular,2,,Yes,653857840,2026-09-01,shipped,Austin Warehouse,Warehouse
000397169,2026-09-01,Multiple products,Multiple products,Granular,,,,653858750,2026-09-01,shipped,Austin Warehouse,Warehouse
000397220,2026-09-01,ACCL1240G-2.5KG,"Activated Carbon (Charcoal), Granular, Food Grade, Kosher",Granular,2,,Yes,653859039,2026-09-01,shipped,Austin Warehouse,Warehouse
000397343,2026-09-01,Multiple products,Multiple products,,,,,653859787,2026-09-01,shipped,"PA, Austin Warehouse, Split Order",Warehouse
000397385,2026-09-01,ACCL80-325P-1LB,"Activated Carbon (Charcoal) Powder, Food Grade, Kosher, Coal Based",Granular,2,,Yes,653860270,2026-09-01,shipped,Austin Warehouse,Warehouse
000397544,2026-09-01,MAGSUGU-12.5KG,"Magnesium Sulfate Crystals, USP Grade, Kosher",Granular,2,,Yes,653860510,2026-09-01,shipped,Austin Warehouse,Warehouse
000397595,2026-09-01,POCS47F-1L,"Potassium Carbonate, 47% w/w Solution, Kosher, Food Grade",Solutions,Lab Tech,,Yes,653860637,2026-09-01,shipped,,
000397670,2026-09-01,AMCHLGL-25KG,Ammonium Chloride Granular 99% Lab Grade,Granular,3,,Yes,653861224,2026-09-01,shipped,Austin Warehouse,Warehouse
000397895,2026-09-01,WAD-5GAL,"Deionized Water Lab Grade, Kosher",Other Chemicals,1,,No,653861944,2026-09-01,shipped,Austin Warehouse,Warehouse
000398165,2026-09-01,EAF200-1PP,"Food Grade Ethanol, 200 Proof, Kosher, Halal",Pure Alcohols,1,,No,653862316,2026-09-01,shipped,Austin Warehouse,Warehouse
000398411,2026-09-01,FALCMS-50ML,"Formic Acid, LC/MS",Acids,Lab Tech,,Yes,653863179,2026-09-01,shipped,"Austin Warehouse, Roshan",Warehouse
000398138,2026-09-01,Multiple products,Multiple products,Other Chemicals,,,,653878291,2026-09-01,shipped,Austin Warehouse,Warehouse
000398381,2026-09-01,PEG400F-1L,"Polyethylene Glycol (PEG) 400 Food Grade (FCC), Kosher, Halal",Other Chemicals,1,,No,653884657,2026-09-01,shipped,Austin Warehouse,Warehouse
000398423,2026-09-01,PEG400F-500ML,"Polyethylene Glycol (PEG) 400 Food Grade (FCC), Kosher, Halal",Other Chemicals,1,,No,653885377,2026-09-01,shipped,Austin Warehouse,Warehouse
000398459,2026-09-01,EAP200-1L,"Ethanol 200 Proof (100%) Undenatured Alcohol, USP/FCC Food Grade, Kosher, Halal",Pure Alcohols,1,,No,653886922,2026-09-01,shipped,Austin Warehouse,Warehouse
000398492,2026-09-01,EAP200-1L,"Ethanol 200 Proof (100%) Undenatured Alcohol, USP/FCC Food Grade, Kosher, Halal",Pure Alcohols,1,,No,653887319,2026-09-01,shipped,Austin Warehouse,Warehouse
000398504,2026-09-01,Multiple products,Multiple products,,,,,653887641,2026-09-01,shipped,Austin Warehouse,Warehouse
000398513,2026-09-01,SOHYSL1N-1L,"Sodium Hydroxide, 1N",Solutions,Lab Tech,,Yes,653888054,2026-09-01,shipped,"Austin Warehouse, Roshan",Warehouse
000398519,2026-09-01,EAS40B200-500ML,"SDA 40B Ethanol 200 Proof (100%), Kosher, Halal",Alcohols,1,,No,653889384,2026-09-01,shipped,"Austin Warehouse, Partial Restriction",Warehouse
000398525,2026-09-01,HPF3-1GAL,"Hydrogen Peroxide 3% Solution, Food Grade, Kosher, Halal",Solutions,2,,No,653890169,2026-09-01,shipped,"Austin Warehouse, Restricted Combination - Hydrogen Peroxide",Warehouse
000398561,2026-09-01,BZALCF-1GAL,Benzyl Alcohol NF/FCC Grade,Alcohols,2,,No,653890615,2026-09-01,shipped,Austin Warehouse,Warehouse
000398567,2026-09-01,EAD190-500ML,"Ethanol 190 Proof (95%) Denatured Alcohol, Kosher, Halal",Alcohols,1,,No,653890768,2026-09-01,shipped,Austin Warehouse,Warehouse
000398582,2026-09-01,TCAACLA85-1OZ,"Trichloroacetic Acid, 85%",Acids,3,,Yes,653890943,2026-09-01,shipped,Austin Warehouse,Warehouse
000398585,2026-09-01,GLF-1GAL,"Glycerin 99% USP/NF/FCC/Food Grade, Kosher, Halal",Other Chemicals,1,,No,653891363,2026-09-01,shipped,"Austin Warehouse, Restricted Combination - Glycerin",Warehouse
000398603,2026-09-01,TCAACLA85-2OZ,"Trichloroacetic Acid, 85%",Acids,3,,Yes,653891888,2026-09-01,shipped,Austin Warehouse,Warehouse
000398609,2026-09-01,Multiple products,Multiple products,Other Chemicals,,,,653892209,2026-09-01,shipped,"Austin Warehouse, Restricted Combination - Glycerin",Warehouse
000398645,2026-09-01,EAP140-500ML,"Ethanol 140 Proof (70%) Non-Denatured Alcohol, USP/FCC Food Grade, Kosher, Halal",Pure Alcohols,1,,No,653892438,2026-09-01,shipped,Austin Warehouse,Warehouse
000398651,2026-09-01,EAF200-1PP,"Food Grade Ethanol, 200 Proof, Kosher, Halal",Pure Alcohols,1,,No,653898847,2026-09-01,shipped,Austin Warehouse,Warehouse
000398717,2026-09-01,EAOS190-1L,"Organic Ethyl Alcohol, Sugar Cane, 190 Proof Kosher, Halal, FCC",Pure Alcohols,1,,No,653899060,2026-09-01,shipped,Austin Warehouse,Warehouse
AMZN-000398726,2026-09-01,HCLL31-1QT,"Hydrochloric Acid 31%, Lab Grade - 1 Quart",Acids,4,,Yes,653899357,2026-09-01,shipped,Austin Warehouse,Warehouse
000398723,2026-09-01,ACW325P-12KG,"Activated Carbon (Charcoal) Powder, Food Grade, Kosher, Halal, Wood Based",Granular,2,,Yes,653900011,2026-09-01,shipped,Austin Warehouse,Warehouse
AMZN-000399203,2026-09-01,ACW325P-10LB,"Activated Carbon (Charcoal) Powder, Food Grade, Kosher, Halal, Wood Based",Granular,2,,Yes,653900548,2026-09-01,shipped,Austin Warehouse,Warehouse
000398735,2026-09-01,EAS40B190-500ML,"SDA 40B Ethanol 190 Proof (95%), Kosher, Halal",Alcohols,1,,No,653900562,2026-09-01,shipped,"Austin Warehouse, Partial Restriction",Warehouse
000398744,2026-09-01,TCAACLA85-1OZ,"Trichloroacetic Acid, 85%",Acids,3,,Yes,653900827,2026-09-01,shipped,Austin Warehouse,Warehouse
000398795,2026-09-01,MERL-100g,"Mercury Metal, Lab Grade, 99.99% - 100g",Other Chemicals,3,,Yes,653901175,2026-09-01,shipped,"Austin Warehouse, Partial Restriction",Warehouse
000398807,2026-09-01,LAF88-1GAL,"Lactic Acid 88%, Food Grade (FCC), Kosher",Acids,4,,No,653901619,2026-09-01,shipped,Austin Warehouse,Warehouse
000398843,2026-09-01,NMPL-1GAL,"NMP, 1-Methyl-2-Pyrrolidone, Lab Grade",Other Chemicals,2,,No,653902131,2026-09-01,shipped,Austin Warehouse,Warehouse
000398864,2026-09-01,NMPL-1L,"NMP, 1-Methyl-2-Pyrrolidone, Lab Grade",Other Chemicals,2,,No,653902953,2026-09-01,shipped,Austin Warehouse,Warehouse
000394940-1,2026-09-01,MERL-100g,"Mercury Metal, Lab Grade, 99.99% - 100g",Other Chemicals,3,,Yes,653903316,2026-09-01,shipped,"Austin Warehouse, Partial Restriction",Warehouse
000398972,2026-09-01,PEG400F-1GAL,"Polyethylene Glycol (PEG) 400 Food Grade (FCC), Kosher, Halal",Other Chemicals,1,,No,653903939,2026-09-01,shipped,Austin Warehouse,Warehouse
000398987,2026-09-01,CAFU-2.5kg,"Caffeine Powder, USP/FCC/Food Grade, Kosher, Halal",Granular,3,,Yes,653904233,2026-09-01,shipped,Austin Warehouse,Warehouse
000399014,2026-09-01,EAP200-1PP,"Ethanol 200 Proof (100%) Undenatured Alcohol, USP/FCC Food Grade, Kosher, Halal",Pure Alcohols,1,,No,653904495,2026-09-01,shipped,Austin Warehouse,Warehouse
000399020,2026-09-01,TCAACLA85-1OZ,"Trichloroacetic Acid, 85%",Acids,3,,Yes,653904786,2026-09-01,shipped,Austin Warehouse,Warehouse
000399023,2026-09-01,PEG400F-5GAL,"Polyethylene Glycol (PEG) 400 Food Grade (FCC), Kosher, Halal",Other Chemicals,1,,No,653904928,2026-09-01,shipped,Austin Warehouse,Warehouse
000399026,2026-09-01,EAP200-1L,"Ethanol 200 Proof (100%) Undenatured Alcohol, USP/FCC Food Grade, Kosher, Halal",Pure Alcohols,1,,No,653905140,2026-09-01,shipped,Austin Warehouse,Warehouse
000399038,2026-09-01,ACEL-1L,Acetone 99.5% Lab Grade,Other Chemicals,2,,No,653905659,2026-09-01,shipped,Austin Warehouse,Warehouse
000399194,2026-09-01,EAF200-1L,"Food Grade Ethanol, 200 Proof, Kosher, Halal",Pure Alcohols,1,,No,653906281,2026-09-01,shipped,Austin Warehouse,Warehouse
000399218,2026-09-01,TCAACLA85-2OZ,"Trichloroacetic Acid, 85%",Acids,3,,Yes,653906590,2026-09-01,shipped,Austin Warehouse,Warehouse
000399224,2026-09-01,ACEL-500ML,Acetone 99.5% Lab Grade,Other Chemicals,2,,No,653906749,2026-09-01,shipped,Austin Warehouse,Warehouse
000399233,2026-09-01,THFL-1L,Tetrahydrofuran (THF) Lab Grade,Other Chemicals,2,,Yes,653906889,2026-09-01,shipped,Austin Warehouse,Warehouse
000398102,2026-09-01,Multiple products,Multiple products,,,,,653909007,2026-09-01,shipped,"Austin Warehouse, Restricted Combination - Nitric Acid",Warehouse
000399251,2026-09-01,WALCMS-4L,"Water, LC/MS Grade",Other Chemicals,1,,Yes,653907308,2026-09-01,shipped,Austin Warehouse,Warehouse
000397988,2026-09-01,Multiple products,Multiple products,,,,,653911529,2026-09-01,shipped,"Austin Warehouse, Restricted Combination - Nitric Acid",Warehouse
000398333,2026-09-01,MSAGU-12.5KG,"Magnesium Sulfate Anhydrous Powder, Reagent/USP",Granular,2,,Yes,653952119,2026-09-01,shipped,Austin Warehouse,Warehouse
000398144,2026-09-01,CCPGU-12.5KG,"Calcium Carbonate Precipitated, ACS/USP Grade, Kosher, Halal",Granular,2,,Yes,653952663,2026-09-01,shipped,Austin Warehouse,Warehouse
000398258,2026-09-01,MCTC-5GAL,"MCT Oil Coconut Based USP/FCC/Food Grade, Kosher, Halal",Other Chemicals,1,,No,653978560,2026-09-01,shipped,Austin Warehouse,Warehouse
000396830,2026-09-01,OXAGL-25KG,"Oxalic Acid Crystals, Lab Grade",Granular,3,,Yes,654018258,2026-09-01,shipped,Austin Warehouse,Warehouse
000396845,2026-09-01,Multiple products,Multiple products,Granular,,,,654019511,2026-09-01,shipped,"PA, Austin Warehouse, Split Order",Warehouse
000397061,2026-09-01,MAACGF-25KG,"Malic Acid Purified, FCC Grade, Kosher, Halal",Granular,3,,Yes,654019903,2026-09-01,shipped,,
000397187,2026-09-01,HCLS37-1L,"Hydrochloric Acid 37% Solution, Semiconductor Grade",Acids,4,,Yes,654026656,2026-09-01,shipped,Austin Warehouse,Warehouse
000397394,2026-09-01,MAACGF-25KG,"Malic Acid Purified, FCC Grade, Kosher, Halal",Granular,3,,Yes,654027279,2026-09-01,shipped,,
000397712,2026-09-01,POSBGU-1KG,"Potassium Sorbate, USP/FCC, Kosher, Halal",Granular,3,,Yes,654027447,2026-09-01,shipped,Austin Warehouse,Warehouse
000397826,2026-09-01,POIDGU-25g,"Potassium Iodide Powder (Crystals) USP/FCC/Food Grade, Kosher",Granular,3,,Yes,654027502,2026-09-01,shipped,Austin Warehouse,Warehouse
000397892,2026-09-01,POBROA-1KG,"Potassium Bromide, ACS/USP Grade",Granular,3,,Yes,654027658,2026-09-01,shipped,Austin Warehouse,Warehouse
000398036,2026-09-01,Multiple products,Multiple products,,,,,654027930,2026-09-01,shipped,"PA, Austin Warehouse, Split Order",Warehouse
000398072,2026-09-01,DCPGU-2.5KG,"Dicalcium Phosphate, USP/FCC Grade, Halal",Granular,2,,Yes,654028074,2026-09-01,shipped,Austin Warehouse,Warehouse
WMT000399428,2026-09-02,HPF30-1L,"Hydrogen Peroxide 30% Solution, Food Grade, Kosher, Halal",Solutions,2,,No,654096234,2026-09-02,shipped,"Austin Warehouse, Restricted Combination - Hydrogen Peroxide",Warehouse
AMZN-000399794,2026-09-02,HEL-1QT,"Heptane Lab Grade, 1 Gallon Total - 1 Quart",Other Chemicals,2,,No,654096567,2026-09-02,shipped,Austin Warehouse,Warehouse
AMZN-000400034,2026-09-02,HEL-1QT,"Heptane Lab Grade, 1 Gallon Total - 1 Quart",Other Chemicals,2,,No,654096969,2026-09-02,shipped,Austin Warehouse,Warehouse
AMZN-000399830,2026-09-02,EAD140-1QT,"Lab Alley Denatured Ethanol 140 Proof, Kosher Certified, Halal, GMO-Free, Great for Cleaning - 1 Quart",Alcohols,1,,No,654097426,2026-09-02,shipped,Austin Warehouse,Warehouse
AMZN-000399935,2026-09-02,LAF88-1GAL,"Lactic Acid 88%, Food Grade (FCC), Kosher",Acids,4,,No,654097977,2026-09-02,shipped,Austin Warehouse,Warehouse
000398246,2026-09-02,SOBZGF-1KG,"Sodium Benzoate, Food Grade, Kosher, Halal",Granular,3,,Yes,654118466,2026-09-02,shipped,Austin Warehouse,Warehouse
000398309,2026-09-02,URPL-5KG,Urea Granules 99% Lab Grade,Granular,2,,Yes,654130224,2026-09-02,shipped,Austin Warehouse,Warehouse
000398486,2026-09-02,AANHL-1L,"Acetic Anhydride, Lab Grade",Acids,3,,Yes,654130552,2026-09-02,shipped,"Austin Warehouse, Restricted Chemical",Warehouse
000398798,2026-09-02,MCTC-5GAL,"MCT Oil Coconut Based USP/FCC/Food Grade, Kosher, Halal",Other Chemicals,1,,No,654130746,2026-09-02,shipped,Austin Warehouse,Warehouse
000398984,2026-09-02,PHAL85-500ML,"Phosphoric Acid 85% Solution, Lab Grade",Acids,4,,Yes,654131378,2026-09-02,shipped,Austin Warehouse,Warehouse
000398993,2026-09-02,GLA-1GAL,Glycerin 99.5% ACS Reagent Grade,Other Chemicals,1,,No,654131967,2026-09-02,shipped,"Austin Warehouse, Restricted Combination - Glycerin",Warehouse
000399047,2026-09-02,WALCMS-4L,"Water, LC/MS Grade",Other Chemicals,1,,Yes,654212858,2026-09-02,shipped,Austin Warehouse,Warehouse
000399068,2026-09-02,HPF30-1L,"Hydrogen Peroxide 30% Solution, Food Grade, Kosher, Halal",Solutions,2,,No,654132392,2026-09-02,shipped,"PA, Austin Warehouse, Split Order, Restricted Combination - Hydrogen Peroxide",Warehouse
000399188,2026-09-02,HPF6-1GAL,"Hydrogen Peroxide 6% Solution, Food Grade, Kosher, Halal",Solutions,2,,No,654132980,2026-09-02,shipped,"Austin Warehouse, Restricted Combination - Hydrogen Peroxide",Warehouse
000399221,2026-09-02,PHAS85-1GAL,Phosphoric Acid 85% Semiconductor/ Electronic Grade,Acids,4,,Yes,654133265,2026-09-02,shipped,Austin Warehouse,Warehouse
AMZN-000399200,2026-09-02,EAOS190-1QTCS,"Organic Ethyl Alcohol, Sugar Cane, 190 Proof Kosher, Halal, FCC",Pure Alcohols,1,,No,654139792,2026-09-02,shipped,Austin Warehouse,Warehouse
AMZN-000399236,2026-09-02,EAOS190-1QTCS,"Organic Ethyl Alcohol, Sugar Cane, 190 Proof Kosher, Halal, FCC",Pure Alcohols,1,,No,654140005,2026-09-02,shipped,Austin Warehouse,Warehouse
AMZN-000399275,2026-09-02,EAOS190-1QTCS,"Organic Ethyl Alcohol, Sugar Cane, 190 Proof Kosher, Halal, FCC",Pure Alcohols,1,,No,654140118,2026-09-02,shipped,Austin Warehouse,Warehouse
AMZN-000399389,2026-09-02,EAOS190-1QTCS,"Organic Ethyl Alcohol, Sugar Cane, 190 Proof Kosher, Halal, FCC",Pure Alcohols,1,,No,654140217,2026-09-02,shipped,Austin Warehouse,Warehouse
AMZN-000399485,2026-09-02,EAOS190-1QTCS,"Organic Ethyl Alcohol, Sugar Cane, 190 Proof Kosher, Halal, FCC",Pure Alcohols,1,,No,654140335,2026-09-02,shipped,Austin Warehouse,Warehouse
AMZN-000399467,2026-09-02,EAOS190-1QTCS,"Organic Ethyl Alcohol, Sugar Cane, 190 Proof Kosher, Halal, FCC",Pure Alcohols,1,,No,654140471,2026-09-02,shipped,Austin Warehouse,Warehouse
AMZN-000399437,2026-09-02,EAOS190-1QTCS,"Organic Ethyl Alcohol, Sugar Cane, 190 Proof Kosher, Halal, FCC",Pure Alcohols,1,,No,654140609,2026-09-02,shipped,Austin Warehouse,Warehouse
AMZN-000399677,2026-09-02,EAOS190-1QTCS,"Organic Ethyl Alcohol, Sugar Cane, 190 Proof Kosher, Halal, FCC",Pure Alcohols,1,,No,654141051,2026-09-02,shipped,Austin Warehouse,Warehouse
AMZN-000399590,2026-09-02,EAOS190-1QTCS,"Organic Ethyl Alcohol, Sugar Cane, 190 Proof Kosher, Halal, FCC",Pure Alcohols,1,,No,654141178,2026-09-02,shipped,Austin Warehouse,Warehouse
AMZN-000399632,2026-09-02,EAOS190-1QTCS,"Organic Ethyl Alcohol, Sugar Cane, 190 Proof Kosher, Halal, FCC",Pure Alcohols,1,,No,654141316,2026-09-02,shipped,Austin Warehouse,Warehouse
AMZN-000399566,2026-09-02,EAOS190-1QTCS,"Organic Ethyl Alcohol, Sugar Cane, 190 Proof Kosher, Halal, FCC",Pure Alcohols,1,,No,654142415,2026-09-02,shipped,Austin Warehouse,Warehouse
AMZN-000399938,2026-09-02,EAOS190-1QTCS,"Organic Ethyl Alcohol, Sugar Cane, 190 Proof Kosher, Halal, FCC",Pure Alcohols,1,,No,654143057,2026-09-02,shipped,Austin Warehouse,Warehouse
AMZN-000399134,2026-09-02,EAP190-1QTCS,"Ethanol 190 Proof (95%) Non-Denatured Alcohol, USP/FCC Food Grade, Kosher, Halal",Pure Alcohols,1,,No,654143448,2026-09-02,shipped,Austin Warehouse,Warehouse
AMZN-000399245,2026-09-02,EAP190-1QTCS,"Ethanol 190 Proof (95%) Non-Denatured Alcohol, USP/FCC Food Grade, Kosher, Halal",Pure Alcohols,1,,No,654143562,2026-09-02,shipped,Austin Warehouse,Warehouse
AMZN-000399350,2026-09-02,EAP190-1QTCS,"Ethanol 190 Proof (95%) Non-Denatured Alcohol, USP/FCC Food Grade, Kosher, Halal",Pure Alcohols,1,,No,654143698,2026-09-02,shipped,Austin Warehouse,Warehouse
AMZN-000399332,2026-09-02,EAP190-1QTCS,"Ethanol 190 Proof (95%) Non-Denatured Alcohol, USP/FCC Food Grade, Kosher, Halal",Pure Alcohols,1,,No,654143887,2026-09-02,shipped,Austin Warehouse,Warehouse
AMZN-000399362,2026-09-02,EAP190-1QTCS,"Ethanol 190 Proof (95%) Non-Denatured Alcohol, USP/FCC Food Grade, Kosher, Halal",Pure Alcohols,1,,No,654144060,2026-09-02,shipped,Austin Warehouse,Warehouse
AMZN-000399287,2026-09-02,EAP190-1QTCS,"Ethanol 190 Proof (95%) Non-Denatured Alcohol, USP/FCC Food Grade, Kosher, Halal",Pure Alcohols,1,,No,654144216,2026-09-02,shipped,Austin Warehouse,Warehouse
AMZN-000399290,2026-09-02,EAP190-1QTCS,"Ethanol 190 Proof (95%) Non-Denatured Alcohol, USP/FCC Food Grade, Kosher, Halal",Pure Alcohols,1,,No,654144319,2026-09-02,shipped,Austin Warehouse,Warehouse
AMZN-000399413,2026-09-02,EAP190-1QTCS,"Ethanol 190 Proof (95%) Non-Denatured Alcohol, USP/FCC Food Grade, Kosher, Halal",Pure Alcohols,1,,No,654144547,2026-09-02,shipped,Austin Warehouse,Warehouse
AMZN-000399395,2026-09-02,EAP190-1QTCS,"Ethanol 190 Proof (95%) Non-Denatured Alcohol, USP/FCC Food Grade, Kosher, Halal",Pure Alcohols,1,,No,654144662,2026-09-02,shipped,Austin Warehouse,Warehouse
AMZN-000399464,2026-09-02,EAP190-1QTCS,"Ethanol 190 Proof (95%) Non-Denatured Alcohol, USP/FCC Food Grade, Kosher, Halal",Pure Alcohols,1,,No,654147725,2026-09-02,shipped,Austin Warehouse,Warehouse
AMZN-000399587,2026-09-02,EAP190-1QTCS,"Ethanol 190 Proof (95%) Non-Denatured Alcohol, USP/FCC Food Grade, Kosher, Halal",Pure Alcohols,1,,No,654147973,2026-09-02,shipped,Austin Warehouse,Warehouse
AMZN-000399812,2026-09-02,EAP190-1QTCS,"Ethanol 190 Proof (95%) Non-Denatured Alcohol, USP/FCC Food Grade, Kosher, Halal",Pure Alcohols,1,,No,654148265,2026-09-02,shipped,Austin Warehouse,Warehouse
000397718,2026-09-02,CAFU-1KG,"Caffeine Powder, USP/FCC/Food Grade, Kosher, Halal",Granular,3,,Yes,654171532,2026-09-02,shipped,Austin Warehouse,Warehouse
000393548-1,2026-09-02,Multiple products,Multiple products,,,,,654172508,2026-09-02,shipped,Austin Warehouse,Warehouse
000398612,2026-09-02,EAOS190-1QTCS,"Organic Ethyl Alcohol, Sugar Cane, 190 Proof Kosher, Halal, FCC",Pure Alcohols,1,,No,654189689,2026-09-02,shipped,Austin Warehouse,Warehouse
000399059,2026-09-02,AAA99-1L,Acetic Acid Glacial 99% ACS Grade,Acids,4,,Yes,654191170,2026-09-02,shipped,Austin Warehouse,Warehouse
000398849,2026-09-02,IPAL70-1GAL,Isopropyl Alcohol 70% Lab Grade,Alcohols,1,,No,654192430,2026-09-02,shipped,Austin Warehouse,Warehouse
000399080,2026-09-02,Multiple products,Multiple products,Other Chemicals,,,,654198607,2026-09-02,shipped,Austin Warehouse,Warehouse
000399227,2026-09-02,Multiple products,Multiple products,,,,,654201842,2026-09-02,shipped,"Austin Warehouse, Roshan",Warehouse
000399497,2026-09-02,SINISL00172N-1L,Silver Nitrate 0.0172N (0.0172M) Solution,Solutions,Lab Tech,,Yes,654202396,2026-09-02,voided,"Austin Warehouse, Roshan",Warehouse
000399143,2026-09-02,CAFU-1KG,"Caffeine Powder, USP/FCC/Food Grade, Kosher, Halal",Granular,3,,Yes,654202658,2026-09-02,shipped,Austin Warehouse,Warehouse
000399149,2026-09-02,SMBSGA-25KG,"Sodium Metabisulfite, Crystalline Powder, ACS Grade",Granular,3,,Yes,654203057,2026-09-02,shipped,Austin Warehouse,Warehouse
000399155,2026-09-02,NBTALCA-4L,"n-Butyl Alcohol, ACS Grade",Alcohols,2,,No,654208665,2026-09-02,shipped,Austin Warehouse,Warehouse
000399170,2026-09-02,POBROA-1KG,"Potassium Bromide, ACS/USP Grade",Granular,3,,Yes,654209293,2026-09-02,shipped,Austin Warehouse,Warehouse
000399260,2026-09-02,TCAACLA85-2OZ,"Trichloroacetic Acid, 85%",Acids,3,,Yes,654211532,2026-09-02,shipped,Austin Warehouse,Warehouse
000399278,2026-09-02,MCTC-500ML,"MCT Oil Coconut Based USP/FCC/Food Grade, Kosher, Halal",Other Chemicals,1,,No,654211813,2026-09-02,shipped,Austin Warehouse,Warehouse
000397166,2026-09-02,TCPGL-500G,"Tricalcium Phosphate, Lab Grade",Granular,2,,Yes,654239240,2026-09-02,shipped,,
AMZN-000400121,2026-09-02,MANPU-5LB,"Lab Alley Mannitol, Powder, USP Grade, High Purity, Ideal Reagent  ",Granular,2,,Yes,654239446,2026-09-02,shipped,Austin Warehouse,Warehouse
000397835,2026-09-02,Multiple products,Multiple products,Granular,,,,654245564,2026-09-02,shipped,Austin Warehouse,Warehouse
000397985,2026-09-02,Multiple products,Multiple products,Granular,,,,654248833,2026-09-02,shipped,Austin Warehouse,Warehouse
000398093,2026-09-02,CAHYGU-1KG,"Calcium Hydroxide, USP/FCC Grade, Kosher, Halal",Granular,3,,Yes,654248976,2026-09-02,shipped,Austin Warehouse,Warehouse
000398099,2026-09-02,CAMCU-1KG,"Camphor, Crystals, USP Grade, Kosher",Granular,3,,Yes,654249214,2026-09-02,shipped,Austin Warehouse,Warehouse
000398150,2026-09-02,Multiple products,Multiple products,Granular,,,,654249402,2026-09-02,shipped,Austin Warehouse,Warehouse
000398168,2026-09-02,ASAPU-1KG,"Ascorbic Acid Powder, USP/Food Grade (FCC), Kosher, Halal",Granular,2,,Yes,654249651,2026-09-02,shipped,Austin Warehouse,Warehouse
000398201,2026-09-02,SOCAL-12.5KG,"Sodium Carbonate Anhydrous, Lab Grade",Granular,3,,Yes,654249833,2026-09-02,shipped,Austin Warehouse,Warehouse
000398243,2026-09-02,CNTGA-2.5KG,"Calcium Nitrate Tetrahydrate, ACS",Granular,3,,Yes,654249975,2026-09-02,shipped,"PA, Austin Warehouse, Split Order",Warehouse
000398408,2026-09-02,POSUGA-500G,"Potassium Sulfate, ACS Grade",Granular,3,,Yes,654250505,2026-09-02,shipped,Austin Warehouse,Warehouse
000399191,2026-09-02,Multiple products,Multiple products,,,,,654251864,2026-09-02,shipped,Austin Warehouse,Warehouse
000399338,2026-09-02,Multiple products,Multiple products,Other Chemicals,,,,654253637,2026-09-02,shipped,Austin Warehouse,Warehouse
000399347,2026-09-02,TCAACLA25-4OZ,Trichloroacetic Acid 25% Solution,Acids,3,,Yes,654253757,2026-09-02,shipped,Austin Warehouse,Warehouse
000399374,2026-09-02,CAFU-2.5kg,"Caffeine Powder, USP/FCC/Food Grade, Kosher, Halal",Granular,3,,Yes,654253813,2026-09-02,shipped,Austin Warehouse,Warehouse
000399386,2026-09-02,ACEA-500ML,"Acetone 99.5%, ACS Grade",Other Chemicals,2,,No,654253922,2026-09-02,shipped,Austin Warehouse,Warehouse
000399434,2026-09-02,CAFU-1LB,"Caffeine Powder, USP/FCC/Food Grade, Kosher, Halal",Granular,3,,Yes,654253980,2026-09-02,shipped,Austin Warehouse,Warehouse
000399440,2026-09-02,CAFU-1LB,"Caffeine Powder, USP/FCC/Food Grade, Kosher, Halal",Granular,3,,Yes,654254016,2026-09-02,shipped,Austin Warehouse,Warehouse
000399461,2026-09-02,EAP190-1L,"Ethanol 190 Proof (95%) Non-Denatured Alcohol, USP/FCC Food Grade, Kosher, Halal",Pure Alcohols,1,,No,654254312,2026-09-02,shipped,Austin Warehouse,Warehouse
000399371,2026-09-02,DEGMEL-1GAL,Diethylene Glycol Monoethyl Ether Lab Grade,Other Chemicals,1,,No,654254398,2026-09-02,shipped,Austin Warehouse,Warehouse
000399473,2026-09-02,MERL-25g,"Mercury Metal, Lab Grade, 99.99% - 25g",Other Chemicals,3,,Yes,654254444,2026-09-02,shipped,"Austin Warehouse, Restricted Combination - Mercury, Partial Restriction",Warehouse
000399479,2026-09-02,EAP200-1PP,"Ethanol 200 Proof (100%) Undenatured Alcohol, USP/FCC Food Grade, Kosher, Halal",Pure Alcohols,1,,No,654254557,2026-09-02,shipped,Austin Warehouse,Warehouse
000399503,2026-09-02,HPL32-500ML,"Hydrogen Peroxide 32% Solution, Lab Grade",Solutions,2,,No,654254652,2026-09-02,shipped,"Austin Warehouse, Restricted Combination - Hydrogen Peroxide",Warehouse
000399536,2026-09-02,CAFU-500G,"Caffeine Powder, USP/FCC/Food Grade, Kosher, Halal",Granular,3,,Yes,654254681,2026-09-02,shipped,Austin Warehouse,Warehouse
000399548,2026-09-02,CAFU-1KG,"Caffeine Powder, USP/FCC/Food Grade, Kosher, Halal",Granular,3,,Yes,654254719,2026-09-02,shipped,Austin Warehouse,Warehouse
000399554,2026-09-02,VMPL-1L,"VM&P Naphtha, Pure",Other Chemicals,2,,No,654254745,2026-09-02,shipped,Austin Warehouse,Warehouse
000399545,2026-09-02,NMPL-1GAL,"NMP, 1-Methyl-2-Pyrrolidone, Lab Grade",Other Chemicals,2,,No,654254812,2026-09-02,shipped,Austin Warehouse,Warehouse
000399659,2026-09-02,PEG3350GU-500G,"Polyethylene Glycol (PEG) 3350, Granular, USP Grade, Kosher",Granular,2,,Yes,654254882,2026-09-02,shipped,Austin Warehouse,Warehouse
000399182,2026-09-03,Multiple products,Multiple products,,,,,654308617,2026-09-03,shipped,"Austin Warehouse, Restricted Combination - Hydrogen Peroxide",Warehouse
000399272,2026-09-03,CACHLAPF-1KG,"Calcium Chloride, Anhydrous, FCC Grade, Pellets",Granular,3,,Yes,654309041,2026-09-03,shipped,Austin Warehouse,Warehouse
000399341,2026-09-03,FALCMS-25ML,"Formic Acid, LC/MS",Acids,Lab Tech,,Yes,654309209,2026-09-03,shipped,"Austin Warehouse, Roshan",Warehouse
000399356,2026-09-03,Multiple products,Multiple products,,,,,654309346,2026-09-03,shipped,Austin Warehouse,Warehouse
000399470,2026-09-03,SHCN125-1GAL,Sodium Hypochlorite 12.5% Solution,Solutions,3,,No,654309740,2026-09-03,shipped,"PA, Austin Warehouse, Split Order, Restricted Combination - Hydrogen Peroxide",Warehouse
000399533,2026-09-03,MCTC-4L,"MCT Oil Coconut Based USP/FCC/Food Grade, Kosher, Halal",Other Chemicals,1,,No,654310692,2026-09-03,shipped,Austin Warehouse,Warehouse
000399551,2026-09-03,Multiple products,Multiple products,Granular,,,,654311414,2026-09-03,shipped,Austin Warehouse,Warehouse
000399695,2026-09-03,EAP200-1PP,"Ethanol 200 Proof (100%) Undenatured Alcohol, USP/FCC Food Grade, Kosher, Halal",Pure Alcohols,1,,No,654311774,2026-09-03,shipped,Austin Warehouse,Warehouse
000399698,2026-09-03,MANPU-2.5KG,"Mannitol, Powder, USP Grade",Granular,2,,Yes,654312690,2026-09-03,shipped,Austin Warehouse,Warehouse
000399701,2026-09-03,WHO14-500ML,Organic Witch Hazel Pulp Extract with 14% Alcohol,Other Chemicals,2,,No,654313772,2026-09-03,shipped,Austin Warehouse,Warehouse
000399710,2026-09-03,MSV-1GAL,Varsol Solvent,Other Chemicals,2,,No,654314016,2026-09-03,shipped,Austin Warehouse,Warehouse
000399785,2026-09-03,GLF-1L,"Glycerin 99% USP/NF/FCC/Food Grade, Kosher, Halal",Other Chemicals,1,,No,654314486,2026-09-03,shipped,"Austin Warehouse, Restricted Combination - Glycerin",Warehouse
000399824,2026-09-03,HPF3-5GAL,"Hydrogen Peroxide 3% Solution, Food Grade, Kosher, Halal",Solutions,2,,No,654317080,2026-09-03,shipped,"Austin Warehouse, Restricted Combination - Hydrogen Peroxide",Warehouse
000399839,2026-09-03,ACASL1N-4L,Acetic Acid 1.0N Solution,Solutions,Lab Tech,,Yes,654317515,2026-09-03,shipped,"Austin Warehouse, Roshan",Warehouse
000399845,2026-09-03,EAOS190-500ML,"Organic Ethyl Alcohol, Sugar Cane, 190 Proof Kosher, Halal, FCC",Pure Alcohols,1,,No,654317639,2026-09-03,shipped,Austin Warehouse,Warehouse
000399848,2026-09-03,PS80F-500ML,"Polysorbate 80, Food Grade, Kosher, Halal",Other Chemicals,1,,No,654317789,2026-09-03,shipped,Austin Warehouse,Warehouse
000399860,2026-09-03,MEGSL30-5GAL,"Ethylene Glycol 30% Solution in DI Water, Lab Grade",Solutions,3,,No,654318066,2026-09-03,shipped,"Austin Warehouse, Roshan",Warehouse
000399899,2026-09-03,DMSOA-500ML,"Dimethyl Sulfoxide (DMSO) 99.5%, ACS Grade",Other Chemicals,2,,No,654319452,2026-09-03,shipped,Austin Warehouse,Warehouse
000399902,2026-09-03,BOX-UN-4X4L-KIT-ASM,4x4L Amber Glass Bottle 38-439 with Molded Pulp (ASSEMBLED),Shipping Supplies,,,,654320223,2026-09-03,shipped,Austin Warehouse,Warehouse
AMZN-000400067,2026-09-03,SOBZGF-50LB,"Sodium Benzoate, Food Grade, Kosher, Halal",Granular,3,,Yes,654320562,2026-09-03,shipped,Austin Warehouse,Warehouse
000400082,2026-09-03,TCAACLA85-1OZ,"Trichloroacetic Acid, 85%",Acids,3,,Yes,654320671,2026-09-03,shipped,Austin Warehouse,Warehouse
000400109,2026-09-03,HPL34-1L,"Hydrogen Peroxide 34% Solution, Lab Grade",Solutions,2,,No,654320886,2026-09-03,shipped,"Austin Warehouse, Restricted Combination - Hydrogen Peroxide",Warehouse
000400115,2026-09-03,WAU-5GAL,"Water, USP Grade",Other Chemicals,Lab Tech,,Yes,654321009,2026-09-03,shipped,Austin Warehouse,Warehouse
000400124,2026-09-03,VMPL-500ML,"VM&P Naphtha, Pure",Other Chemicals,2,,No,654321141,2026-09-03,shipped,Austin Warehouse,Warehouse
000400136,2026-09-03,PEG400F-1GAL,"Polyethylene Glycol (PEG) 400 Food Grade (FCC), Kosher, Halal",Other Chemicals,1,,No,654321206,2026-09-03,shipped,Austin Warehouse,Warehouse
000400199,2026-09-03,AAL99-1L,Acetic Acid Glacial 99% Lab Grade,Acids,4,,Yes,654321317,2026-09-03,shipped,Austin Warehouse,Warehouse
000400232,2026-09-03,HXA-1L,Hexanes ACS Grade,Other Chemicals,2,,No,654321528,2026-09-03,shipped,Austin Warehouse,Warehouse
000400298,2026-09-03,IPAL99-1L,Isopropyl Alcohol 99.8% Lab Grade,Alcohols,1,,No,654321766,2026-09-03,shipped,Austin Warehouse,Warehouse
000400304,2026-09-03,SUAA96-1L,"Sulfuric Acid 96% ACS Reagent Grade Solution (95-98%, Concentrated H2SO4)",Acids,4,,Yes,654322059,2026-09-03,shipped,Austin Warehouse,Warehouse
000400337,2026-09-03,HCLA37-1L,"Hydrochloric Acid 37% Solution, ACS Reagent Grade",Acids,4,,Yes,654322660,2026-09-03,shipped,Austin Warehouse,Warehouse
AMZN-000400502,2026-09-03,HCLL31-1QT,"Hydrochloric Acid 31%, Lab Grade - 1 Quart",Acids,4,,Yes,654322939,2026-09-03,shipped,Austin Warehouse,Warehouse
000400370,2026-09-03,LAF88-500ML,"Lactic Acid 88%, Food Grade (FCC), Kosher",Acids,4,,No,654323155,2026-09-03,shipped,Austin Warehouse,Warehouse
000400403,2026-09-03,PGF-4L,"Propylene Glycol 99.5% USP/NF/FCC/Food Grade, Kosher, Halal",Other Chemicals,1,,No,654323310,2026-09-03,shipped,Austin Warehouse,Warehouse
000400424,2026-09-04,WAU-5GAL,"Water, USP Grade",Other Chemicals,Lab Tech,,Yes,654640765,2026-09-04,shipped,Austin Warehouse,Warehouse
000400433,2026-09-03,PGF-1L,"Propylene Glycol 99.5% USP/NF/FCC/Food Grade, Kosher, Halal",Other Chemicals,1,,No,654323668,2026-09-03,shipped,Austin Warehouse,Warehouse
000400439,2026-09-03,GLF-5GAL,"Glycerin 99% USP/NF/FCC/Food Grade, Kosher, Halal",Other Chemicals,1,,No,654323868,2026-09-03,shipped,"Austin Warehouse, Restricted Combination - Glycerin",Warehouse
000400475,2026-09-03,TCAACLA85-1OZ,"Trichloroacetic Acid, 85%",Acids,3,,Yes,654323916,2026-09-03,shipped,Austin Warehouse,Warehouse
000400505,2026-09-03,CTALF-1GAL,"Citric Acid 50% Solution, FCC/Food Grade, Kosher, Halal",Solutions,4,,No,654324044,2026-09-03,shipped,Austin Warehouse,Warehouse
000400520,2026-09-03,TCAACLA85-2OZ,"Trichloroacetic Acid, 85%",Acids,3,,Yes,654324137,2026-09-03,shipped,Austin Warehouse,Warehouse
000400523,2026-09-03,THFL-1L,Tetrahydrofuran (THF) Lab Grade,Other Chemicals,2,,Yes,654324213,2026-09-03,shipped,Austin Warehouse,Warehouse
000400538,2026-09-03,EAP190-500ML,"Ethanol 190 Proof (95%) Non-Denatured Alcohol, USP/FCC Food Grade, Kosher, Halal",Pure Alcohols,1,,No,654324307,2026-09-03,shipped,Austin Warehouse,Warehouse
AMZN-000400553,2026-09-03,EAOS190-1L,"Organic Ethyl Alcohol, Sugar Cane, 190 Proof Kosher, Halal, FCC",Pure Alcohols,1,,No,654324390,2026-09-03,shipped,Austin Warehouse,Warehouse
000400547,2026-09-03,MCTC-5GAL,"MCT Oil Coconut Based USP/FCC/Food Grade, Kosher, Halal",Other Chemicals,1,,No,654324574,2026-09-03,shipped,Austin Warehouse,Warehouse
000400559,2026-09-03,TCAACLA85-1OZ,"Trichloroacetic Acid, 85%",Acids,3,,Yes,654324712,2026-09-03,shipped,Austin Warehouse,Warehouse
000400580,2026-09-03,CAFU-1LB,"Caffeine Powder, USP/FCC/Food Grade, Kosher, Halal",Granular,3,,Yes,654324785,2026-09-03,shipped,Austin Warehouse,Warehouse
000400583,2026-09-03,EAP200-1L,"Ethanol 200 Proof (100%) Undenatured Alcohol, USP/FCC Food Grade, Kosher, Halal",Pure Alcohols,1,,No,654324943,2026-09-03,shipped,Austin Warehouse,Warehouse
AMZN-000400151,2026-09-03,EAP190-1QTCS,"Ethanol 190 Proof (95%) Non-Denatured Alcohol, USP/FCC Food Grade, Kosher, Halal",Pure Alcohols,1,,No,654342888,2026-09-03,shipped,Austin Warehouse,Warehouse
AMZN-000400076,2026-09-03,EAP190-1QTCS,"Ethanol 190 Proof (95%) Non-Denatured Alcohol, USP/FCC Food Grade, Kosher, Halal",Pure Alcohols,1,,No,654343049,2026-09-03,shipped,Austin Warehouse,Warehouse
AMZN-000400070,2026-09-03,EAP190-1QTCS,"Ethanol 190 Proof (95%) Non-Denatured Alcohol, USP/FCC Food Grade, Kosher, Halal",Pure Alcohols,1,,No,654343173,2026-09-03,shipped,Austin Warehouse,Warehouse
AMZN-000399980,2026-09-03,EAP190-1QTCS,"Ethanol 190 Proof (95%) Non-Denatured Alcohol, USP/FCC Food Grade, Kosher, Halal",Pure Alcohols,1,,No,654343434,2026-09-03,shipped,Austin Warehouse,Warehouse
AMZN-000400190,2026-09-03,EAP190-1QTCS,"Ethanol 190 Proof (95%) Non-Denatured Alcohol, USP/FCC Food Grade, Kosher, Halal",Pure Alcohols,1,,No,654345391,2026-09-03,shipped,Austin Warehouse,Warehouse
AMZN-000399968,2026-09-03,EAP190-1QTCS,"Ethanol 190 Proof (95%) Non-Denatured Alcohol, USP/FCC Food Grade, Kosher, Halal",Pure Alcohols,1,,No,654345520,2026-09-03,shipped,Austin Warehouse,Warehouse
AMZN-000400010,2026-09-03,EAP190-1QTCS,"Ethanol 190 Proof (95%) Non-Denatured Alcohol, USP/FCC Food Grade, Kosher, Halal",Pure Alcohols,1,,No,654345612,2026-09-03,shipped,Austin Warehouse,Warehouse
AMZN-000399983,2026-09-03,EAP190-1QTCS,"Ethanol 190 Proof (95%) Non-Denatured Alcohol, USP/FCC Food Grade, Kosher, Halal",Pure Alcohols,1,,No,654345778,2026-09-03,shipped,Austin Warehouse,Warehouse
AMZN-000399986,2026-09-03,EAP190-1QTCS,"Ethanol 190 Proof (95%) Non-Denatured Alcohol, USP/FCC Food Grade, Kosher, Halal",Pure Alcohols,1,,No,654345868,2026-09-03,shipped,Austin Warehouse,Warehouse
AMZN-000400016,2026-09-03,EAP190-1QTCS,"Ethanol 190 Proof (95%) Non-Denatured Alcohol, USP/FCC Food Grade, Kosher, Halal",Pure Alcohols,1,,No,654346760,2026-09-03,shipped,Austin Warehouse,Warehouse
AMZN-000400064,2026-09-03,EAP190-1QTCS,"Ethanol 190 Proof (95%) Non-Denatured Alcohol, USP/FCC Food Grade, Kosher, Halal",Pure Alcohols,1,,No,654347158,2026-09-03,shipped,Austin Warehouse,Warehouse
AMZN-000400673,2026-09-03,PEG400F-1GAL,"Polyethylene Glycol (PEG) 400 Food Grade (FCC), Kosher, Halal",Other Chemicals,1,,No,654349542,2026-09-03,shipped,Austin Warehouse,Warehouse
000398273,2026-09-03,RSNGL-100G,Resorcinol Crystals Purified,Granular,3,,Yes,654370104,2026-09-03,shipped,Austin Warehouse,Warehouse
AMZN-000399431,2026-09-03,SOBZGF-25KG,"Sodium Benzoate, Food Grade, Kosher, Halal",Granular,3,,Yes,654387920,2026-09-03,shipped,Austin Warehouse,Warehouse
000398360,2026-09-03,SOCHGA-12.5KG,"Sodium Chloride Crystals 99%, ACS Grade",Granular,2,,Yes,654400370,2026-09-03,shipped,Austin Warehouse,Warehouse
000398417,2026-09-03,SOCHLGL-25KG,"Sodium Chloride, Lab Grade",Granular,2,,Yes,654401698,2026-09-03,shipped,Austin Warehouse,Warehouse
000398465,2026-09-03,POHPM-100G,Potassium Hydroxide Pellets ACS/FCC/NF,Granular,3,,Yes,654404451,2026-09-03,shipped,Austin Warehouse,Warehouse
000398954,2026-09-03,XLA-500ML,Xylenes ACS Grade,Other Chemicals,2,,Yes,654404877,2026-09-03,shipped,"Austin Warehouse, Restricted Chemical",Warehouse
WMT000400613,2026-09-03,HEL-1QT,"Heptane Lab Grade, 1 Gallon Total - 1 Quart",Other Chemicals,2,,No,654425799,2026-09-03,shipped,Austin Warehouse,Warehouse
WMT000400391,2026-09-03,HPF30-1L,"Hydrogen Peroxide 30% Solution, Food Grade, Kosher, Halal",Solutions,2,,No,654426089,2026-09-03,shipped,"Austin Warehouse, Restricted Combination - Hydrogen Peroxide",Warehouse
AMZN-000400775,2026-09-03,MAL-1QT,Methanol 99.85% Lab Grade - 1 Quart,Alcohols,2,,No,654426437,2026-09-03,shipped,Austin Warehouse,Warehouse
AMZN-000400772,2026-09-03,EAC200-1QT,"Lab Alley Ethanol 200 Proof (100%) Denatured with Heptane, Extraction Grade Solvent, Kosher & Halal Certified - 1 Quart",Alcohols,1,,No,654426705,2026-09-03,shipped,Austin Warehouse,Warehouse
AMZN-000400316,2026-09-03,SOCHLGU-5LB,"Sodium Chloride, Granular, USP Grade, Kosher, Halal",Granular,2,,Yes,654426929,2026-09-03,shipped,Austin Warehouse,Warehouse
000399248,2026-09-03,EAS40B200-1GAL,"SDA 40B Ethanol 200 Proof (100%), Kosher, Halal",Alcohols,1,,No,654431151,2026-09-03,shipped,"Austin Warehouse, Partial Restriction",Warehouse
000399974,2026-09-03,POHYSA10-500ML,"Potassium Hydroxide 10% Solution, Reagent Grade",Solutions,Lab Tech,,Yes,654437245,2026-09-03,shipped,"Austin Warehouse, Roshan",Warehouse
000400373,2026-09-03,SHCN5-500ML,Sodium Hypochlorite 5% Solution,Solutions,3,,No,654443922,2026-09-03,shipped,Austin Warehouse,Warehouse
000400265,2026-09-03,SHCN5-500ML,Sodium Hypochlorite 5% Solution,Solutions,3,,No,654445914,2026-09-03,shipped,Austin Warehouse,Warehouse
AMZN-000400319,2026-09-03,EAOS190-1QTCS,"Organic Ethyl Alcohol, Sugar Cane, 190 Proof Kosher, Halal, FCC",Pure Alcohols,1,,No,654450575,2026-09-03,shipped,Austin Warehouse,Warehouse
AMZN-000400544,2026-09-03,EAOS190-1QTCS,"Organic Ethyl Alcohol, Sugar Cane, 190 Proof Kosher, Halal, FCC",Pure Alcohols,1,,No,654450669,2026-09-03,shipped,Austin Warehouse,Warehouse
AMZN-000400514,2026-09-03,EAOS190-1QTCS,"Organic Ethyl Alcohol, Sugar Cane, 190 Proof Kosher, Halal, FCC",Pure Alcohols,1,,No,654450758,2026-09-03,shipped,Austin Warehouse,Warehouse
AMZN-000400352,2026-09-03,EAOS190-1QTCS,"Organic Ethyl Alcohol, Sugar Cane, 190 Proof Kosher, Halal, FCC",Pure Alcohols,1,,No,654450816,2026-09-03,shipped,Austin Warehouse,Warehouse
AMZN-000400487,2026-09-03,EAOS190-1QTCS,"Organic Ethyl Alcohol, Sugar Cane, 190 Proof Kosher, Halal, FCC",Pure Alcohols,1,,No,654450866,2026-09-03,shipped,Austin Warehouse,Warehouse
AMZN-000400004,2026-09-03,EAOS190-1QTCS,"Organic Ethyl Alcohol, Sugar Cane, 190 Proof Kosher, Halal, FCC",Pure Alcohols,1,,No,654450925,2026-09-03,shipped,Austin Warehouse,Warehouse
AMZN-000400055,2026-09-03,EAOS190-1QTCS,"Organic Ethyl Alcohol, Sugar Cane, 190 Proof Kosher, Halal, FCC",Pure Alcohols,1,,No,654451002,2026-09-03,shipped,Austin Warehouse,Warehouse
000398579,2026-09-04,MOHGU-1KG,"Magnesium Oxide Heavy, USP/FCC Grade, Kosher, Halal",Granular,2,,Yes,654517170,2026-09-04,shipped,,
000398699,2026-09-04,URPU-1LB,"Urea Crystalline Powder 99%, USP Grade",Granular,2,,Yes,654517605,2026-09-04,shipped,Austin Warehouse,Warehouse
000398708,2026-09-04,PVPK30GU-1LB,"Polyvinylpyrrolidone PVP K-30, Powder, USP Grade, Kosher, Halal",Granular,1,,Yes,654518235,2026-09-04,shipped,,
AMZN-000401183,2026-09-04,HEHP-1QT,n-Heptane 99.9% High Purity Grade - 1 Quart,Other Chemicals,2,,No,654525726,2026-09-04,shipped,Austin Warehouse,Warehouse
AMZN-000401117,2026-09-04,HEL-1QT,"Heptane Lab Grade, 1 Gallon Total - 1 Quart",Other Chemicals,2,,No,654525951,2026-09-04,shipped,Austin Warehouse,Warehouse
AMZN-000401120,2026-09-04,PEG4000GL-2LB,"Lab Alley Polyethylene Glycol (PEG) 4000, Granular, Lab Grade, Kosher",Granular,2,,Yes,654526377,2026-09-04,shipped,Austin Warehouse,Warehouse
AMZN-000401192,2026-09-04,PS80F-1GAL,"Polysorbate 80, Food Grade, Kosher, Halal",Other Chemicals,1,,No,654526697,2026-09-04,shipped,Austin Warehouse,Warehouse
AMZN-000401138,2026-09-04,HEL-1QT,"Heptane Lab Grade, 1 Gallon Total - 1 Quart",Other Chemicals,2,,No,654527008,2026-09-04,shipped,Austin Warehouse,Warehouse
000399074,2026-09-04,SMBSGF-1KG,"Sodium Metabisulfite, Crystalline Powder, FCC, Kosher",Granular,3,,Yes,654527483,2026-09-04,shipped,Austin Warehouse,Warehouse
000399158,2026-09-04,SOGLF-2.5KG,"Sodium Gluconate, Granular, FCC/Food Grade, Kosher, Halal",Granular,2,,Yes,654529929,2026-09-04,shipped,Austin Warehouse,Warehouse
000399209,2026-09-04,SHYGC-250G,"Sodium Hyaluronate, Granular, Cosmetic Grade",Granular,2,,Yes,654531442,2026-09-04,shipped,Austin Warehouse,Warehouse
000399722,2026-09-04,EAS40B200-1GAL,"SDA 40B Ethanol 200 Proof (100%), Kosher, Halal",Alcohols,1,,No,654533236,2026-09-04,voided,"Austin Warehouse, Partial Restriction",Warehouse
AMZN-000400430,2026-09-04,EAP190-1QTCS,"Ethanol 190 Proof (95%) Non-Denatured Alcohol, USP/FCC Food Grade, Kosher, Halal",Pure Alcohols,1,,No,654539346,2026-09-04,shipped,Austin Warehouse,Warehouse
AMZN-000400421,2026-09-04,EAP190-1QTCS,"Ethanol 190 Proof (95%) Non-Denatured Alcohol, USP/FCC Food Grade, Kosher, Halal",Pure Alcohols,1,,No,654539444,2026-09-04,shipped,Austin Warehouse,Warehouse
AMZN-000400616,2026-09-04,EAP190-1QTCS,"Ethanol 190 Proof (95%) Non-Denatured Alcohol, USP/FCC Food Grade, Kosher, Halal",Pure Alcohols,1,,No,654539527,2026-09-04,shipped,Austin Warehouse,Warehouse
AMZN-000400601,2026-09-04,EAP190-1QTCS,"Ethanol 190 Proof (95%) Non-Denatured Alcohol, USP/FCC Food Grade, Kosher, Halal",Pure Alcohols,1,,No,654539637,2026-09-04,shipped,Austin Warehouse,Warehouse
AMZN-000401006,2026-09-04,EAP190-1QTCS,"Ethanol 190 Proof (95%) Non-Denatured Alcohol, USP/FCC Food Grade, Kosher, Halal",Pure Alcohols,1,,No,654539757,2026-09-04,shipped,Austin Warehouse,Warehouse
AMZN-000401135,2026-09-04,EAP190-1QTCS,"Ethanol 190 Proof (95%) Non-Denatured Alcohol, USP/FCC Food Grade, Kosher, Halal",Pure Alcohols,1,,No,654539822,2026-09-04,shipped,Austin Warehouse,Warehouse
AMZN-000400955,2026-09-04,EAP190-1QTCS,"Ethanol 190 Proof (95%) Non-Denatured Alcohol, USP/FCC Food Grade, Kosher, Halal",Pure Alcohols,1,,No,654539922,2026-09-04,shipped,Austin Warehouse,Warehouse
AMZN-000401177,2026-09-04,EAOS190-1QTCS,"Organic Ethyl Alcohol, Sugar Cane, 190 Proof Kosher, Halal, FCC",Pure Alcohols,1,,No,654540236,2026-09-04,shipped,,
AMZN-000400976,2026-09-04,EAOS190-1QTCS,"Organic Ethyl Alcohol, Sugar Cane, 190 Proof Kosher, Halal, FCC",Pure Alcohols,1,,No,654540514,2026-09-04,shipped,,
000399281,2026-09-04,Multiple products,Multiple products,,,,,654543223,2026-09-04,shipped,Austin Warehouse,Warehouse
000399302,2026-09-04,IPAL91-1L,Isopropyl Alcohol 91% Lab Grade,Alcohols,1,,No,654543589,2026-09-04,shipped,Austin Warehouse,Warehouse
000399326,2026-09-04,HCLL10-500ML,"Hydrochloric Acid 10% Solution, Lab Grade",Acids,4,,Yes,654543713,2026-09-04,shipped,Austin Warehouse,Warehouse
000399383,2026-09-04,PEG4000GL-25KG,"Polyethylene Glycol (PEG) 4000, Granular, Lab Grade, Kosher",Granular,2,,Yes,654545763,2026-09-04,shipped,Austin Warehouse,Warehouse
000399665,2026-09-04,PVPK30GU-1KG,"Polyvinylpyrrolidone PVP K-30, Powder, USP Grade, Kosher, Halal",Granular,1,,Yes,654546311,2026-09-04,shipped,,
000399971,2026-09-04,SOSUATGL-50LB,"Sodium Sulfate Anhydrous, Lab Grade (Fine Granular)",Granular,2,,Yes,654547282,2026-09-04,shipped,Austin Warehouse,Warehouse
000400025,2026-09-04,PVPK30GU-1KG,"Polyvinylpyrrolidone PVP K-30, Powder, USP Grade, Kosher, Halal",Granular,1,,Yes,654548038,2026-09-04,shipped,,
000400085,2026-09-04,HCLL10-500ML,"Hydrochloric Acid 10% Solution, Lab Grade",Acids,4,,Yes,654548135,2026-09-04,shipped,Austin Warehouse,Warehouse
000400127,2026-09-04,SHYSC1-1L,"Sodium Hyaluronate 1% w/v Solution, Cosmetic Grade",Solutions,Lab Tech,,Yes,654548330,2026-09-04,shipped,"Austin Warehouse, Roshan",Warehouse
000400154,2026-09-04,MERL-100g,"Mercury Metal, Lab Grade, 99.99% - 100g",Other Chemicals,3,,Yes,654548588,2026-09-04,shipped,"Austin Warehouse, Partial Restriction",Warehouse
000400226,2026-09-04,Multiple products,Multiple products,Solutions,,,,654548896,2026-09-04,shipped,"Austin Warehouse, Roshan",Warehouse
000400229,2026-09-04,Multiple products,Multiple products,Solutions,,,,654549175,2026-09-04,shipped,"Austin Warehouse, Roshan",Warehouse
000400238,2026-09-04,HCASA1M-4L,"Hydrochloric Acid 1M, Lab Grade",Acids,Lab Tech,,Yes,654549479,2026-09-04,shipped,"Austin Warehouse, Roshan",Warehouse
000400241,2026-09-04,HCASA1M-4L,"Hydrochloric Acid 1M, Lab Grade",Acids,Lab Tech,,Yes,654549630,2026-09-04,shipped,"Austin Warehouse, Roshan",Warehouse
000400295,2026-09-04,EAP200-1PG,"Ethanol 200 Proof (100%) Undenatured Alcohol, USP/FCC Food Grade, Kosher, Halal",Pure Alcohols,1,,No,654550106,2026-09-04,shipped,Austin Warehouse,Warehouse
000400310,2026-09-04,Multiple products,Multiple products,Other Chemicals,,,,654550313,2026-09-04,shipped,Austin Warehouse,Warehouse
000400331,2026-09-04,HPF30-500ml,"Hydrogen Peroxide 30% Solution, Food Grade, Kosher, Halal",Solutions,2,,No,654550474,2026-09-04,shipped,"Austin Warehouse, Restricted Combination - Hydrogen Peroxide",Warehouse
000400466,2026-09-04,HCASA1M-1L,"Hydrochloric Acid 1M, Lab Grade",Acids,Lab Tech,,Yes,654550853,2026-09-04,shipped,"Austin Warehouse, Roshan",Warehouse
000400493,2026-09-04,PVPK30GU-1LB,"Polyvinylpyrrolidone PVP K-30, Powder, USP Grade, Kosher, Halal",Granular,1,,Yes,654551112,2026-09-04,shipped,,
000400526,2026-09-04,NASL01N-500ML,"Nitric Acid 0.1N Solution, Lab Grade",Acids,Lab Tech,,Yes,654551349,2026-09-04,shipped,"Austin Warehouse, Roshan, Restricted Combination - Nitric Acid",Warehouse
000400541,2026-09-04,EAS40B190-1L,"SDA 40B Ethanol 190 Proof (95%), Kosher, Halal",Alcohols,1,,No,654551710,2026-09-04,shipped,"Austin Warehouse, Partial Restriction",Warehouse
000400640,2026-09-04,IPAL91-500ML,Isopropyl Alcohol 91% Lab Grade,Alcohols,1,,No,654551883,2026-09-04,shipped,Austin Warehouse,Warehouse
000400658,2026-09-04,ACEA-1L,"Acetone 99.5%, ACS Grade",Other Chemicals,2,,No,654554306,2026-09-04,shipped,Austin Warehouse,Warehouse
000400661,2026-09-04,WAU-5GAL,"Water, USP Grade",Other Chemicals,Lab Tech,,Yes,654555021,2026-09-04,shipped,Austin Warehouse,Warehouse
000400670,2026-09-04,ACEL-1L,Acetone 99.5% Lab Grade,Other Chemicals,2,,No,654555563,2026-09-04,shipped,Austin Warehouse,Warehouse
000400712,2026-09-04,FAL90-500ML,"Formic Acid 90% Solution, Lab Grade",Acids,4,,Yes,654556162,2026-09-04,shipped,Austin Warehouse,Warehouse
000400724,2026-09-04,POIDGL-100g,Potassium Iodide Powder (Granular White Crystals) Lab Grade,Granular,3,,Yes,654557108,2026-09-04,shipped,Austin Warehouse,Warehouse
000400733,2026-09-04,EAOC200-500mL,"Organic Ethyl Alcohol, Corn, 200 Proof, Kosher, Halal, FCC",Pure Alcohols,1,,No,654557356,2026-09-04,shipped,Austin Warehouse,Warehouse
000400742,2026-09-04,EAP190-1PG,"Ethanol 190 Proof (95%) Non-Denatured Alcohol, USP/FCC Food Grade, Kosher, Halal",Pure Alcohols,1,,No,654557454,2026-09-04,shipped,Austin Warehouse,Warehouse
000400769,2026-09-04,BZKNF50-500ML,"Benzalkonium Chloride 50% Solution, NF Grade",Solutions,3,,No,654557746,2026-09-04,shipped,Austin Warehouse,Warehouse
000400784,2026-09-04,NMPL-500ML,"NMP, 1-Methyl-2-Pyrrolidone, Lab Grade",Other Chemicals,2,,No,654557864,2026-09-04,shipped,Austin Warehouse,Warehouse
000399164,2026-09-04,Multiple products,Precipitated Sulfur Powder 99.5% USP Grade,Granular,,,,654623402,2026-09-04,shipped,Austin Warehouse,Warehouse
000399269,2026-09-04,SOBICGU-1LB,"Sodium Bicarbonate, USP/FCC Grade, Kosher, Halal",Granular,2,,Yes,654623815,2026-09-04,shipped,Austin Warehouse,Warehouse
000399650,2026-09-04,Multiple products,Multiple products,,,,,654624861,2026-09-04,shipped,"Austin Warehouse, Roshan",Warehouse
000400250,2026-09-04,SUAA96-500ML,"Sulfuric Acid 96% ACS Reagent Grade Solution (95-98%, Concentrated H2SO4)",Acids,4,,Yes,654625647,2026-09-04,shipped,Austin Warehouse,Warehouse
000400358,2026-09-04,PHAF25-500ML,"Phosphoric Acid 25% Solution, Food Grade (FCC), Kosher, Halal",Acids,4,,Yes,654625813,2026-09-04,shipped,Austin Warehouse,Warehouse
000399887,2026-09-04,SOBICGU-1KG,"Sodium Bicarbonate, USP/FCC Grade, Kosher, Halal",Granular,2,,Yes,654626254,2026-09-04,shipped,Austin Warehouse,Warehouse
000400376,2026-09-04,DMSOA-4L,"Dimethyl Sulfoxide (DMSO) 99.5%, ACS Grade",Other Chemicals,2,,No,654628244,2026-09-04,shipped,Austin Warehouse,Warehouse
000393284-1,2026-09-04,NMPL-1L,"NMP, 1-Methyl-2-Pyrrolidone, Lab Grade",Other Chemicals,2,,No,654628398,2026-09-04,shipped,Austin Warehouse,Warehouse
000400550,2026-09-04,SINISL01N-4L,Silver Nitrate 0.1N (0.1M) Solution,Solutions,Lab Tech,,Yes,654628742,2026-09-04,shipped,"PA, Austin Warehouse, Split Order",Warehouse
000400568,2026-09-04,LAF88-4L,"Lactic Acid 88%, Food Grade (FCC), Kosher",Acids,4,,No,654629153,2026-09-04,shipped,Austin Warehouse,Warehouse
AMZN-000401303,2026-09-04,EAP190-1QTCS,"Ethanol 190 Proof (95%) Non-Denatured Alcohol, USP/FCC Food Grade, Kosher, Halal",Pure Alcohols,1,,No,654633943,2026-09-04,shipped,Austin Warehouse,Warehouse
AMZN-000401255,2026-09-04,EAP190-1QTCS,"Ethanol 190 Proof (95%) Non-Denatured Alcohol, USP/FCC Food Grade, Kosher, Halal",Pure Alcohols,1,,No,654634027,2026-09-04,shipped,Austin Warehouse,Warehouse
000398351,2026-09-04,CTALF-5GAL,"Citric Acid 50% Solution, FCC/Food Grade, Kosher, Halal",Solutions,4,,No,654636330,2026-09-04,shipped,Austin Warehouse,Warehouse
AMZN-000401141,2026-09-04,ETACA-1QT,"Ethyl Acetate 99.5% ACS Grade, 1 Quart",Other Chemicals,2,,No,654637345,2026-09-04,shipped,Austin Warehouse,Warehouse
AMZN-000401258,2026-09-04,HEL-1QT,"Heptane Lab Grade, 1 Gallon Total - 1 Quart",Other Chemicals,2,,No,654637745,2026-09-04,shipped,Austin Warehouse,Warehouse
000399263,2026-09-04,Multiple products,Multiple products,,,,,654638852,2026-09-04,shipped,"Austin Warehouse, Restricted Combination - Nitric Acid",Warehouse
000400703,2026-09-04,EAP190-1GAL,"Ethanol 190 Proof (95%) Non-Denatured Alcohol, USP/FCC Food Grade, Kosher, Halal",Pure Alcohols,1,,No,654639513,2026-09-04,shipped,Austin Warehouse,Warehouse
AMZN-000401033,2026-09-04,SOBZGF-2.5KG,"Sodium Benzoate, Food Grade, Kosher, Halal",Granular,3,,Yes,654661887,2026-09-04,shipped,Austin Warehouse,Warehouse
AMZN-000401102,2026-09-04,MANPU-2LB,"Lab Alley Mannitol, Powder, USP Grade, High Purity, Ideal Reagent ",Granular,2,,Yes,654662068,2026-09-04,shipped,Austin Warehouse,Warehouse
000401363,2026-09-08,CAFU-1LB,"Caffeine Powder, USP/FCC/Food Grade, Kosher, Halal",Granular,3,,Yes,654918668,2026-09-08,shipped,Austin Warehouse,Warehouse
AMZN-000401492,2026-09-08,EAD190-1QT,"Ethanol 190 Proof (95%) Denatured Alcohol, Kosher, Halal - 1 Quart",Alcohols,1,,No,654919513,2026-09-08,shipped,Austin Warehouse,Warehouse
AMZN-000401489,2026-09-08,GLF-1GAL,"Glycerin 99% USP/NF/FCC/Food Grade, Kosher, Halal",Other Chemicals,1,,No,654920595,2026-09-08,shipped,"Austin Warehouse, Restricted Combination - Glycerin",Warehouse
AMZN-000401855,2026-09-08,EAOS190-1L,"Organic Ethyl Alcohol, Sugar Cane, 190 Proof Kosher, Halal, FCC",Pure Alcohols,1,,No,654921095,2026-09-08,shipped,Austin Warehouse,Warehouse
AMZN-000401792,2026-09-08,EAOS190-1L,"Organic Ethyl Alcohol, Sugar Cane, 190 Proof Kosher, Halal, FCC",Pure Alcohols,1,,No,654921318,2026-09-08,shipped,Austin Warehouse,Warehouse
AMZN-000402104,2026-09-08,EAOS190-1L,"Organic Ethyl Alcohol, Sugar Cane, 190 Proof Kosher, Halal, FCC",Pure Alcohols,1,,No,654922174,2026-09-08,shipped,Austin Warehouse,Warehouse
AMZN-000401975,2026-09-08,LAF88-1GAL,"Lactic Acid 88%, Food Grade (FCC), Kosher",Acids,4,,No,654923095,2026-09-08,shipped,Austin Warehouse,Warehouse
AMZN-000401804,2026-09-08,ACW325P-5LB,"Activated Carbon (Charcoal) Powder, Food Grade, Kosher, Halal, Wood Based",Granular,2,,Yes,654923441,2026-09-08,shipped,Austin Warehouse,Warehouse
AMZN-000402095,2026-09-08,PEG400F-1GAL,"Polyethylene Glycol (PEG) 400 Food Grade (FCC), Kosher, Halal",Other Chemicals,1,,No,654923693,2026-09-08,shipped,Austin Warehouse,Warehouse
AMZN-000401546,2026-09-08,HEL-1QT,"Heptane Lab Grade, 1 Gallon Total - 1 Quart",Other Chemicals,2,,No,654924126,2026-09-08,shipped,Austin Warehouse,Warehouse
AMZN-000401531,2026-09-08,EAOS190-1L,"Organic Ethyl Alcohol, Sugar Cane, 190 Proof Kosher, Halal, FCC",Pure Alcohols,1,,No,654924354,2026-09-08,shipped,Austin Warehouse,Warehouse
AMZN-000401576,2026-09-08,HEL-1QT,"Heptane Lab Grade, 1 Gallon Total - 1 Quart",Other Chemicals,2,,No,654924901,2026-09-08,shipped,Austin Warehouse,Warehouse
WMT000401564,2026-09-08,EAD140-1QT,"Lab Alley Denatured Ethanol 140 Proof, Kosher Certified, Halal, GMO-Free, Great for Cleaning - 1 Quart",Alcohols,1,,No,654925531,2026-09-08,shipped,Austin Warehouse,Warehouse
000399011,2026-09-08,SOSTFP-1KG,"Sodium Stearate, Derived from Palm Oil, RSPO MB, Kosher, Halal",Granular,3,,Yes,654930170,2026-09-08,shipped,,
000399569,2026-09-08,ZNCHSL50-1GAL,"Zinc Chloride, 50% Solution, Lab Grade",Solutions,Lab Tech,,Yes,654935147,2026-09-08,shipped,Austin Warehouse,Warehouse
000399653,2026-09-08,CTAGF-1LB,"Citric Acid, Anhydrous, Granular, USP/FCC/Food Grade, Kosher, Halal",Granular,3,,Yes,654936012,2026-09-08,shipped,Austin Warehouse,Warehouse
000399656,2026-09-08,Multiple products,Multiple products,Granular,,,,654938536,2026-09-08,shipped,Austin Warehouse,Warehouse
000399674,2026-09-08,CAHYGL-2.5KG,"Calcium Hydroxide, Lab Grade",Granular,3,,Yes,654943318,2026-09-08,shipped,Austin Warehouse,Warehouse
000399725,2026-09-08,CASTGL-500G,"Calcium Stearate, Lab Grade",Granular,2,,Yes,654948334,2026-09-08,shipped,Austin Warehouse,Warehouse
000399743,2026-09-08,TALCGU-12.5KG,"Purified Talcum Powder, USP/FCC Grade, Kosher, Halal",Granular,3,,Yes,654949681,2026-09-08,shipped,Austin Warehouse,Warehouse
000399788,2026-09-08,LAACGL-1KG,"Lauric Acid, Granular, Lab Grade,  Kosher",Granular,3,,Yes,654952463,2026-09-08,shipped,Austin Warehouse,Warehouse
000399908,2026-09-08,Multiple products,Multiple products,Granular,,,,654953227,2026-09-08,shipped,Austin Warehouse,Warehouse
000400262,2026-09-08,SOHYSA10-1L,Sodium Hydroxide 10% Solution,Solutions,3,,Yes,654954628,2026-09-08,shipped,"Austin Warehouse, Roshan",Warehouse
000400289,2026-09-08,LAACGL-50LB,"Lauric Acid, Granular, Lab Grade,  Kosher",Granular,3,,Yes,654955081,2026-09-08,shipped,Austin Warehouse,Warehouse
000400322,2026-09-08,CTALF-1GAL,"Citric Acid 50% Solution, FCC/Food Grade, Kosher, Halal",Solutions,4,,No,654955870,2026-09-08,shipped,Austin Warehouse,Warehouse
000400646,2026-09-08,PS80F-500ML,"Polysorbate 80, Food Grade, Kosher, Halal",Other Chemicals,1,,No,654957655,2026-09-08,shipped,Austin Warehouse,Warehouse
000400649,2026-09-08,WALCMS-4L,"Water, LC/MS Grade",Other Chemicals,1,,Yes,654958850,2026-09-08,shipped,Austin Warehouse,Warehouse
000401222,2026-09-08,GLF-1L,"Glycerin 99% USP/NF/FCC/Food Grade, Kosher, Halal",Other Chemicals,1,,No,655021599,2026-09-08,shipped,"Austin Warehouse, Restricted Combination - Glycerin",Warehouse
000400397,2026-09-08,HCASA6N-4L,"Hydrochloric Acid 6N, Lab Grade",Acids,Lab Tech,,Yes,655023266,2026-09-08,shipped,"Austin Warehouse, Roshan",Warehouse
000400652,2026-09-08,HCASA01N-1L,"Hydrochloric Acid 0.1N, Lab Grade",Acids,Lab Tech,,Yes,655024529,2026-09-08,shipped,"Austin Warehouse, Roshan",Warehouse
000400793,2026-09-08,DLIML-1GAL,"D-Limonene, Natural Orange Oil",Other Chemicals,2,,Yes,655027766,2026-09-08,shipped,Austin Warehouse,Warehouse
000400796,2026-09-08,PS80F-500ML,"Polysorbate 80, Food Grade, Kosher, Halal",Other Chemicals,1,,No,655029104,2026-09-08,shipped,Austin Warehouse,Warehouse
000400766,2026-09-08,HPF6-500ML,"Hydrogen Peroxide 6% Solution, Food Grade, Kosher, Halal",Solutions,2,,No,655029396,2026-09-08,shipped,"Austin Warehouse, Restricted Combination - Hydrogen Peroxide",Warehouse
000400817,2026-09-08,SOBZGF-500G,"Sodium Benzoate, Food Grade, Kosher, Halal",Granular,3,,Yes,655029489,2026-09-08,shipped,Austin Warehouse,Warehouse
000400859,2026-09-08,MCTC-5GAL,"MCT Oil Coconut Based USP/FCC/Food Grade, Kosher, Halal",Other Chemicals,1,,No,655030914,2026-09-08,shipped,Austin Warehouse,Warehouse
000400865,2026-09-08,WAHPLC-4LCS,"Water, HPLC Grade",Other Chemicals,1,,Yes,655031245,2026-09-08,shipped,Austin Warehouse,Warehouse
AMZN-000401786,2026-09-08,ETACA-1QT,"Ethyl Acetate 99.5% ACS Grade, 1 Quart",Other Chemicals,2,,No,655031586,2026-09-08,shipped,Austin Warehouse,Warehouse
000400868,2026-09-08,EAP200-1L,"Ethanol 200 Proof (100%) Undenatured Alcohol, USP/FCC Food Grade, Kosher, Halal",Pure Alcohols,1,,No,655033028,2026-09-08,shipped,Austin Warehouse,Warehouse
AMZN-000401639,2026-09-08,MAL-1QT,Methanol 99.85% Lab Grade - 1 Quart,Alcohols,2,,No,655032164,2026-09-08,shipped,Austin Warehouse,Warehouse
AMZN-000401720,2026-09-08,EAC200-1QT,"Lab Alley Ethanol 200 Proof (100%) Denatured with Heptane, Extraction Grade Solvent, Kosher & Halal Certified - 1 Quart",Alcohols,1,,No,655032354,2026-09-08,shipped,Austin Warehouse,Warehouse
000400877,2026-09-08,Multiple products,Multiple products,Other Chemicals,,,,655034059,2026-09-08,shipped,"Austin Warehouse, Restricted Combination - Glycerin",Warehouse
000400904,2026-09-08,HPL30-500ML,"Hydrogen Peroxide 30% Solution, Lab Grade",Solutions,2,,No,655034327,2026-09-08,shipped,"Austin Warehouse, Restricted Combination - Hydrogen Peroxide",Warehouse
000400916,2026-09-08,BZKNF50-500ML,"Benzalkonium Chloride 50% Solution, NF Grade",Solutions,3,,No,655034545,2026-09-08,shipped,Austin Warehouse,Warehouse
AMZN-000401606,2026-09-08,ETACA-1QT,"Ethyl Acetate 99.5% ACS Grade, 1 Quart",Other Chemicals,2,,No,655034697,2026-09-08,shipped,Austin Warehouse,Warehouse
000400928,2026-09-08,CTALF-1GAL,"Citric Acid 50% Solution, FCC/Food Grade, Kosher, Halal",Solutions,4,,No,655035326,2026-09-08,shipped,Austin Warehouse,Warehouse
000400934,2026-09-08,SOHYSA10-1L,Sodium Hydroxide 10% Solution,Solutions,3,,Yes,655036035,2026-09-08,shipped,Austin Warehouse,Warehouse
000400997,2026-09-08,HPF34-500ML,"Hydrogen Peroxide 34% Food Grade, Kosher, Halal",Solutions,2,,No,655036313,2026-09-08,shipped,"Austin Warehouse, Restricted Combination - Hydrogen Peroxide",Warehouse
000401090,2026-09-08,EAP200-1PG,"Ethanol 200 Proof (100%) Undenatured Alcohol, USP/FCC Food Grade, Kosher, Halal",Pure Alcohols,1,,No,655038872,2026-09-08,shipped,Austin Warehouse,Warehouse
000401093,2026-09-08,MANPU-1LB,"Mannitol, Powder, USP Grade",Granular,2,,Yes,655039663,2026-09-08,shipped,Austin Warehouse,Warehouse
000401108,2026-09-08,TCAACLA85-1OZ,"Trichloroacetic Acid, 85%",Acids,3,,Yes,655039883,2026-09-08,shipped,Austin Warehouse,Warehouse
000401114,2026-09-08,MCTC-1GAL,"MCT Oil Coconut Based USP/FCC/Food Grade, Kosher, Halal",Other Chemicals,1,,No,655040151,2026-09-08,shipped,Austin Warehouse,Warehouse
000401132,2026-09-08,CAFU-1LB,"Caffeine Powder, USP/FCC/Food Grade, Kosher, Halal",Granular,3,,Yes,655040634,2026-09-08,shipped,Austin Warehouse,Warehouse
000401180,2026-09-08,CTALF-500ML,"Citric Acid 50% Solution, FCC/Food Grade, Kosher, Halal",Solutions,4,,No,655040951,2026-09-08,shipped,Austin Warehouse,Warehouse
000401228,2026-09-08,EAP190-1PP,"Ethanol 190 Proof (95%) Non-Denatured Alcohol, USP/FCC Food Grade, Kosher, Halal",Pure Alcohols,1,,No,655041719,2026-09-08,shipped,Austin Warehouse,Warehouse
000401240,2026-09-08,SOBZGF-1LB,"Sodium Benzoate, Food Grade, Kosher, Halal",Granular,3,,Yes,655045197,2026-09-08,shipped,Austin Warehouse,Warehouse
000401261,2026-09-08,EAP190-1PP,"Ethanol 190 Proof (95%) Non-Denatured Alcohol, USP/FCC Food Grade, Kosher, Halal",Pure Alcohols,1,,No,655046401,2026-09-08,shipped,Austin Warehouse,Warehouse
000401318,2026-09-08,CTALF-1GAL,"Citric Acid 50% Solution, FCC/Food Grade, Kosher, Halal",Solutions,4,,No,655048655,2026-09-08,shipped,"PA, Austin Warehouse, Split Order",Warehouse
000401321,2026-09-08,WAHPLC-4LCS,"Water, HPLC Grade",Other Chemicals,1,,Yes,655050059,2026-09-08,shipped,Austin Warehouse,Warehouse
000401345,2026-09-08,GLF-500mL,"Glycerin 99% USP/NF/FCC/Food Grade, Kosher, Halal",Other Chemicals,1,,No,655051590,2026-09-08,shipped,"Austin Warehouse, Restricted Combination - Glycerin",Warehouse
000401348,2026-09-08,GLF-500mL,"Glycerin 99% USP/NF/FCC/Food Grade, Kosher, Halal",Other Chemicals,1,,No,655052096,2026-09-08,shipped,"Austin Warehouse, Restricted Combination - Glycerin",Warehouse
000401357,2026-09-08,AAL99-1L,Acetic Acid Glacial 99% Lab Grade,Acids,4,,Yes,655052554,2026-09-08,shipped,Austin Warehouse,Warehouse
000401414,2026-09-08,TCAACLA85-1OZ,"Trichloroacetic Acid, 85%",Acids,3,,Yes,655052913,2026-09-08,shipped,Austin Warehouse,Warehouse
000401447,2026-09-08,MERL-100g,"Mercury Metal, Lab Grade, 99.99% - 100g",Other Chemicals,3,,Yes,655053309,2026-09-08,shipped,"Austin Warehouse, Partial Restriction",Warehouse
000401459,2026-09-08,ACES-500ML,Acetone 99.5% Semiconductor/ Electronic Grade,Other Chemicals,2,,No,655053738,2026-09-08,shipped,Austin Warehouse,Warehouse
000401477,2026-09-08,BZALCF-1L,Benzyl Alcohol NF/FCC Grade,Alcohols,2,,No,655054151,2026-09-08,shipped,Austin Warehouse,Warehouse
000401498,2026-09-08,SUAA96-1L,"Sulfuric Acid 96% ACS Reagent Grade Solution (95-98%, Concentrated H2SO4)",Acids,4,,Yes,655084161,2026-09-08,shipped,Austin Warehouse,Warehouse
AMZN-000401627,2026-09-08,EAP190-1QTCS,"Ethanol 190 Proof (95%) Non-Denatured Alcohol, USP/FCC Food Grade, Kosher, Halal",Pure Alcohols,1,,No,655086002,2026-09-08,shipped,Austin Warehouse,Warehouse
AMZN-000401570,2026-09-08,EAP190-1QTCS,"Ethanol 190 Proof (95%) Non-Denatured Alcohol, USP/FCC Food Grade, Kosher, Halal",Pure Alcohols,1,,No,655086292,2026-09-08,shipped,Austin Warehouse,Warehouse
AMZN-000401582,2026-09-08,EAP190-1QTCS,"Ethanol 190 Proof (95%) Non-Denatured Alcohol, USP/FCC Food Grade, Kosher, Halal",Pure Alcohols,1,,No,655086515,2026-09-08,shipped,Austin Warehouse,Warehouse
AMZN-000401549,2026-09-08,EAP190-1QTCS,"Ethanol 190 Proof (95%) Non-Denatured Alcohol, USP/FCC Food Grade, Kosher, Halal",Pure Alcohols,1,,No,655086780,2026-09-08,shipped,Austin Warehouse,Warehouse
AMZN-000401555,2026-09-08,EAP190-1QTCS,"Ethanol 190 Proof (95%) Non-Denatured Alcohol, USP/FCC Food Grade, Kosher, Halal",Pure Alcohols,1,,No,655087229,2026-09-08,shipped,Austin Warehouse,Warehouse
AMZN-000401561,2026-09-08,EAP190-1QTCS,"Ethanol 190 Proof (95%) Non-Denatured Alcohol, USP/FCC Food Grade, Kosher, Halal",Pure Alcohols,1,,No,655087437,2026-09-08,shipped,Austin Warehouse,Warehouse
AMZN-000401810,2026-09-08,EAP190-1QTCS,"Ethanol 190 Proof (95%) Non-Denatured Alcohol, USP/FCC Food Grade, Kosher, Halal",Pure Alcohols,1,,No,655087851,2026-09-08,shipped,Austin Warehouse,Warehouse
AMZN-000401813,2026-09-08,EAP190-1QTCS,"Ethanol 190 Proof (95%) Non-Denatured Alcohol, USP/FCC Food Grade, Kosher, Halal",Pure Alcohols,1,,No,655088054,2026-09-08,shipped,Austin Warehouse,Warehouse
AMZN-000401726,2026-09-08,EAP190-1QTCS,"Ethanol 190 Proof (95%) Non-Denatured Alcohol, USP/FCC Food Grade, Kosher, Halal",Pure Alcohols,1,,No,655088297,2026-09-08,shipped,Austin Warehouse,Warehouse
AMZN-000401642,2026-09-08,EAP190-1QTCS,"Ethanol 190 Proof (95%) Non-Denatured Alcohol, USP/FCC Food Grade, Kosher, Halal",Pure Alcohols,1,,No,655088460,2026-09-08,shipped,Austin Warehouse,Warehouse
AMZN-000401822,2026-09-08,EAP190-1QTCS,"Ethanol 190 Proof (95%) Non-Denatured Alcohol, USP/FCC Food Grade, Kosher, Halal",Pure Alcohols,1,,No,655088660,2026-09-08,shipped,Austin Warehouse,Warehouse
AMZN-000401663,2026-09-08,EAP190-1QTCS,"Ethanol 190 Proof (95%) Non-Denatured Alcohol, USP/FCC Food Grade, Kosher, Halal",Pure Alcohols,1,,No,655088894,2026-09-08,shipped,Austin Warehouse,Warehouse
AMZN-000401657,2026-09-08,EAP190-1QTCS,"Ethanol 190 Proof (95%) Non-Denatured Alcohol, USP/FCC Food Grade, Kosher, Halal",Pure Alcohols,1,,No,655093635,2026-09-08,shipped,Austin Warehouse,Warehouse
AMZN-000401750,2026-09-08,EAP190-1QTCS,"Ethanol 190 Proof (95%) Non-Denatured Alcohol, USP/FCC Food Grade, Kosher, Halal",Pure Alcohols,1,,No,655093828,2026-09-08,shipped,Austin Warehouse,Warehouse
AMZN-000401756,2026-09-08,EAP190-1QTCS,"Ethanol 190 Proof (95%) Non-Denatured Alcohol, USP/FCC Food Grade, Kosher, Halal",Pure Alcohols,1,,No,655098914,2026-09-08,shipped,Austin Warehouse,Warehouse
000401858,2026-09-08,EAP190-1L,"Ethanol 190 Proof (95%) Non-Denatured Alcohol, USP/FCC Food Grade, Kosher, Halal",Pure Alcohols,1,,No,655113237,2026-09-08,shipped,Austin Warehouse,Warehouse
000399215,2026-09-08,NAL45-2.5L,"Nitric Acid 45% Solution, Lab Grade",Acids,4,,Yes,655136460,2026-09-08,shipped,"Austin Warehouse, Restricted Combination - Nitric Acid",Warehouse
000400040,2026-09-08,TCAACA99-100G,"Trichloroacetic Acid 99%, Crystals, ACS Grade",Granular,3,,Yes,655136847,2026-09-08,shipped,Austin Warehouse,Warehouse
000400142,2026-09-08,MAHYGU-2.5KG,"Magnesium Hydroxide, USP/FCC Grade, Kosher, Halal",Granular,3,,Yes,655140235,2026-09-08,shipped,Austin Warehouse,Warehouse
000400334,2026-09-08,POSBGU-100G,"Potassium Sorbate, USP/FCC, Kosher, Halal",Granular,3,,Yes,655163325,2026-09-08,shipped,Austin Warehouse,Warehouse
000400367,2026-09-08,CNTGL-500G,"Calcium Nitrate Tetrahydrate, Lab",Granular,3,,Yes,655164304,2026-09-08,shipped,"PA, Austin Warehouse, Split Order",Warehouse
000400481,2026-09-08,CAOLL-500ML,"Castor Oil, Cold Pressed, Lab Grade",Other Chemicals,1,,No,655166703,2026-09-08,shipped,"Austin Warehouse, Partial Restriction",Warehouse
000400532,2026-09-08,POHYSL40-1L,"Potassium Hydroxide, 40% Solution, Lab Grade",Solutions,Lab Tech,,Yes,655167196,2026-09-08,shipped,"Austin Warehouse, Roshan",Warehouse
000400676,2026-09-08,Multiple products,Multiple products,,,,,655169797,2026-09-08,shipped,"Austin Warehouse, Restricted Combination - Glycerin",Warehouse
000400826,2026-09-08,CACPU-1LB,"Calcium Carbonate Powder, USP/FCC/Food Grade, Kosher, Halal",Granular,2,,Yes,655170537,2026-09-08,shipped,Austin Warehouse,Warehouse
000400850,2026-09-08,Multiple products,Multiple products,Other Chemicals,,,,655171333,2026-09-08,shipped,"PA, Austin Warehouse, Split Order, RSPO",Warehouse
000401021,2026-09-08,POHYSL40-1L,"Potassium Hydroxide, 40% Solution, Lab Grade",Solutions,Lab Tech,,Yes,655185220,2026-09-08,shipped,"Austin Warehouse, Roshan",Warehouse
000401042,2026-09-08,SOHYDLL50-1L,"Sodium Hydroxide 50% Solution, Lab/Technical Grade",Solutions,3,,Yes,655185538,2026-09-08,shipped,Austin Warehouse,Warehouse
000401045,2026-09-08,POHYSA20-500ML,"Potassium Hydroxide 20% Solution, Reagent Grade",Solutions,Lab Tech,,Yes,655185704,2026-09-08,shipped,Austin Warehouse,Warehouse
000401048,2026-09-08,TEAL99-1L,Triethanolamine 99% Lab Grade,Solutions,3,,No,655193521,2026-09-08,shipped,Austin Warehouse,Warehouse
000401051,2026-09-08,EAP200-5GAL,"Ethanol 200 Proof (100%) Undenatured Alcohol, USP/FCC Food Grade, Kosher, Halal",Pure Alcohols,1,,No,655193850,2026-09-08,shipped,Austin Warehouse,Warehouse
000401069,2026-09-08,EAP200-1PP,"Ethanol 200 Proof (100%) Undenatured Alcohol, USP/FCC Food Grade, Kosher, Halal",Pure Alcohols,1,,No,655194101,2026-09-08,shipped,Austin Warehouse,Warehouse
000401072,2026-09-08,PEG200L-1L,"Polyethylene Glycol (PEG), 200, Lab Grade",Other Chemicals,1,,No,655194365,2026-09-08,shipped,Austin Warehouse,Warehouse
000400961,2026-09-08,PENHP-500ML,n-Pentane ≥99% High Purity Grade,Other Chemicals,2,,No,655199358,2026-09-08,shipped,Austin Warehouse,Warehouse
000401354,2026-09-08,GLF-500mL,"Glycerin 99% USP/NF/FCC/Food Grade, Kosher, Halal",Other Chemicals,1,,No,655202997,2026-09-08,shipped,"Austin Warehouse, Restricted Combination - Glycerin",Warehouse
000401366,2026-09-08,NMPA-1GAL,"NMP, 1-Methyl-2-Pyrrolidone, ACS Grade",Other Chemicals,2,,No,655203196,2026-09-08,shipped,Austin Warehouse,Warehouse
AMZN-000401234,2026-09-08,EAOS190-1QTCS,"Organic Ethyl Alcohol, Sugar Cane, 190 Proof Kosher, Halal, FCC",Pure Alcohols,1,,No,655205440,2026-09-08,shipped,,
AMZN-000401789,2026-09-08,EAOS190-1QTCS,"Organic Ethyl Alcohol, Sugar Cane, 190 Proof Kosher, Halal, FCC",Pure Alcohols,1,,No,655205585,2026-09-08,shipped,Austin Warehouse,Warehouse
AMZN-000401648,2026-09-08,EAOS190-1QTCS,"Organic Ethyl Alcohol, Sugar Cane, 190 Proof Kosher, Halal, FCC",Pure Alcohols,1,,No,655205774,2026-09-08,shipped,Austin Warehouse,Warehouse
AMZN-000401690,2026-09-08,EAOS190-1QTCS,"Organic Ethyl Alcohol, Sugar Cane, 190 Proof Kosher, Halal, FCC",Pure Alcohols,1,,No,655205905,2026-09-08,shipped,Austin Warehouse,Warehouse
AMZN-000401696,2026-09-08,EAOS190-1QTCS,"Organic Ethyl Alcohol, Sugar Cane, 190 Proof Kosher, Halal, FCC",Pure Alcohols,1,,No,655205996,2026-09-08,shipped,Austin Warehouse,Warehouse
AMZN-000401687,2026-09-08,EAOS190-1QTCS,"Organic Ethyl Alcohol, Sugar Cane, 190 Proof Kosher, Halal, FCC",Pure Alcohols,1,,No,655206105,2026-09-08,shipped,Austin Warehouse,Warehouse
AMZN-000401729,2026-09-08,EAOS190-1QTCS,"Organic Ethyl Alcohol, Sugar Cane, 190 Proof Kosher, Halal, FCC",Pure Alcohols,1,,No,655206185,2026-09-08,shipped,Austin Warehouse,Warehouse
AMZN-000401888,2026-09-08,EAOS190-1QTCS,"Organic Ethyl Alcohol, Sugar Cane, 190 Proof Kosher, Halal, FCC",Pure Alcohols,1,,No,655206544,2026-09-08,shipped,Austin Warehouse,Warehouse
AMZN-000401732,2026-09-08,EAOS190-1QTCS,"Organic Ethyl Alcohol, Sugar Cane, 190 Proof Kosher, Halal, FCC",Pure Alcohols,1,,No,655206764,2026-09-08,shipped,Austin Warehouse,Warehouse
AMZN-000401795,2026-09-08,EAOS190-1QTCS,"Organic Ethyl Alcohol, Sugar Cane, 190 Proof Kosher, Halal, FCC",Pure Alcohols,1,,No,655206857,2026-09-08,shipped,Austin Warehouse,Warehouse
AMZN-000401744,2026-09-08,EAOS190-1QTCS,"Organic Ethyl Alcohol, Sugar Cane, 190 Proof Kosher, Halal, FCC",Pure Alcohols,1,,No,655207008,2026-09-08,shipped,Austin Warehouse,Warehouse
AMZN-000401666,2026-09-08,EAOS190-1QTCS,"Organic Ethyl Alcohol, Sugar Cane, 190 Proof Kosher, Halal, FCC",Pure Alcohols,1,,No,655207164,2026-09-08,shipped,Austin Warehouse,Warehouse
AMZN-000401702,2026-09-08,EAOS190-1QTCS,"Organic Ethyl Alcohol, Sugar Cane, 190 Proof Kosher, Halal, FCC",Pure Alcohols,1,,No,655207325,2026-09-08,shipped,Austin Warehouse,Warehouse
AMZN-000401828,2026-09-08,EAOS190-1QTCS,"Organic Ethyl Alcohol, Sugar Cane, 190 Proof Kosher, Halal, FCC",Pure Alcohols,1,,No,655207444,2026-09-08,shipped,Austin Warehouse,Warehouse
AMZN-000401834,2026-09-08,EAOS190-1QTCS,"Organic Ethyl Alcohol, Sugar Cane, 190 Proof Kosher, Halal, FCC",Pure Alcohols,1,,No,655207548,2026-09-08,shipped,Austin Warehouse,Warehouse
AMZN-000401987,2026-09-08,EAOS190-1QTCS,"Organic Ethyl Alcohol, Sugar Cane, 190 Proof Kosher, Halal, FCC",Pure Alcohols,1,,No,655207638,2026-09-08,shipped,Austin Warehouse,Warehouse
AMZN-000401927,2026-09-08,EAOS190-1QTCS,"Organic Ethyl Alcohol, Sugar Cane, 190 Proof Kosher, Halal, FCC",Pure Alcohols,1,,No,655208104,2026-09-08,shipped,Austin Warehouse,Warehouse
AMZN-000402035,2026-09-08,EAOS190-1QTCS,"Organic Ethyl Alcohol, Sugar Cane, 190 Proof Kosher, Halal, FCC",Pure Alcohols,1,,No,655208380,2026-09-08,shipped,Austin Warehouse,Warehouse
000399896,2026-09-08,CAMCU-1LB,"Camphor, Crystals, USP Grade, Kosher",Granular,3,,Yes,655212561,2026-09-08,shipped,Austin Warehouse,Warehouse
AMZN-000402710,2026-09-09,EAOS190-1QTCS,"Organic Ethyl Alcohol, Sugar Cane, 190 Proof Kosher, Halal, FCC",Pure Alcohols,1,,No,655294856,2026-09-09,shipped,Austin Warehouse,Warehouse
AMZN-000402701,2026-09-09,EAP190-1QTCS,"Ethanol 190 Proof (95%) Non-Denatured Alcohol, USP/FCC Food Grade, Kosher, Halal",Pure Alcohols,1,,No,655294951,2026-09-09,shipped,Austin Warehouse,Warehouse
AMZN-000402659,2026-09-09,EAOS190-1QTCS,"Organic Ethyl Alcohol, Sugar Cane, 190 Proof Kosher, Halal, FCC",Pure Alcohols,1,,No,655295112,2026-09-09,shipped,Austin Warehouse,Warehouse
AMZN-000402656,2026-09-09,EAP190-1QTCS,"Ethanol 190 Proof (95%) Non-Denatured Alcohol, USP/FCC Food Grade, Kosher, Halal",Pure Alcohols,1,,No,655295287,2026-09-09,shipped,Austin Warehouse,Warehouse
000400730,2026-09-09,GLFP-5GAL,"Glycerin, RSPO, USP Grade",Other Chemicals,1,,No,655295325,2026-09-09,shipped,"Austin Warehouse, RSPO",Warehouse
AMZN-000402644,2026-09-09,EAOS190-1QTCS,"Organic Ethyl Alcohol, Sugar Cane, 190 Proof Kosher, Halal, FCC",Pure Alcohols,1,,No,655295353,2026-09-09,shipped,Austin Warehouse,Warehouse
AMZN-000402635,2026-09-09,EAOS190-1QTCS,"Organic Ethyl Alcohol, Sugar Cane, 190 Proof Kosher, Halal, FCC",Pure Alcohols,1,,No,655295621,2026-09-09,shipped,Austin Warehouse,Warehouse
AMZN-000402554,2026-09-09,EAP190-1QTCS,"Ethanol 190 Proof (95%) Non-Denatured Alcohol, USP/FCC Food Grade, Kosher, Halal",Pure Alcohols,1,,No,655295706,2026-09-09,shipped,Austin Warehouse,Warehouse
AMZN-000402551,2026-09-09,EAP190-1QTCS,"Ethanol 190 Proof (95%) Non-Denatured Alcohol, USP/FCC Food Grade, Kosher, Halal",Pure Alcohols,1,,No,655295787,2026-09-09,shipped,Austin Warehouse,Warehouse
AMZN-000402197,2026-09-09,EAOS190-1QTCS,"Organic Ethyl Alcohol, Sugar Cane, 190 Proof Kosher, Halal, FCC",Pure Alcohols,1,,No,655295894,2026-09-09,shipped,Austin Warehouse,Warehouse
AMZN-000402194,2026-09-09,EAOS190-1QTCS,"Organic Ethyl Alcohol, Sugar Cane, 190 Proof Kosher, Halal, FCC",Pure Alcohols,1,,No,655295968,2026-09-09,shipped,Austin Warehouse,Warehouse
AMZN-000402173,2026-09-09,EAP190-1QTCS,"Ethanol 190 Proof (95%) Non-Denatured Alcohol, USP/FCC Food Grade, Kosher, Halal",Pure Alcohols,1,,No,655296057,2026-09-09,shipped,Austin Warehouse,Warehouse
AMZN-000402059,2026-09-09,EAP190-1QTCS,"Ethanol 190 Proof (95%) Non-Denatured Alcohol, USP/FCC Food Grade, Kosher, Halal",Pure Alcohols,1,,No,655296201,2026-09-09,shipped,Austin Warehouse,Warehouse
AMZN-000401900,2026-09-09,EAP190-1QTCS,"Ethanol 190 Proof (95%) Non-Denatured Alcohol, USP/FCC Food Grade, Kosher, Halal",Pure Alcohols,1,,No,655296285,2026-09-09,shipped,Austin Warehouse,Warehouse
AMZN-000401891,2026-09-09,EAP190-1QTCS,"Ethanol 190 Proof (95%) Non-Denatured Alcohol, USP/FCC Food Grade, Kosher, Halal",Pure Alcohols,1,,No,655296460,2026-09-09,shipped,Austin Warehouse,Warehouse
AMZN-000401831,2026-09-09,EAP190-1QTCS,"Ethanol 190 Proof (95%) Non-Denatured Alcohol, USP/FCC Food Grade, Kosher, Halal",Pure Alcohols,1,,No,655296631,2026-09-09,shipped,Austin Warehouse,Warehouse
AMZN-000401771,2026-09-09,EAP190-1QTCS,"Ethanol 190 Proof (95%) Non-Denatured Alcohol, USP/FCC Food Grade, Kosher, Halal",Pure Alcohols,1,,No,655296709,2026-09-09,shipped,Austin Warehouse,Warehouse
AMZN-000401759,2026-09-09,EAP190-1QTCS,"Ethanol 190 Proof (95%) Non-Denatured Alcohol, USP/FCC Food Grade, Kosher, Halal",Pure Alcohols,1,,No,655296884,2026-09-09,shipped,Austin Warehouse,Warehouse
AMZN-000402668,2026-09-09,HEL-1QT,"Heptane Lab Grade, 1 Gallon Total - 1 Quart",Other Chemicals,2,,No,655297370,2026-09-09,shipped,Austin Warehouse,Warehouse
AMZN-000402614,2026-09-09,PEG400F-1GAL,"Polyethylene Glycol (PEG) 400 Food Grade (FCC), Kosher, Halal",Other Chemicals,1,,No,655297617,2026-09-09,shipped,Austin Warehouse,Warehouse
AMZN-000402602,2026-09-09,EAOS190-1L,"Organic Ethyl Alcohol, Sugar Cane, 190 Proof Kosher, Halal, FCC",Pure Alcohols,1,,No,655297814,2026-09-09,shipped,Austin Warehouse,Warehouse
AMZN-000402380,2026-09-09,ETACL-1QT,"Ethyl Acetate Lab Grade, 1 Quart",Other Chemicals,2,,No,655298072,2026-09-09,shipped,Austin Warehouse,Warehouse
AMZN-000402365,2026-09-09,ACW325P-5LB,"Activated Carbon (Charcoal) Powder, Food Grade, Kosher, Halal, Wood Based",Granular,2,,Yes,655298425,2026-09-09,shipped,Austin Warehouse,Warehouse
AMZN-000402242,2026-09-09,HEL-1QT,"Heptane Lab Grade, 1 Gallon Total - 1 Quart",Other Chemicals,2,,No,655298689,2026-09-09,shipped,Austin Warehouse,Warehouse
AMZN-000402212,2026-09-09,EGL-1GAL,Ethylene Glycol 99% Lab Grade,Other Chemicals,3,,No,655298881,2026-09-09,shipped,Austin Warehouse,Warehouse
AMZN-000402140,2026-09-09,MANPU-2LB,"Lab Alley Mannitol, Powder, USP Grade, High Purity, Ideal Reagent ",Granular,2,,Yes,655299021,2026-09-09,voided,Austin Warehouse,Warehouse
AMZN-000402029,2026-09-09,CAMCU-1LB,"Camphor, Crystals, USP Grade, Kosher",Granular,3,,Yes,655299494,2026-09-09,shipped,Austin Warehouse,Warehouse
AMZN-000401882,2026-09-09,HEL-1QT,"Heptane Lab Grade, 1 Gallon Total - 1 Quart",Other Chemicals,2,,No,655299740,2026-09-09,shipped,Austin Warehouse,Warehouse
AMZN-000401774,2026-09-09,HEL-1QT,"Heptane Lab Grade, 1 Gallon Total - 1 Quart",Other Chemicals,2,,No,655299981,2026-09-09,shipped,Austin Warehouse,Warehouse
AMZN-000401714,2026-09-09,HEL-1QT,"Heptane Lab Grade, 1 Gallon Total - 1 Quart",Other Chemicals,2,,No,655300329,2026-09-09,shipped,Austin Warehouse,Warehouse
000400328,2026-09-09,,,,,,,655301303,2026-09-09,shipped,"Austin Warehouse, Split Order, US, United Scientific",Warehouse
000401000,2026-09-09,SUAS01N-500ML,"Sulfuric Acid 0.1N Solution, Reagent Grade",Solutions,Lab Tech,,Yes,655321906,2026-09-09,shipped,"Austin Warehouse, Roshan",Warehouse
000401003,2026-09-09,MBTSA1-500ML,"Methylene Blue 1% Solution, Reagent Grade",Solutions,Lab Tech,,Yes,655322230,2026-09-09,shipped,"Austin Warehouse, Roshan",Warehouse
000401243,2026-09-09,MOLLU-1GAL,"Light Mineral Oil, USP Grade, Kosher, Halal",Other Chemicals,1,,No,655322559,2026-09-09,shipped,Austin Warehouse,Warehouse
000401288,2026-09-09,EAP190-1PP,"Ethanol 190 Proof (95%) Non-Denatured Alcohol, USP/FCC Food Grade, Kosher, Halal",Pure Alcohols,1,,No,655324694,2026-09-09,shipped,Austin Warehouse,Warehouse
000401525,2026-09-09,HCLS37-1L,"Hydrochloric Acid 37% Solution, Semiconductor Grade",Acids,4,,Yes,655326542,2026-09-09,shipped,"PA, Austin Warehouse, Split Order, Restricted Combination - Hydrogen Peroxide",Warehouse
000401558,2026-09-09,VMPL-500ML,"VM&P Naphtha, Pure",Other Chemicals,2,,No,655326989,2026-09-09,shipped,Austin Warehouse,Warehouse
AMZN-000402788,2026-09-09,EAP190-1L,"Ethanol 190 Proof (95%) Non-Denatured Alcohol, USP/FCC Food Grade, Kosher, Halal",Pure Alcohols,1,,No,655328379,2026-09-09,voided,Austin Warehouse,Warehouse
000401591,2026-09-09,CAFU-1KG,"Caffeine Powder, USP/FCC/Food Grade, Kosher, Halal",Granular,3,,Yes,655328911,2026-09-09,shipped,Austin Warehouse,Warehouse
AMZN-000401612,2026-09-09,SOCHLGL-25KG,"Sodium Chloride, Lab Grade",Granular,2,,Yes,655330166,2026-09-09,shipped,Austin Warehouse,Warehouse
000401651,2026-09-09,SUAL93-1L,"Sulfuric Acid 93% (92-94%) Solution, Lab Grade",Acids,4,,Yes,655330392,2026-09-09,shipped,Austin Warehouse,Warehouse
000401693,2026-09-09,EAF200-1PP,"Food Grade Ethanol, 200 Proof, Kosher, Halal",Pure Alcohols,1,,No,655330720,2026-09-09,shipped,Austin Warehouse,Warehouse
000401699,2026-09-09,TCAACLA85-2OZ,"Trichloroacetic Acid, 85%",Acids,3,,Yes,655330874,2026-09-09,shipped,Austin Warehouse,Warehouse
000401711,2026-09-09,PS80F-500ML,"Polysorbate 80, Food Grade, Kosher, Halal",Other Chemicals,1,,No,655331218,2026-09-09,shipped,Austin Warehouse,Warehouse
000401741,2026-09-09,EAP200-1L,"Ethanol 200 Proof (100%) Undenatured Alcohol, USP/FCC Food Grade, Kosher, Halal",Pure Alcohols,1,,No,655331456,2026-09-09,shipped,Austin Warehouse,Warehouse
000401798,2026-09-09,EAOS190-1L,"Organic Ethyl Alcohol, Sugar Cane, 190 Proof Kosher, Halal, FCC",Pure Alcohols,1,,No,655331659,2026-09-09,shipped,Austin Warehouse,Warehouse
000401843,2026-09-09,Multiple products,Multiple products,Other Chemicals,,,,655331915,2026-09-09,shipped,Austin Warehouse,Warehouse
000401879,2026-09-09,MCTC-5GAL,"MCT Oil Coconut Based USP/FCC/Food Grade, Kosher, Halal",Other Chemicals,1,,No,655333076,2026-09-09,shipped,Austin Warehouse,Warehouse
000401894,2026-09-09,MSV-1GAL,Varsol Solvent,Other Chemicals,2,,No,655333233,2026-09-09,shipped,Austin Warehouse,Warehouse
000401849,2026-09-09,AMHL30-2.5L,"Ammonium Hydroxide 27-30% Solution, Lab Grade",Solutions,3,,Yes,655333733,2026-09-09,shipped,"PA, Austin Warehouse, Split Order, Restricted Combination - Hydrogen Peroxide",Warehouse
000401921,2026-09-09,PS80F-5GAL,"Polysorbate 80, Food Grade, Kosher, Halal",Other Chemicals,1,,No,655334265,2026-09-09,shipped,Austin Warehouse,Warehouse
000401924,2026-09-09,Multiple products,Multiple products,Other Chemicals,,,,655334725,2026-09-09,shipped,"Austin Warehouse, RSPO",Warehouse
000401930,2026-09-09,Multiple products,Multiple products,Other Chemicals,,,,655335138,2026-09-09,shipped,Austin Warehouse,Warehouse
000401972,2026-09-09,TCAACLA85-1OZ,"Trichloroacetic Acid, 85%",Acids,3,,Yes,655335341,2026-09-09,shipped,Austin Warehouse,Warehouse
000401978,2026-09-09,PEG400F-500ML,"Polyethylene Glycol (PEG) 400 Food Grade (FCC), Kosher, Halal",Other Chemicals,1,,No,655335521,2026-09-09,shipped,Austin Warehouse,Warehouse
000401990,2026-09-09,EAP200-500ML,"Ethanol 200 Proof (100%) Undenatured Alcohol, USP/FCC Food Grade, Kosher, Halal",Pure Alcohols,1,,No,655335690,2026-09-09,shipped,Austin Warehouse,Warehouse
000402005,2026-09-09,TCAACLA85-1OZ,"Trichloroacetic Acid, 85%",Acids,3,,Yes,655335888,2026-09-09,shipped,Austin Warehouse,Warehouse
000402023,2026-09-09,BZKNF50-1L,"Benzalkonium Chloride 50% Solution, NF Grade",Solutions,3,,No,655336311,2026-09-09,shipped,Austin Warehouse,Warehouse
000402026,2026-09-09,CAFU-1LB,"Caffeine Powder, USP/FCC/Food Grade, Kosher, Halal",Granular,3,,Yes,655336434,2026-09-09,shipped,Austin Warehouse,Warehouse
000402047,2026-09-09,TCAACLA85-1OZ,"Trichloroacetic Acid, 85%",Acids,3,,Yes,655336604,2026-09-09,shipped,Austin Warehouse,Warehouse
000402050,2026-09-09,SUAA96-500ML,"Sulfuric Acid 96% ACS Reagent Grade Solution (95-98%, Concentrated H2SO4)",Acids,4,,Yes,655336863,2026-09-09,shipped,"PA, Austin Warehouse, Split Order",Warehouse
AMZN-000402761,2026-09-09,EAP190-1QTCS,"Ethanol 190 Proof (95%) Non-Denatured Alcohol, USP/FCC Food Grade, Kosher, Halal",Pure Alcohols,1,,No,655341543,2026-09-09,shipped,Austin Warehouse,Warehouse
000401066,2026-09-09,AAL99-500ML,Acetic Acid Glacial 99% Lab Grade,Acids,4,,Yes,655355171,2026-09-09,shipped,Austin Warehouse,Warehouse
000401075,2026-09-09,Multiple products,Multiple products,,,,,655420323,2026-09-09,shipped,"Austin Warehouse, Restricted Combination - Nitric Acid",Warehouse
000401738,2026-09-09,LAF88-1GAL,"Lactic Acid 88%, Food Grade (FCC), Kosher",Acids,4,,No,655421984,2026-09-09,shipped,Austin Warehouse,Warehouse
000401342,2026-09-09,SHCN5-1GAL,Sodium Hypochlorite 5% Solution,Solutions,3,,No,655425047,2026-09-09,shipped,Austin Warehouse,Warehouse
000400205,2026-09-09,POIDGL-1KG,Potassium Iodide Powder (Granular White Crystals) Lab Grade,Granular,3,,Yes,655425688,2026-09-09,shipped,Austin Warehouse,Warehouse
000400283,2026-09-09,PONPM-2.5KG,"Potassium Nitrate Powder, USP/ACS/FCC Grade",Granular,3,,Yes,655426048,2026-09-09,shipped,"Austin Warehouse, Roshan",Warehouse
000400412,2026-09-09,Multiple products,Multiple products,Granular,,,,655426812,2026-09-09,shipped,Austin Warehouse,Warehouse
000400472,2026-09-09,POTFRIGA-2.5KG,"Potassium Ferricyanide, ACS Grade",Granular,3,,Yes,655427220,2026-09-09,shipped,"PA, Austin Warehouse, Split Order",Warehouse
000400787,2026-09-09,ACCL1240G-2.5KG,"Activated Carbon (Charcoal), Granular, Food Grade, Kosher",Granular,2,,Yes,655428507,2026-09-09,shipped,Austin Warehouse,Warehouse
000400571,2026-09-09,DCPGU-25KG,"Dicalcium Phosphate, USP/FCC Grade, Halal",Granular,2,,Yes,655450279,2026-09-09,shipped,Austin Warehouse,Warehouse
000400574,2026-09-09,DCPGU-25KG,"Dicalcium Phosphate, USP/FCC Grade, Halal",Granular,2,,Yes,655450684,2026-09-09,shipped,Austin Warehouse,Warehouse
000401432,2026-09-09,SHCN5-1GAL,Sodium Hypochlorite 5% Solution,Solutions,3,,No,655452068,2026-09-09,shipped,Austin Warehouse,Warehouse
000402056,2026-09-09,MERL-100g,"Mercury Metal, Lab Grade, 99.99% - 100g",Other Chemicals,3,,Yes,655453384,2026-09-09,shipped,"Austin Warehouse, Partial Restriction",Warehouse
000402074,2026-09-09,MERL-100g,"Mercury Metal, Lab Grade, 99.99% - 100g",Other Chemicals,3,,Yes,655453977,2026-09-09,shipped,"Austin Warehouse, Partial Restriction",Warehouse
000402071,2026-09-09,ACCL1240G-1LB,"Activated Carbon (Charcoal), Granular, Food Grade, Kosher",Granular,2,,Yes,655454694,2026-09-09,shipped,"PA, Austin Warehouse, Split Order",Warehouse
000402077,2026-09-09,CAFU-1LB,"Caffeine Powder, USP/FCC/Food Grade, Kosher, Halal",Granular,3,,Yes,655454808,2026-09-09,shipped,Austin Warehouse,Warehouse
000402101,2026-09-09,EAP200-1L,"Ethanol 200 Proof (100%) Undenatured Alcohol, USP/FCC Food Grade, Kosher, Halal",Pure Alcohols,1,,No,655454902,2026-09-09,shipped,Austin Warehouse,Warehouse
000402134,2026-09-09,LAF88-500ML,"Lactic Acid 88%, Food Grade (FCC), Kosher",Acids,4,,No,655455298,2026-09-09,shipped,Austin Warehouse,Warehouse
000402182,2026-09-09,SUAA96-500ML,"Sulfuric Acid 96% ACS Reagent Grade Solution (95-98%, Concentrated H2SO4)",Acids,4,,Yes,655455798,2026-09-09,shipped,Austin Warehouse,Warehouse
000402215,2026-09-09,VMPL-1L,"VM&P Naphtha, Pure",Other Chemicals,2,,No,655456252,2026-09-09,shipped,Austin Warehouse,Warehouse
000402107,2026-09-09,HPL32-1GAL,"Hydrogen Peroxide 32% Solution, Lab Grade",Solutions,2,,No,655457403,2026-09-09,shipped,"Austin Warehouse, Restricted Combination - Hydrogen Peroxide",Warehouse
000402176,2026-09-09,SHCN125-1GAL,Sodium Hypochlorite 12.5% Solution,Solutions,3,,No,655458998,2026-09-09,shipped,Austin Warehouse,Warehouse
000402221,2026-09-09,SUAA96-500ML,"Sulfuric Acid 96% ACS Reagent Grade Solution (95-98%, Concentrated H2SO4)",Acids,4,,Yes,655472601,2026-09-09,shipped,"Austin Warehouse, Restricted Combination - Nitric Acid",Warehouse
000402224,2026-09-09,EGL-5GAL,Ethylene Glycol 99% Lab Grade,Other Chemicals,3,,No,655472686,2026-09-09,shipped,Austin Warehouse,Warehouse
000402233,2026-09-09,NMPL-1GAL,"NMP, 1-Methyl-2-Pyrrolidone, Lab Grade",Other Chemicals,2,,No,655474137,2026-09-09,shipped,Austin Warehouse,Warehouse
000402302,2026-09-09,HPF34-1L,"Hydrogen Peroxide 34% Food Grade, Kosher, Halal",Solutions,2,,No,655475048,2026-09-09,shipped,"Austin Warehouse, Restricted Combination - Hydrogen Peroxide",Warehouse
000402311,2026-09-09,EAP190-1L,"Ethanol 190 Proof (95%) Non-Denatured Alcohol, USP/FCC Food Grade, Kosher, Halal",Pure Alcohols,1,,No,655475198,2026-09-09,shipped,Austin Warehouse,Warehouse
000402338,2026-09-09,CAFU-1LB,"Caffeine Powder, USP/FCC/Food Grade, Kosher, Halal",Granular,3,,Yes,655475396,2026-09-09,shipped,Austin Warehouse,Warehouse
000402296,2026-09-09,SHCN125-5GAL,Sodium Hypochlorite 12.5% Solution,Solutions,3,,No,655475861,2026-09-09,shipped,Austin Warehouse,Warehouse
000402308,2026-09-09,SOHYSL01N-1L,Sodium Hydroxide 0.1N,Solutions,Lab Tech,,Yes,655478447,2026-09-09,shipped,"Austin Warehouse, Roshan",Warehouse
000402332,2026-09-09,TCAACLA85-500ML,"Trichloroacetic Acid, 85%",Acids,3,,Yes,655478616,2026-09-09,shipped,Austin Warehouse,Warehouse
000402344,2026-09-09,TCAACLA85-1OZ,"Trichloroacetic Acid, 85%",Acids,3,,Yes,655478769,2026-09-09,shipped,Austin Warehouse,Warehouse
AMZN-000402878,2026-09-10,EAOS190-1QTCS,"Organic Ethyl Alcohol, Sugar Cane, 190 Proof Kosher, Halal, FCC",Pure Alcohols,1,,No,655544662,2026-09-10,shipped,Austin Warehouse,Warehouse
AMZN-000402965,2026-09-10,EAOS190-1QTCS,"Organic Ethyl Alcohol, Sugar Cane, 190 Proof Kosher, Halal, FCC",Pure Alcohols,1,,No,655544788,2026-09-10,shipped,Austin Warehouse,Warehouse
AMZN-000402944,2026-09-10,EAOS190-1QTCS,"Organic Ethyl Alcohol, Sugar Cane, 190 Proof Kosher, Halal, FCC",Pure Alcohols,1,,No,655545457,2026-09-10,shipped,Austin Warehouse,Warehouse
AMZN-000403244,2026-09-10,PS80F-1GAL,"Polysorbate 80, Food Grade, Kosher, Halal",Other Chemicals,1,,No,655550429,2026-09-10,shipped,Austin Warehouse,Warehouse
AMZN-000403232,2026-09-10,PS80F-1GAL,"Polysorbate 80, Food Grade, Kosher, Halal",Other Chemicals,1,,No,655551032,2026-09-10,shipped,Austin Warehouse,Warehouse
AMZN-000403220,2026-09-10,ACW325P-5LB,"Activated Carbon (Charcoal) Powder, Food Grade, Kosher, Halal, Wood Based",Granular,2,,Yes,655551172,2026-09-10,shipped,Austin Warehouse,Warehouse
AMZN-000402881,2026-09-10,HEL-1QT,"Heptane Lab Grade, 1 Gallon Total - 1 Quart",Other Chemicals,2,,No,655551469,2026-09-10,shipped,Austin Warehouse,Warehouse
AMZN-000402827,2026-09-10,EAD200-1PP,"Denatured Ethanol 200 Proof, Kosher, Halal",Alcohols,1,,No,655551957,2026-09-10,shipped,Austin Warehouse,Warehouse
AMZN-000402395,2026-09-10,SOCHLGL-25KG,"Sodium Chloride, Lab Grade",Granular,2,,Yes,655552233,2026-09-10,shipped,Austin Warehouse,Warehouse
AMZN-000402263,2026-09-10,HPL6-1GAL,"Hydrogen Peroxide 6% Solution, (Stabilized), Lab Grade",Solutions,2,,No,655553152,2026-09-10,shipped,"Austin Warehouse, Restricted Combination - Hydrogen Peroxide",Warehouse
000401159,2026-09-10,ZISTGL-50LB,"Zinc Stearate, Lab Grade",Granular,3,,Yes,655554362,2026-09-10,shipped,Austin Warehouse,Warehouse
000400169,2026-09-10,ZNCHLGL-2.5KG,"Zinc Chloride, Granular, Lab Grade",Granular,3,,Yes,655556402,2026-09-10,shipped,Austin Warehouse,Warehouse
000400760,2026-09-10,MBTHGA-500G,"Methylene Blue Trihydrate, Reagent Grade",Granular,3,,Yes,655589289,2026-09-10,shipped,Austin Warehouse,Warehouse
000401078,2026-09-10,MACAGU-1LB,"Magnesium Carbonate, USP/FCC Grade, Kosher, Halal",Granular,2,,Yes,655559460,2026-09-10,shipped,"PA, Austin Warehouse, Split Order",Warehouse
000400694,2026-09-10,Multiple products,Multiple products,Granular,,,,655560097,2026-09-10,shipped,Austin Warehouse,Warehouse
000400700,2026-09-10,Multiple products,Multiple products,,,,,655562972,2026-09-10,shipped,"Austin Warehouse, RSPO",Warehouse
000400991,2026-09-10,Multiple products,Multiple products,,,,,655564214,2026-09-10,shipped,Austin Warehouse,Warehouse
000401126,2026-09-10,Multiple products,Multiple products,,,,,655566428,2026-09-10,shipped,"Austin Warehouse, Restricted Combination - Nitric Acid",Warehouse
000401375,2026-09-10,Multiple products,Multiple products,,,,,655569157,2026-09-10,shipped,"Austin Warehouse, Restricted Combination - Nitric Acid",Warehouse
000401393,2026-09-10,DXAGU-50LB,"Dextrose, Anhydrous, USP Grade, Kosher, Halal",Granular,2,,Yes,655576015,2026-09-10,shipped,Austin Warehouse,Warehouse
AMZN-000402863,2026-09-10,WAHPLC-4LCS,"Water, HPLC Grade",Other Chemicals,1,,Yes,655581105,2026-09-10,shipped,Austin Warehouse,Warehouse
AMZN-000402626,2026-09-10,MANPU-20LB,"Lab Alley Mannitol, Powder, USP Grade, High Purity, Ideal Reagent",Granular,2,,Yes,655581449,2026-09-10,shipped,,
000402314,2026-09-10,HPL6-500ML,"Hydrogen Peroxide 6% Solution, (Stabilized), Lab Grade",Solutions,2,,No,655581964,2026-09-10,shipped,"Austin Warehouse, Restricted Combination - Hydrogen Peroxide",Warehouse
000400643,2026-09-10,Multiple products,Multiple products,,,,,655582971,2026-09-10,shipped,"Austin Warehouse, Split Order, US",Warehouse
000401423,2026-09-10,Multiple products,Multiple products,Granular,,,,655587382,2026-09-10,shipped,Austin Warehouse,Warehouse
000401516,2026-09-10,SOBZGF-2.5KG,"Sodium Benzoate, Food Grade, Kosher, Halal",Granular,3,,Yes,655587543,2026-09-10,shipped,Austin Warehouse,Warehouse
000401573,2026-09-10,SOBICGL-2.5KG,Sodium Bicarbonate Lab Grade,Granular,2,,Yes,655587807,2026-09-10,shipped,Austin Warehouse,Warehouse
000401609,2026-09-10,PVPK30GU-1KG,"Polyvinylpyrrolidone PVP K-30, Powder, USP Grade, Kosher, Halal",Granular,1,,Yes,655588037,2026-09-10,shipped,Austin Warehouse,Warehouse
000401963,2026-09-10,POCHLGU-2.5KG,"Potassium Chloride USP/FCC Grade, Kosher, Halal",Granular,2,,Yes,655588397,2026-09-10,shipped,Austin Warehouse,Warehouse
000400133,2026-09-10,PS60F-1L,"Polysorbate 60, Derived from Palm, Food Grade, Kosher, Halal",Other Chemicals,1,,No,655589227,2026-09-10,shipped,,
000402227,2026-09-10,EGL-1GAL,Ethylene Glycol 99% Lab Grade,Other Chemicals,3,,No,655589743,2026-09-10,shipped,Austin Warehouse,Warehouse
000402260,2026-09-10,MEGSL30-1GAL,"Ethylene Glycol 30% Solution in DI Water, Lab Grade",Solutions,3,,No,655590015,2026-09-10,shipped,Austin Warehouse,Warehouse
000402245,2026-09-10,Multiple products,Multiple products,,,,,655699523,2026-09-10,shipped,"PA, Austin Warehouse, Split Order, Restricted Combination - Glycerin",Warehouse
000402293,2026-09-10,IPAL99-500ML,Isopropyl Alcohol 99.8% Lab Grade,Alcohols,1,,No,655591898,2026-09-10,shipped,Austin Warehouse,Warehouse
000402359,2026-09-10,EELA-500ML,Ethyl Ether ≥99% ACS Grade,Other Chemicals,2,,Yes,655592181,2026-09-10,shipped,"Austin Warehouse, Restricted Chemical",Warehouse
000402386,2026-09-10,EGL-1GAL,Ethylene Glycol 99% Lab Grade,Other Chemicals,3,,No,655593108,2026-09-10,shipped,Austin Warehouse,Warehouse
000402401,2026-09-10,Multiple products,Multiple products,,,,,655593302,2026-09-10,shipped,Austin Warehouse,Warehouse
000402413,2026-09-10,EAP200-1L,"Ethanol 200 Proof (100%) Undenatured Alcohol, USP/FCC Food Grade, Kosher, Halal",Pure Alcohols,1,,No,655593406,2026-09-10,shipped,Austin Warehouse,Warehouse
000402440,2026-09-10,VMPL-1L,"VM&P Naphtha, Pure",Other Chemicals,2,,No,655593664,2026-09-10,shipped,Austin Warehouse,Warehouse
000402467,2026-09-10,TCAACLA85-1OZ,"Trichloroacetic Acid, 85%",Acids,3,,Yes,655594915,2026-09-10,shipped,Austin Warehouse,Warehouse
000402479,2026-09-10,HCLA37-1L,"Hydrochloric Acid 37% Solution, ACS Reagent Grade",Acids,4,,Yes,655599865,2026-09-10,shipped,Austin Warehouse,Warehouse
000402491,2026-09-10,IPAL70-1L,Isopropyl Alcohol 70% Lab Grade,Alcohols,1,,No,655601586,2026-09-10,shipped,Austin Warehouse,Warehouse
000402512,2026-09-10,EAP140-1L,"Ethanol 140 Proof (70%) Non-Denatured Alcohol, USP/FCC Food Grade, Kosher, Halal",Pure Alcohols,1,,No,655601848,2026-09-10,shipped,Austin Warehouse,Warehouse
000402533,2026-09-10,GLAL70-500ML,"Glycolic Acid 70% Solution, Lab Grade",Acids,4,,No,655603944,2026-09-10,shipped,Austin Warehouse,Warehouse
000402536,2026-09-10,GLF-500mL,"Glycerin 99% USP/NF/FCC/Food Grade, Kosher, Halal",Other Chemicals,1,,No,655604370,2026-09-10,shipped,"Austin Warehouse, Restricted Combination - Glycerin",Warehouse
000402341,2026-09-10,MCTC-5GAL,"MCT Oil Coconut Based USP/FCC/Food Grade, Kosher, Halal",Other Chemicals,1,,No,655624445,2026-09-10,shipped,Austin Warehouse,Warehouse
000402425,2026-09-10,PEG400F-5GAL,"Polyethylene Glycol (PEG) 400 Food Grade (FCC), Kosher, Halal",Other Chemicals,1,,No,655628737,2026-09-10,shipped,Austin Warehouse,Warehouse
000402593,2026-09-10,CAFU-1KG,"Caffeine Powder, USP/FCC/Food Grade, Kosher, Halal",Granular,3,,Yes,655634151,2026-09-10,shipped,Austin Warehouse,Warehouse
000402596,2026-09-10,MESLM-1L,"Methyl Salicylate 99% USP/NF/FCC Grade, Kosher, Halal",Other Chemicals,3,,Yes,655634292,2026-09-10,shipped,Austin Warehouse,Warehouse
000402617,2026-09-10,GLA-1L,Glycerin 99.5% ACS Reagent Grade,Other Chemicals,1,,No,655634449,2026-09-10,shipped,"Austin Warehouse, Restricted Combination - Glycerin",Warehouse
000402698,2026-09-10,EAF200-1L,"Food Grade Ethanol, 200 Proof, Kosher, Halal",Pure Alcohols,1,,No,655636109,2026-09-10,shipped,Austin Warehouse,Warehouse
000402713,2026-09-10,PEG400F-500ML,"Polyethylene Glycol (PEG) 400 Food Grade (FCC), Kosher, Halal",Other Chemicals,1,,No,655637696,2026-09-10,shipped,Austin Warehouse,Warehouse
000401450,2026-09-10,TCAACLA25-500ML,Trichloroacetic Acid 25% Solution,Acids,3,,Yes,655641507,2026-09-10,shipped,Austin Warehouse,Warehouse
000401513,2026-09-10,SUPREPL-50LB,"Precipitated Sulfur Powder, Purified, 99.5%",Granular,3,,Yes,655641663,2026-09-10,shipped,Austin Warehouse,Warehouse
000401903,2026-09-10,SOBICGU-1LB,"Sodium Bicarbonate, USP/FCC Grade, Kosher, Halal",Granular,2,,Yes,655642008,2026-09-10,shipped,Austin Warehouse,Warehouse
000401906,2026-09-10,SOBICGU-2.5KG,"Sodium Bicarbonate, USP/FCC Grade, Kosher, Halal",Granular,2,,Yes,655642283,2026-09-10,shipped,Austin Warehouse,Warehouse
000401912,2026-09-10,CAOXGU-1LB,"Calcium Oxide, USP/FCC Grade, Kosher, Halal",Granular,3,,Yes,655642467,2026-09-10,shipped,Austin Warehouse,Warehouse
000402032,2026-09-10,SOCAL-50LB,"Sodium Carbonate Anhydrous, Lab Grade",Granular,3,,Yes,655642901,2026-09-10,shipped,Austin Warehouse,Warehouse
000402353,2026-09-10,TEAL85-500ML,Triethanolamine 85% Lab Grade,Solutions,3,,No,655644027,2026-09-10,shipped,Austin Warehouse,Warehouse
000402437,2026-09-10,PPALF-500ML,"Propionic Acid, Liquid, FCC/Food Grade, Kosher, Halal",Acids,4,,No,655645378,2026-09-10,shipped,"PA, Austin Warehouse, Split Order",Warehouse
000402428,2026-09-10,SOCHLGU-12.5KG,"Sodium Chloride, Crystal, USP Grade, Kosher, Halal",Granular,2,,Yes,655645808,2026-09-10,shipped,Austin Warehouse,Warehouse
000401204,2026-09-10,Multiple products,Multiple products,Granular,,,,655661859,2026-09-10,shipped,Austin Warehouse,Warehouse
000392012-1,2026-09-10,POBROA-500G,"Potassium Bromide, ACS/USP Grade",Granular,3,,Yes,655662881,2026-09-10,shipped,Austin Warehouse,Warehouse
000401543,2026-09-10,SIGPHP-2.5KG,"Silica Gel Powder, High Purity",Granular,3,,Yes,655663176,2026-09-10,shipped,Austin Warehouse,Warehouse
000402455,2026-09-10,NMPL-5GAL,"NMP, 1-Methyl-2-Pyrrolidone, Lab Grade",Other Chemicals,2,,No,655663464,2026-09-10,shipped,Austin Warehouse,Warehouse
000402518,2026-09-10,WAU-5GAL,"Water, USP Grade",Other Chemicals,Lab Tech,,Yes,655663566,2026-09-10,shipped,Austin Warehouse,Warehouse
000402356,2026-09-10,SIGPHP-50LB,"Silica Gel Powder, High Purity",Granular,3,,Yes,655682398,2026-09-10,shipped,Austin Warehouse,Warehouse
000402515,2026-09-10,POBROA-500G,"Potassium Bromide, ACS/USP Grade",Granular,3,,Yes,655682879,2026-09-10,shipped,Austin Warehouse,Warehouse
000401954,2026-09-10,Multiple products,Multiple products,,,,,655683161,2026-09-10,shipped,Austin Warehouse,Warehouse
000402749,2026-09-10,GLF-1GAL,"Glycerin 99% USP/NF/FCC/Food Grade, Kosher, Halal",Other Chemicals,1,,No,655683337,2026-09-10,shipped,"Austin Warehouse, Restricted Combination - Glycerin",Warehouse
000402809,2026-09-10,MCTC-5GAL,"MCT Oil Coconut Based USP/FCC/Food Grade, Kosher, Halal",Other Chemicals,1,,No,655684568,2026-09-10,shipped,Austin Warehouse,Warehouse
000402203,2026-09-10,WAHPLC-4L,"Water, HPLC Grade",Other Chemicals,1,,Yes,655685053,2026-09-10,shipped,Austin Warehouse,Warehouse
000402830,2026-09-10,TCAACLA85-4OZ,"Trichloroacetic Acid, 85%",Acids,3,,Yes,655686236,2026-09-10,shipped,Austin Warehouse,Warehouse
000402665,2026-09-10,SINISL00172N-4L,Silver Nitrate 0.0172N (0.0172M) Solution,Solutions,Lab Tech,,Yes,655692023,2026-09-10,shipped,"Austin Warehouse, Roshan",Warehouse
000402836,2026-09-10,PS80F-5GAL,"Polysorbate 80, Food Grade, Kosher, Halal",Other Chemicals,1,,No,655692133,2026-09-10,shipped,Austin Warehouse,Warehouse
000402869,2026-09-10,PEG200L-1GAL,"Polyethylene Glycol (PEG), 200, Lab Grade",Other Chemicals,1,,No,655692199,2026-09-10,shipped,Austin Warehouse,Warehouse
000402890,2026-09-10,TCAACLA85-2OZ,"Trichloroacetic Acid, 85%",Acids,3,,Yes,655692326,2026-09-10,shipped,Austin Warehouse,Warehouse
000402908,2026-09-10,MERL-100g,"Mercury Metal, Lab Grade, 99.99% - 100g",Other Chemicals,3,,Yes,655694528,2026-09-10,shipped,"Austin Warehouse, Partial Restriction",Warehouse
000403058,2026-09-10,EGL-5GAL,Ethylene Glycol 99% Lab Grade,Other Chemicals,3,,No,655699215,2026-09-10,shipped,Austin Warehouse,Warehouse
000402470,2026-09-11,WAHPLC-4L,"Water, HPLC Grade",Other Chemicals,1,,Yes,655738635,2026-09-11,shipped,Austin Warehouse,Warehouse
000402488,2026-09-11,WAHPLC-4L,"Water, HPLC Grade",Other Chemicals,1,,Yes,655738725,2026-09-11,shipped,Austin Warehouse,Warehouse
000402530,2026-09-11,HPF6-500ML,"Hydrogen Peroxide 6% Solution, Food Grade, Kosher, Halal",Solutions,2,,No,655739256,2026-09-11,shipped,"Austin Warehouse, Restricted Combination - Hydrogen Peroxide",Warehouse
000401897,2026-09-11,Multiple products,Multiple products,,,,,655739873,2026-09-11,shipped,Austin Warehouse,Warehouse
000401660,2026-09-11,CAMCU-2.5KG,"Camphor, Crystals, USP Grade, Kosher",Granular,3,,Yes,655740156,2026-09-11,shipped,Austin Warehouse,Warehouse
000402464,2026-09-11,Multiple products,Multiple products,,,,,655740735,2026-09-11,shipped,"Austin Warehouse, Roshan",Warehouse
AMZN-000403715,2026-09-11,EAOS190-1L,"Organic Ethyl Alcohol, Sugar Cane, 190 Proof Kosher, Halal, FCC",Pure Alcohols,1,,No,655740804,2026-09-11,shipped,Austin Warehouse,Warehouse
000403763,2026-09-11,EAP200-1PP,"Ethanol 200 Proof (100%) Undenatured Alcohol, USP/FCC Food Grade, Kosher, Halal",Pure Alcohols,1,,No,655740848,2026-09-11,shipped,Austin Warehouse,Warehouse
000403556,2026-09-11,HCLA37-1L,"Hydrochloric Acid 37% Solution, ACS Reagent Grade",Acids,4,,Yes,655740917,2026-09-11,shipped,Austin Warehouse,Warehouse
AMZN-000403046,2026-09-11,CAMCU-1LB,"Camphor, Crystals, USP Grade, Kosher",Granular,3,,Yes,655741705,2026-09-11,shipped,Austin Warehouse,Warehouse
AMZN-000403238,2026-09-11,HEL-1QT,"Heptane Lab Grade, 1 Gallon Total - 1 Quart",Other Chemicals,2,,No,655741797,2026-09-11,shipped,Austin Warehouse,Warehouse
AMZN-000403721,2026-09-11,EGL-1GAL,Ethylene Glycol 99% Lab Grade,Other Chemicals,3,,No,655742205,2026-09-11,shipped,Austin Warehouse,Warehouse
000402137,2026-09-11,TARAGF-1LB,"Tartaric Acid Crystals, NF/FCC Grade, Kosher, Halal",Granular,3,,Yes,655769379,2026-09-11,shipped,,
AMZN-000403691,2026-09-11,EAP190-1QTCS,"Ethanol 190 Proof (95%) Non-Denatured Alcohol, USP/FCC Food Grade, Kosher, Halal",Pure Alcohols,1,,No,655772044,2026-09-11,shipped,Austin Warehouse,Warehouse
AMZN-000403358,2026-09-11,EAP190-1QTCS,"Ethanol 190 Proof (95%) Non-Denatured Alcohol, USP/FCC Food Grade, Kosher, Halal",Pure Alcohols,1,,No,655772346,2026-09-11,shipped,Austin Warehouse,Warehouse
AMZN-000403571,2026-09-11,EAP190-1QTCS,"Ethanol 190 Proof (95%) Non-Denatured Alcohol, USP/FCC Food Grade, Kosher, Halal",Pure Alcohols,1,,No,655772712,2026-09-11,shipped,Austin Warehouse,Warehouse
AMZN-000403787,2026-09-11,EAP190-1QTCS,"Ethanol 190 Proof (95%) Non-Denatured Alcohol, USP/FCC Food Grade, Kosher, Halal",Pure Alcohols,1,,No,655773017,2026-09-11,shipped,Austin Warehouse,Warehouse
AMZN-000403019,2026-09-11,EAP190-1QTCS,"Ethanol 190 Proof (95%) Non-Denatured Alcohol, USP/FCC Food Grade, Kosher, Halal",Pure Alcohols,1,,No,655773311,2026-09-11,shipped,Austin Warehouse,Warehouse
AMZN-000403490,2026-09-11,EAP190-1QTCS,"Ethanol 190 Proof (95%) Non-Denatured Alcohol, USP/FCC Food Grade, Kosher, Halal",Pure Alcohols,1,,No,655773420,2026-09-11,shipped,Austin Warehouse,Warehouse
AMZN-000403580,2026-09-11,EAP190-1QTCS,"Ethanol 190 Proof (95%) Non-Denatured Alcohol, USP/FCC Food Grade, Kosher, Halal",Pure Alcohols,1,,No,655773554,2026-09-11,shipped,Austin Warehouse,Warehouse
AMZN-000403655,2026-09-11,EAP190-1QTCS,"Ethanol 190 Proof (95%) Non-Denatured Alcohol, USP/FCC Food Grade, Kosher, Halal",Pure Alcohols,1,,No,655774342,2026-09-11,shipped,Austin Warehouse,Warehouse
AMZN-000403739,2026-09-11,EAP190-1QTCS,"Ethanol 190 Proof (95%) Non-Denatured Alcohol, USP/FCC Food Grade, Kosher, Halal",Pure Alcohols,1,,No,655774524,2026-09-11,shipped,Austin Warehouse,Warehouse
AMZN-000403796,2026-09-11,EAD190-1QT,"Ethanol 190 Proof (95%) Denatured Alcohol, Kosher, Halal - 1 Quart",Alcohols,1,,No,655776543,2026-09-11,shipped,Austin Warehouse,Warehouse
000402560,2026-09-11,Multiple products,Multiple products,,,,,655777335,2026-09-11,shipped,Austin Warehouse,Warehouse
000402557,2026-09-11,PEG3350GU-1LB,"Polyethylene Glycol (PEG) 3350, Granular, USP Grade, Kosher",Granular,2,,Yes,655777538,2026-09-11,shipped,Austin Warehouse,Warehouse
000402623,2026-09-11,PVPK90GU-1KG,"Polyvinylpyrrolidone PVP K-30, Powder, USP Grade, Kosher, Halal",Granular,1,,Yes,655777923,2026-09-11,shipped,,
000402815,2026-09-11,EAP190-1PP,"Ethanol 190 Proof (95%) Non-Denatured Alcohol, USP/FCC Food Grade, Kosher, Halal",Pure Alcohols,1,,No,655779454,2026-09-11,shipped,Austin Warehouse,Warehouse
000402848,2026-09-11,Multiple products,Multiple products,Granular,,,,655780735,2026-09-11,shipped,Austin Warehouse,Warehouse
000402893,2026-09-11,Multiple products,Multiple products,Other Chemicals,,,,655781765,2026-09-11,shipped,Austin Warehouse,Warehouse
000402926,2026-09-11,WAHPLC-4L,"Water, HPLC Grade",Other Chemicals,1,,Yes,655782074,2026-09-11,shipped,Austin Warehouse,Warehouse
000402932,2026-09-11,MSV-1GAL,Varsol Solvent,Other Chemicals,2,,No,655782226,2026-09-11,shipped,Austin Warehouse,Warehouse
000402938,2026-09-11,SHCN5-500ML,Sodium Hypochlorite 5% Solution,Solutions,3,,No,655782354,2026-09-11,shipped,Austin Warehouse,Warehouse
000402962,2026-09-11,DMSOA-4L,"Dimethyl Sulfoxide (DMSO) 99.5%, ACS Grade",Other Chemicals,2,,No,655782456,2026-09-11,shipped,Austin Warehouse,Warehouse
000403007,2026-09-11,POCHLGU-100G,"Potassium Chloride USP/FCC Grade, Kosher, Halal",Granular,2,,Yes,655783166,2026-09-11,shipped,Austin Warehouse,Warehouse
000403070,2026-09-11,EAS40B200-1L,"SDA 40B Ethanol 200 Proof (100%), Kosher, Halal",Alcohols,1,,No,655783866,2026-09-11,shipped,"Austin Warehouse, Partial Restriction",Warehouse
000403088,2026-09-11,CTALF-5GAL,"Citric Acid 50% Solution, FCC/Food Grade, Kosher, Halal",Solutions,4,,No,655784330,2026-09-11,shipped,Austin Warehouse,Warehouse
000403109,2026-09-11,FAL90-500ML,"Formic Acid 90% Solution, Lab Grade",Acids,4,,Yes,655784507,2026-09-11,shipped,Austin Warehouse,Warehouse
000403133,2026-09-11,EAOC190-1L,"Organic Ethyl Alcohol, Corn, 190 Proof, Kosher, Halal, FCC",Pure Alcohols,1,,No,655785399,2026-09-11,shipped,Austin Warehouse,Warehouse
000403136,2026-09-11,MCTC-1GAL,"MCT Oil Coconut Based USP/FCC/Food Grade, Kosher, Halal",Other Chemicals,1,,No,655785484,2026-09-11,shipped,Austin Warehouse,Warehouse
000403142,2026-09-11,FALCMS-100ML,"Formic Acid, LC/MS",Acids,Lab Tech,,Yes,655785871,2026-09-11,shipped,"Austin Warehouse, Roshan",Warehouse
000403154,2026-09-11,PEG3350GU-2.5KG,"Polyethylene Glycol (PEG) 3350, Granular, USP Grade, Kosher",Granular,2,,Yes,655786545,2026-09-11,shipped,Austin Warehouse,Warehouse
000403157,2026-09-11,GLAL70-1L,"Glycolic Acid 70% Solution, Lab Grade",Acids,4,,No,655786676,2026-09-11,shipped,Austin Warehouse,Warehouse
000403181,2026-09-11,IPMFP-1GAL,"Isopropyl Myristate (IPM), Derived from Palm, RSPO MB, Kosher, Halal",Other Chemicals,1,,No,655787064,2026-09-11,shipped,"Austin Warehouse, RSPO",Warehouse
000403229,2026-09-11,EAP200-1L,"Ethanol 200 Proof (100%) Undenatured Alcohol, USP/FCC Food Grade, Kosher, Halal",Pure Alcohols,1,,No,655787449,2026-09-11,shipped,Austin Warehouse,Warehouse
000403253,2026-09-11,TCAACLA85-1OZ,"Trichloroacetic Acid, 85%",Acids,3,,Yes,655826568,2026-09-11,shipped,Austin Warehouse,Warehouse
000403259,2026-09-11,EAP200-1PP,"Ethanol 200 Proof (100%) Undenatured Alcohol, USP/FCC Food Grade, Kosher, Halal",Pure Alcohols,1,,No,655826741,2026-09-11,shipped,Austin Warehouse,Warehouse
000403262,2026-09-11,CAFU-1LB,"Caffeine Powder, USP/FCC/Food Grade, Kosher, Halal",Granular,3,,Yes,655826830,2026-09-11,shipped,Austin Warehouse,Warehouse
000403268,2026-09-11,MCTOC-1GAL,"Organic MCT Oil, Kosher, Halal, USP/FCC",Other Chemicals,1,,No,655826985,2026-09-11,shipped,Austin Warehouse,Warehouse
000403298,2026-09-11,CTAGF-25KG,"Citric Acid, Anhydrous, Granular, USP/FCC/Food Grade, Kosher, Halal",Granular,3,,Yes,655827213,2026-09-11,shipped,Austin Warehouse,Warehouse
000403325,2026-09-11,PGF-5GAL,"Propylene Glycol 99.5% USP/NF/FCC/Food Grade, Kosher, Halal",Other Chemicals,1,,No,655827734,2026-09-11,shipped,Austin Warehouse,Warehouse
000403370,2026-09-11,PEG3350GU-500G,"Polyethylene Glycol (PEG) 3350, Granular, USP Grade, Kosher",Granular,2,,Yes,655828488,2026-09-11,shipped,Austin Warehouse,Warehouse
000403379,2026-09-11,TOLL-1L,Toluene Lab Grade,Other Chemicals,2,,Yes,655828765,2026-09-11,shipped,"Austin Warehouse, Restricted Chemical",Warehouse
000403454,2026-09-11,TCAACLA125-1OZ,"Trichloroacetic Acid, 12.5%",Acids,3,,Yes,655828941,2026-09-11,shipped,Austin Warehouse,Warehouse
000403457,2026-09-11,SOBZGF-1LB,"Sodium Benzoate, Food Grade, Kosher, Halal",Granular,3,,Yes,655829326,2026-09-11,shipped,Austin Warehouse,Warehouse
000403487,2026-09-11,MCTOC-1L,"Organic MCT Oil, Kosher, Halal, USP/FCC",Other Chemicals,1,,No,655829491,2026-09-11,shipped,Austin Warehouse,Warehouse
000403496,2026-09-11,Multiple products,Multiple products,,,,,655829824,2026-09-11,shipped,"PA, Austin Warehouse, Split Order",Warehouse
000403514,2026-09-11,Multiple products,Multiple products,,,,,655830695,2026-09-11,shipped,"Austin Warehouse, Restricted Combination - Glycerin",Warehouse
000403559,2026-09-11,SUAA96-1L,"Sulfuric Acid 96% ACS Reagent Grade Solution (95-98%, Concentrated H2SO4)",Acids,4,,Yes,655831183,2026-09-11,shipped,Austin Warehouse,Warehouse
000403934,2026-09-11,EAP200-1L,"Ethanol 200 Proof (100%) Undenatured Alcohol, USP/FCC Food Grade, Kosher, Halal",Pure Alcohols,1,,No,655841443,2026-09-11,shipped,Austin Warehouse,Warehouse
AMZN-000404018,2026-09-11,EAP190-1L,"Ethanol 190 Proof (95%) Non-Denatured Alcohol, USP/FCC Food Grade, Kosher, Halal",Pure Alcohols,1,,No,655871378,2026-09-11,shipped,Austin Warehouse,Warehouse
000402236,2026-09-11,CAFU-12.5KG,"Caffeine Powder, USP/FCC/Food Grade, Kosher, Halal",Granular,3,,Yes,655871781,2026-09-11,shipped,Austin Warehouse,Warehouse
000402248,2026-09-11,CAHYGU-50LB,"Calcium Hydroxide, USP/FCC Grade, Kosher, Halal",Granular,3,,Yes,655872898,2026-09-11,shipped,Austin Warehouse,Warehouse
000402335,2026-09-11,Multiple products,Multiple products,Granular,,,,655873168,2026-09-11,shipped,Austin Warehouse,Warehouse
000402368,2026-09-11,AASL10-4L,"Acetic Acid 10% Solution, Lab Grade",Solutions,4,,Yes,655873407,2026-09-11,shipped,Austin Warehouse,Warehouse
000402524,2026-09-11,CCPGL-1LB,"Calcium Carbonate Precipitated, Lab Grade",Granular,2,,Yes,655873544,2026-09-11,shipped,,
000402740,2026-09-11,HCLS37-500ML,"Hydrochloric Acid 37% Solution, Semiconductor Grade",Acids,4,,Yes,655873938,2026-09-11,shipped,"Austin Warehouse, Restricted Combination - Nitric Acid",Warehouse
000402767,2026-09-11,CAOLU-1GAL,"Castor Oil, Cold Pressed, USP Grade, Kosher",Other Chemicals,1,,No,655874727,2026-09-11,shipped,Austin Warehouse,Warehouse
000402857,2026-09-11,CAFU-2.5kg,"Caffeine Powder, USP/FCC/Food Grade, Kosher, Halal",Granular,3,,Yes,655874906,2026-09-11,shipped,Austin Warehouse,Warehouse
000402872,2026-09-11,IPAL99-500ML,Isopropyl Alcohol 99.8% Lab Grade,Alcohols,1,,No,655875060,2026-09-11,shipped,Austin Warehouse,Warehouse
000402899,2026-09-11,MOHLL-500ML,"Mineral Oil Heavy, Lab Grade",Other Chemicals,1,,No,655875380,2026-09-11,shipped,,
000402986,2026-09-11,SOHYDBL-1KG,Sodium Hydroxide Beads Lab Grade,Granular,3,,Yes,655875610,2026-09-11,shipped,"PA, Austin Warehouse, Split Order",Warehouse
000403061,2026-09-11,GLF-1GAL,"Glycerin 99% USP/NF/FCC/Food Grade, Kosher, Halal",Other Chemicals,1,,No,655875723,2026-09-11,shipped,"Austin Warehouse, Restricted Combination - Glycerin",Warehouse
000403073,2026-09-11,CNTGL-25KG,"Calcium Nitrate Tetrahydrate, Lab",Granular,3,,Yes,655876098,2026-09-11,shipped,Austin Warehouse,Warehouse
000403163,2026-09-11,IPAL70-SB-500ML,Isopropyl Alcohol 70% Lab Grade,Alcohols,1,,No,655890700,2026-09-11,shipped,Austin Warehouse,Warehouse
000403178,2026-09-11,WAD-5GAL,"Deionized Water Lab Grade, Kosher",Other Chemicals,1,,No,655877935,2026-09-11,shipped,Austin Warehouse,Warehouse
000403199,2026-09-11,LAF88-1GAL,"Lactic Acid 88%, Food Grade (FCC), Kosher",Acids,4,,No,655879147,2026-09-11,shipped,Austin Warehouse,Warehouse
000403307,2026-09-11,SINISL01N-4L,Silver Nitrate 0.1N (0.1M) Solution,Solutions,Lab Tech,,Yes,655879470,2026-09-11,shipped,"Austin Warehouse, Roshan",Warehouse
000403430,2026-09-11,HCASA6N-4L,"Hydrochloric Acid 6N, Lab Grade",Acids,Lab Tech,,Yes,655879763,2026-09-11,shipped,"Austin Warehouse, Roshan",Warehouse
000403574,2026-09-11,HCASA6N-4L,"Hydrochloric Acid 6N, Lab Grade",Acids,Lab Tech,,Yes,655880259,2026-09-11,shipped,"Austin Warehouse, Roshan",Warehouse
000403601,2026-09-11,CAFU-1LB,"Caffeine Powder, USP/FCC/Food Grade, Kosher, Halal",Granular,3,,Yes,655880373,2026-09-11,shipped,Austin Warehouse,Warehouse
000402485,2026-09-11,EAOS190-1QTCS,"Organic Ethyl Alcohol, Sugar Cane, 190 Proof Kosher, Halal, FCC",Pure Alcohols,1,,No,655899545,2026-09-11,shipped,Austin Warehouse,Warehouse
000403082,2026-09-11,EAOS190-1QTCS,"Organic Ethyl Alcohol, Sugar Cane, 190 Proof Kosher, Halal, FCC",Pure Alcohols,1,,No,655899741,2026-09-11,shipped,Austin Warehouse,Warehouse
AMZN-000403724,2026-09-11,EAOS190-1QTCS,"Organic Ethyl Alcohol, Sugar Cane, 190 Proof Kosher, Halal, FCC",Pure Alcohols,1,,No,655900399,2026-09-11,shipped,Austin Warehouse,Warehouse
AMZN-000403223,2026-09-11,EAOS190-1QTCS,"Organic Ethyl Alcohol, Sugar Cane, 190 Proof Kosher, Halal, FCC",Pure Alcohols,1,,No,655900452,2026-09-11,shipped,Austin Warehouse,Warehouse
AMZN-000403316,2026-09-11,EAOS190-1QTCS,"Organic Ethyl Alcohol, Sugar Cane, 190 Proof Kosher, Halal, FCC",Pure Alcohols,1,,No,655900531,2026-09-11,shipped,Austin Warehouse,Warehouse
AMZN-000403160,2026-09-11,EAOS190-1QTCS,"Organic Ethyl Alcohol, Sugar Cane, 190 Proof Kosher, Halal, FCC",Pure Alcohols,1,,No,655900603,2026-09-11,shipped,Austin Warehouse,Warehouse
AMZN-000403736,2026-09-11,EAOS190-1QTCS,"Organic Ethyl Alcohol, Sugar Cane, 190 Proof Kosher, Halal, FCC",Pure Alcohols,1,,No,655900712,2026-09-11,shipped,Austin Warehouse,Warehouse
AMZN-000403928,2026-09-11,EAP190-1QTCS,"Ethanol 190 Proof (95%) Non-Denatured Alcohol, USP/FCC Food Grade, Kosher, Halal",Pure Alcohols,1,,No,655900906,2026-09-11,shipped,Austin Warehouse,Warehouse
AMZN-000404102,2026-09-11,EAP190-1QTCS,"Ethanol 190 Proof (95%) Non-Denatured Alcohol, USP/FCC Food Grade, Kosher, Halal",Pure Alcohols,1,,No,655900938,2026-09-11,shipped,Austin Warehouse,Warehouse
000404123,2026-09-11,EAOS190-1QTCS,"Organic Ethyl Alcohol, Sugar Cane, 190 Proof Kosher, Halal, FCC",Pure Alcohols,1,,No,655903482,2026-09-11,shipped,Austin Warehouse,Warehouse
000403226,2026-09-11,HCASCR05N-500ML,"Hydrochloric Acid Solution, 0.5N (N/2), Certified Grade",Solutions,Lab Tech,,Yes,655904722,2026-09-11,shipped,"Austin Warehouse, Roshan",Warehouse
000402725,2026-09-14,MACIGU-50LB,"Magnesium Citrate, USP/FCC Grade",Granular,3,,Yes,656068592,2026-09-14,shipped,Austin Warehouse,Warehouse
000402731,2026-09-14,MANPU-1KG,"Mannitol, Powder, USP Grade",Granular,2,,Yes,656069165,2026-09-14,shipped,Austin Warehouse,Warehouse
000402758,2026-09-14,SOBICGL-2.5KG,Sodium Bicarbonate Lab Grade,Granular,2,,Yes,656069632,2026-09-14,shipped,Austin Warehouse,Warehouse
000402812,2026-09-14,SPDGA-12.5KG,"Sodium Phosphate Dibasic, Crystalline Powder, ACS Grade",Granular,2,,Yes,656073398,2026-09-14,shipped,Austin Warehouse,Warehouse
000402902,2026-09-14,ACCL1240G-12KG,"Activated Carbon (Charcoal), Granular, Food Grade, Kosher",Granular,2,,Yes,656076138,2026-09-14,shipped,Austin Warehouse,Warehouse
000403031,2026-09-14,PEG4000GL-1LB,"Polyethylene Glycol (PEG) 4000, Granular, Lab Grade, Kosher",Granular,2,,Yes,656078045,2026-09-14,shipped,Austin Warehouse,Warehouse
000403091,2026-09-14,TALCGU-500G,"Purified Talcum Powder, USP/FCC Grade, Kosher, Halal",Granular,3,,Yes,656082813,2026-09-14,shipped,Austin Warehouse,Warehouse
000403130,2026-09-14,PEG4000GL-25KG,"Polyethylene Glycol (PEG) 4000, Granular, Lab Grade, Kosher",Granular,2,,Yes,656091095,2026-09-14,shipped,Austin Warehouse,Warehouse
000403193,2026-09-14,Multiple products,Multiple products,,,,,656098877,2026-09-14,shipped,Austin Warehouse,Warehouse
000403523,2026-09-14,DMFL-1L,Dimethylformamide 99.8% Lab Grade,Other Chemicals,2,,No,656102925,2026-09-14,shipped,Austin Warehouse,Warehouse
000403604,2026-09-14,TALCGU-2.5KG,"Purified Talcum Powder, USP/FCC Grade, Kosher, Halal",Granular,3,,Yes,656104212,2026-09-14,shipped,Austin Warehouse,Warehouse
000403616,2026-09-14,GLF-1GAL,"Glycerin 99% USP/NF/FCC/Food Grade, Kosher, Halal",Other Chemicals,1,,No,656104555,2026-09-14,shipped,"Austin Warehouse, Restricted Combination - Glycerin",Warehouse
000403622,2026-09-14,FALCMS-50ML,"Formic Acid, LC/MS",Acids,Lab Tech,,Yes,656105669,2026-09-14,shipped,"PA, Austin Warehouse, Split Order",Warehouse
000403631,2026-09-14,HQNF-1LB,Hydroquinone Crystals 99% NF Grade,Granular,3,,Yes,656105960,2026-09-14,shipped,Austin Warehouse,Warehouse
000403652,2026-09-14,EAPMB200-1L,"Ethanol 200 Proof (100%),  Suitable for Molecular Biology",Pure Alcohols,1,,No,656106350,2026-09-14,shipped,Austin Warehouse,Warehouse
000403712,2026-09-14,FALCMS-25ML,"Formic Acid, LC/MS",Acids,Lab Tech,,Yes,656116411,2026-09-14,shipped,"Austin Warehouse, Roshan",Warehouse
000403760,2026-09-14,CAFU-1LB,"Caffeine Powder, USP/FCC/Food Grade, Kosher, Halal",Granular,3,,Yes,656116820,2026-09-14,shipped,Austin Warehouse,Warehouse
AMZN-000403772,2026-09-14,ACW325P-10LB,"Activated Carbon (Charcoal) Powder, Food Grade, Kosher, Halal, Wood Based",Granular,2,,Yes,656118174,2026-09-14,shipped,Austin Warehouse,Warehouse
000403784,2026-09-14,PEG400F-1GAL,"Polyethylene Glycol (PEG) 400 Food Grade (FCC), Kosher, Halal",Other Chemicals,1,,No,656118437,2026-09-14,shipped,Austin Warehouse,Warehouse
000403790,2026-09-14,HPF34-500ML,"Hydrogen Peroxide 34% Food Grade, Kosher, Halal",Solutions,2,,No,656118705,2026-09-14,shipped,"Austin Warehouse, Restricted Combination - Hydrogen Peroxide",Warehouse
000403793,2026-09-14,EAS40B200-1L,"SDA 40B Ethanol 200 Proof (100%), Kosher, Halal",Alcohols,1,,No,656119009,2026-09-14,shipped,"Austin Warehouse, Partial Restriction",Warehouse
000403820,2026-09-14,PS80F-1GAL,"Polysorbate 80, Food Grade, Kosher, Halal",Other Chemicals,1,,No,656119233,2026-09-14,shipped,Austin Warehouse,Warehouse
000403823,2026-09-14,TCAACLA85-1OZ,"Trichloroacetic Acid, 85%",Acids,3,,Yes,656119390,2026-09-14,shipped,Austin Warehouse,Warehouse
000403832,2026-09-14,WAHPLC-4LCS,"Water, HPLC Grade",Other Chemicals,1,,Yes,656119575,2026-09-14,shipped,Austin Warehouse,Warehouse
000403850,2026-09-14,HEL-1L,Heptane Lab Grade,Other Chemicals,2,,No,656119900,2026-09-14,shipped,Austin Warehouse,Warehouse
000403871,2026-09-14,EAOS190-500ML,"Organic Ethyl Alcohol, Sugar Cane, 190 Proof Kosher, Halal, FCC",Pure Alcohols,1,,No,656120422,2026-09-14,shipped,Austin Warehouse,Warehouse
000403877,2026-09-14,NMPL-5GAL,"NMP, 1-Methyl-2-Pyrrolidone, Lab Grade",Other Chemicals,2,,No,656120690,2026-09-14,shipped,Austin Warehouse,Warehouse
AMZN-000403931,2026-09-14,EAOS190-1L,"Organic Ethyl Alcohol, Sugar Cane, 190 Proof Kosher, Halal, FCC",Pure Alcohols,1,,No,656120954,2026-09-14,shipped,Austin Warehouse,Warehouse
000403913,2026-09-14,EAS40B200-1L,"SDA 40B Ethanol 200 Proof (100%), Kosher, Halal",Alcohols,1,,No,656122957,2026-09-14,shipped,"Austin Warehouse, Partial Restriction",Warehouse
AMZN-000404087,2026-09-14,EAC200-1QT,"Lab Alley Ethanol 200 Proof (100%) Denatured with Heptane, Extraction Grade Solvent, Kosher & Halal Certified - 1 Quart",Alcohols,1,,No,656123538,2026-09-14,shipped,Austin Warehouse,Warehouse
AMZN-000404114,2026-09-14,PEG400F-1GAL,"Polyethylene Glycol (PEG) 400 Food Grade (FCC), Kosher, Halal",Other Chemicals,1,,No,656123748,2026-09-14,shipped,Austin Warehouse,Warehouse
AMZN-000404207,2026-09-14,HXHP-1QT,n-Hexane 95% High Purity Grade - 1 Quart,Other Chemicals,2,,No,656124291,2026-09-14,shipped,Austin Warehouse,Warehouse
AMZN-000404033,2026-09-14,EAP190-1L,"Ethanol 190 Proof (95%) Non-Denatured Alcohol, USP/FCC Food Grade, Kosher, Halal",Pure Alcohols,1,,No,656125016,2026-09-14,shipped,Austin Warehouse,Warehouse
AMZN-000404060,2026-09-14,MAL-1QT,Methanol 99.85% Lab Grade - 1 Quart,Alcohols,2,,No,656125713,2026-09-14,shipped,Austin Warehouse,Warehouse
AMZN-000404267,2026-09-14,PEG400F-1GAL,"Polyethylene Glycol (PEG) 400 Food Grade (FCC), Kosher, Halal",Other Chemicals,1,,No,656125891,2026-09-14,shipped,Austin Warehouse,Warehouse
AMZN-000404312,2026-09-14,EGL-1GAL,Ethylene Glycol 99% Lab Grade,Other Chemicals,3,,No,656126219,2026-09-14,shipped,Austin Warehouse,Warehouse
AMZN-000404285,2026-09-14,HEL-1QT,"Heptane Lab Grade, 1 Gallon Total - 1 Quart",Other Chemicals,2,,No,656126469,2026-09-14,shipped,Austin Warehouse,Warehouse
AMZN-000404309,2026-09-14,HXL-1QT,Hexanes Lab  - 1 Quart,Other Chemicals,2,,No,656126802,2026-09-14,shipped,Austin Warehouse,Warehouse
AMZN-000404333,2026-09-14,PEG400F-1GAL,"Polyethylene Glycol (PEG) 400 Food Grade (FCC), Kosher, Halal",Other Chemicals,1,,No,656127136,2026-09-14,shipped,Austin Warehouse,Warehouse
AMZN-000404342,2026-09-14,EAOS190-1L,"Organic Ethyl Alcohol, Sugar Cane, 190 Proof Kosher, Halal, FCC",Pure Alcohols,1,,No,656127817,2026-09-14,shipped,Austin Warehouse,Warehouse
AMZN-000404570,2026-09-14,HEL-1QT,"Heptane Lab Grade, 1 Gallon Total - 1 Quart",Other Chemicals,2,,No,656128102,2026-09-14,shipped,Austin Warehouse,Warehouse
AMZN-000404573,2026-09-14,HEL-1QT,"Heptane Lab Grade, 1 Gallon Total - 1 Quart",Other Chemicals,2,,No,656128225,2026-09-14,shipped,Austin Warehouse,Warehouse
AMZN-000404618,2026-09-14,HEL-1QT,"Heptane Lab Grade, 1 Gallon Total - 1 Quart",Other Chemicals,2,,No,656128609,2026-09-14,shipped,Austin Warehouse,Warehouse
000403946,2026-09-14,ACCL1240G-25KG,"Activated Carbon (Charcoal), Granular, Food Grade, Kosher",Granular,2,,Yes,656181865,2026-09-14,shipped,Austin Warehouse,Warehouse
000403958,2026-09-14,HPL30-1L,"Hydrogen Peroxide 30% Solution, Lab Grade",Solutions,2,,No,656182621,2026-09-14,shipped,"Austin Warehouse, Restricted Combination - Hydrogen Peroxide",Warehouse
000404000,2026-09-14,SOBZGF-1LB,"Sodium Benzoate, Food Grade, Kosher, Halal",Granular,3,,Yes,656183220,2026-09-14,shipped,Austin Warehouse,Warehouse
000404057,2026-09-14,BOX-UN-4X4L-KIT-ASM,4x4L Amber Glass Bottle 38-439 with Molded Pulp (ASSEMBLED),Shipping Supplies,,,,656187468,2026-09-14,shipped,Austin Warehouse,Warehouse
000404090,2026-09-14,NMPA-5GAL,"NMP, 1-Methyl-2-Pyrrolidone, ACS Grade",Other Chemicals,2,,No,656187979,2026-09-14,shipped,Austin Warehouse,Warehouse
000404099,2026-09-14,BZKNF50-500ML,"Benzalkonium Chloride 50% Solution, NF Grade",Solutions,3,,No,656188225,2026-09-14,shipped,Austin Warehouse,Warehouse
000404141,2026-09-14,ETACA-1L,Ethyl Acetate 99.5% ACS Grade,Other Chemicals,2,,No,656188450,2026-09-14,shipped,Austin Warehouse,Warehouse
000404177,2026-09-14,CAFU-1KG,"Caffeine Powder, USP/FCC/Food Grade, Kosher, Halal",Granular,3,,Yes,656188641,2026-09-14,shipped,Austin Warehouse,Warehouse
000404201,2026-09-14,PEG400F-4L,"Polyethylene Glycol (PEG) 400 Food Grade (FCC), Kosher, Halal",Other Chemicals,1,,No,656188878,2026-09-14,shipped,Austin Warehouse,Warehouse
000404210,2026-09-14,TCAACLA85-1OZ,"Trichloroacetic Acid, 85%",Acids,3,,Yes,656189102,2026-09-14,shipped,Austin Warehouse,Warehouse
000404213,2026-09-14,SUAL93-500ML,"Sulfuric Acid 93% (92-94%) Solution, Lab Grade",Acids,4,,Yes,656189360,2026-09-14,shipped,Austin Warehouse,Warehouse
000404252,2026-09-14,CAFU-2.5kg,"Caffeine Powder, USP/FCC/Food Grade, Kosher, Halal",Granular,3,,Yes,656189560,2026-09-14,shipped,Austin Warehouse,Warehouse
AMZN-000404507,2026-09-14,EAOS190-1QTCS,"Organic Ethyl Alcohol, Sugar Cane, 190 Proof Kosher, Halal, FCC",Pure Alcohols,1,,No,656213488,2026-09-14,shipped,Austin Warehouse,Warehouse
AMZN-000404615,2026-09-14,EAOS190-1QTCS,"Organic Ethyl Alcohol, Sugar Cane, 190 Proof Kosher, Halal, FCC",Pure Alcohols,1,,No,656214349,2026-09-14,shipped,Austin Warehouse,Warehouse
AMZN-000404291,2026-09-14,EAOS190-1QTCS,"Organic Ethyl Alcohol, Sugar Cane, 190 Proof Kosher, Halal, FCC",Pure Alcohols,1,,No,656214515,2026-09-14,shipped,Austin Warehouse,Warehouse
AMZN-000404300,2026-09-14,EAOS190-1QTCS,"Organic Ethyl Alcohol, Sugar Cane, 190 Proof Kosher, Halal, FCC",Pure Alcohols,1,,No,656214638,2026-09-14,shipped,Austin Warehouse,Warehouse
AMZN-000404279,2026-09-14,EAOS190-1QTCS,"Organic Ethyl Alcohol, Sugar Cane, 190 Proof Kosher, Halal, FCC",Pure Alcohols,1,,No,656214828,2026-09-14,shipped,Austin Warehouse,Warehouse
AMZN-000404303,2026-09-14,EAOS190-1QTCS,"Organic Ethyl Alcohol, Sugar Cane, 190 Proof Kosher, Halal, FCC",Pure Alcohols,1,,No,656214954,2026-09-14,shipped,Austin Warehouse,Warehouse
AMZN-000404297,2026-09-14,EAOS190-1QTCS,"Organic Ethyl Alcohol, Sugar Cane, 190 Proof Kosher, Halal, FCC",Pure Alcohols,1,,No,656215118,2026-09-14,shipped,Austin Warehouse,Warehouse
AMZN-000404321,2026-09-14,EAOS190-1QTCS,"Organic Ethyl Alcohol, Sugar Cane, 190 Proof Kosher, Halal, FCC",Pure Alcohols,1,,No,656215268,2026-09-14,shipped,Austin Warehouse,Warehouse
AMZN-000404153,2026-09-14,EAOS190-1QTCS,"Organic Ethyl Alcohol, Sugar Cane, 190 Proof Kosher, Halal, FCC",Pure Alcohols,1,,No,656215695,2026-09-14,shipped,Austin Warehouse,Warehouse
AMZN-000404195,2026-09-14,EAOS190-1QTCS,"Organic Ethyl Alcohol, Sugar Cane, 190 Proof Kosher, Halal, FCC",Pure Alcohols,1,,No,656215865,2026-09-14,shipped,Austin Warehouse,Warehouse
AMZN-000404372,2026-09-14,EAOS190-1QTCS,"Organic Ethyl Alcohol, Sugar Cane, 190 Proof Kosher, Halal, FCC",Pure Alcohols,1,,No,656216114,2026-09-14,shipped,Austin Warehouse,Warehouse
AMZN-000404369,2026-09-14,EAOS190-1QTCS,"Organic Ethyl Alcohol, Sugar Cane, 190 Proof Kosher, Halal, FCC",Pure Alcohols,1,,No,656216287,2026-09-14,shipped,Austin Warehouse,Warehouse
AMZN-000404306,2026-09-14,EAOS190-1QTCS,"Organic Ethyl Alcohol, Sugar Cane, 190 Proof Kosher, Halal, FCC",Pure Alcohols,1,,No,656216482,2026-09-14,shipped,Austin Warehouse,Warehouse
AMZN-000404558,2026-09-14,EAOS190-1QTCS,"Organic Ethyl Alcohol, Sugar Cane, 190 Proof Kosher, Halal, FCC",Pure Alcohols,1,,No,656216627,2026-09-14,shipped,Austin Warehouse,Warehouse
AMZN-000404393,2026-09-14,EAOS190-1QTCS,"Organic Ethyl Alcohol, Sugar Cane, 190 Proof Kosher, Halal, FCC",Pure Alcohols,1,,No,656216768,2026-09-14,shipped,Austin Warehouse,Warehouse
AMZN-000404414,2026-09-14,EAOS190-1QTCS,"Organic Ethyl Alcohol, Sugar Cane, 190 Proof Kosher, Halal, FCC",Pure Alcohols,1,,No,656216935,2026-09-14,shipped,Austin Warehouse,Warehouse
AMZN-000404411,2026-09-14,EAOS190-1QTCS,"Organic Ethyl Alcohol, Sugar Cane, 190 Proof Kosher, Halal, FCC",Pure Alcohols,1,,No,656217054,2026-09-14,shipped,Austin Warehouse,Warehouse
AMZN-000404348,2026-09-14,EAOS190-1QTCS,"Organic Ethyl Alcohol, Sugar Cane, 190 Proof Kosher, Halal, FCC",Pure Alcohols,1,,No,656217234,2026-09-14,shipped,Austin Warehouse,Warehouse
000403502,2026-09-14,Multiple products,Multiple products,,,,,656226045,2026-09-14,shipped,"Austin Warehouse, Restricted Combination - Nitric Acid",Warehouse
000403568,2026-09-14,PS80F-5GAL,"Polysorbate 80, Food Grade, Kosher, Halal",Other Chemicals,1,,No,656238472,2026-09-14,shipped,Austin Warehouse,Warehouse
000403112,2026-09-14,HPF6-1L,"Hydrogen Peroxide 6% Solution, Food Grade, Kosher, Halal",Solutions,2,,No,656251665,2026-09-14,shipped,"Austin Warehouse, Restricted Combination - Hydrogen Peroxide",Warehouse
000403463,2026-09-14,EDTA00575M-4L,"EDTA Disodium 0.0575M Solution, Reagent Grade",Solutions,Lab Tech,,Yes,656256299,2026-09-14,shipped,"PA, Austin Warehouse, Split Order",Warehouse
000403733,2026-09-14,BZALCF-5GAL,Benzyl Alcohol NF/FCC Grade,Alcohols,2,,No,656257473,2026-09-14,shipped,Austin Warehouse,Warehouse
AMZN-000403826,2026-09-14,HPF12-1GAL,"Hydrogen Peroxide 12% Solution, Food Grade, Kosher, Halal",Solutions,2,,No,656259184,2026-09-14,shipped,"Austin Warehouse, Restricted Combination - Hydrogen Peroxide",Warehouse
WMT000404441,2026-09-14,HPF30-1L,"Hydrogen Peroxide 30% Solution, Food Grade, Kosher, Halal",Solutions,2,,No,656263105,2026-09-14,shipped,"Austin Warehouse, Restricted Combination - Hydrogen Peroxide",Warehouse
AMZN-000404501,2026-09-14,ETACA-1QT,"Ethyl Acetate 99.5% ACS Grade, 1 Quart",Other Chemicals,2,,No,656263407,2026-09-14,shipped,Austin Warehouse,Warehouse
AMZN-000404516,2026-09-14,MCTC-5GAL,"MCT Oil Coconut Based USP/FCC/Food Grade, Kosher, Halal",Other Chemicals,1,,No,656264159,2026-09-14,shipped,Austin Warehouse,Warehouse
000403478,2026-09-14,SOHYSA002N-4L,"Sodium Hydroxide 0.02N Solution, Reagent Grade",Solutions,Lab Tech,,Yes,656266835,2026-09-14,shipped,"Austin Warehouse, Roshan",Warehouse
000403859,2026-09-14,NMPA-4L,"NMP, 1-Methyl-2-Pyrrolidone, ACS Grade",Other Chemicals,2,,No,656276971,2026-09-14,shipped,Austin Warehouse,Warehouse
000403916,2026-09-14,HPA30-1L,"Hydrogen Peroxide 30% Solution, ACS Grade",Solutions,2,,No,656277131,2026-09-14,shipped,"Austin Warehouse, Restricted Combination - Hydrogen Peroxide",Warehouse
000403919,2026-09-14,HPF25-500ML,"Hydrogen Peroxide 25% Solution, Food Grade, Kosher, Halal",Solutions,2,,No,656277357,2026-09-14,shipped,"Austin Warehouse, Restricted Combination - Hydrogen Peroxide",Warehouse
000403985,2026-09-14,IPAL70-SB-1L,Isopropyl Alcohol 70% Lab Grade,Alcohols,1,,No,656280075,2026-09-14,shipped,Austin Warehouse,Warehouse
000404330,2026-09-14,HPL30-1L,"Hydrogen Peroxide 30% Solution, Lab Grade",Solutions,2,,No,656287581,2026-09-14,shipped,"Austin Warehouse, Restricted Combination - Hydrogen Peroxide",Warehouse
000404366,2026-09-14,MERL-25g,"Mercury Metal, Lab Grade, 99.99% - 25g",Other Chemicals,3,,Yes,656287711,2026-09-14,shipped,"Austin Warehouse, Restricted Combination - Mercury, Partial Restriction",Warehouse
000404390,2026-09-14,EAF200-1PP,"Food Grade Ethanol, 200 Proof, Kosher, Halal",Pure Alcohols,1,,No,656287796,2026-09-14,shipped,Austin Warehouse,Warehouse
000404444,2026-09-14,TCAACLA85-1OZ,"Trichloroacetic Acid, 85%",Acids,3,,Yes,656287969,2026-09-14,shipped,Austin Warehouse,Warehouse
000404453,2026-09-14,EAP200-1L,"Ethanol 200 Proof (100%) Undenatured Alcohol, USP/FCC Food Grade, Kosher, Halal",Pure Alcohols,1,,No,656288160,2026-09-14,shipped,Austin Warehouse,Warehouse
000404504,2026-09-14,PEG400F-500ML,"Polyethylene Glycol (PEG) 400 Food Grade (FCC), Kosher, Halal",Other Chemicals,1,,No,656289076,2026-09-14,shipped,Austin Warehouse,Warehouse
000404282,2026-09-14,HCLA37-500ML,"Hydrochloric Acid 37% Solution, ACS Reagent Grade",Acids,4,,Yes,656289593,2026-09-14,shipped,Austin Warehouse,Warehouse
000403100,2026-09-14,TCAACLA85-2OZ,"Trichloroacetic Acid, 85%",Acids,3,,Yes,656291422,2026-09-14,shipped,Austin Warehouse,Warehouse
000403187,2026-09-14,SOCHLGL-1LB,"Sodium Chloride, Lab Grade",Granular,2,,Yes,656291743,2026-09-14,shipped,Austin Warehouse,Warehouse
000403304,2026-09-14,TCAACLA85-2OZ,"Trichloroacetic Acid, 85%",Acids,3,,Yes,656291850,2026-09-14,shipped,Austin Warehouse,Warehouse
000403499,2026-09-14,IPAL91-1L,Isopropyl Alcohol 91% Lab Grade,Alcohols,1,,No,656292150,2026-09-14,shipped,Austin Warehouse,Warehouse
000403550,2026-09-14,Multiple products,Multiple products,Granular,,,,656292517,2026-09-14,shipped,Austin Warehouse,Warehouse
000403592,2026-09-14,TCAACLA85-2OZ,"Trichloroacetic Acid, 85%",Acids,3,,Yes,656292913,2026-09-14,shipped,Austin Warehouse,Warehouse
AMZN-000403697,2026-09-14,SOBZGF-25KG,"Sodium Benzoate, Food Grade, Kosher, Halal",Granular,3,,Yes,656293209,2026-09-14,shipped,Austin Warehouse,Warehouse
000403709,2026-09-14,Multiple products,Multiple products,Granular,,,,656294081,2026-09-14,shipped,Austin Warehouse,Warehouse
000404528,2026-09-14,MERL-25g,"Mercury Metal, Lab Grade, 99.99% - 25g",Other Chemicals,3,,Yes,656303850,2026-09-14,shipped,"Austin Warehouse, Restricted Combination - Mercury, Partial Restriction",Warehouse
000404546,2026-09-14,MCTC-5GAL,"MCT Oil Coconut Based USP/FCC/Food Grade, Kosher, Halal",Other Chemicals,1,,No,656303974,2026-09-14,shipped,Austin Warehouse,Warehouse
000404564,2026-09-14,MERL-100g,"Mercury Metal, Lab Grade, 99.99% - 100g",Other Chemicals,3,,Yes,656304078,2026-09-14,shipped,"Austin Warehouse, Partial Restriction",Warehouse
000404576,2026-09-14,EAP200-1L,"Ethanol 200 Proof (100%) Undenatured Alcohol, USP/FCC Food Grade, Kosher, Halal",Pure Alcohols,1,,No,656304177,2026-09-14,shipped,Austin Warehouse,Warehouse
000404933,2026-09-14,IPAL99-1L,Isopropyl Alcohol 99.8% Lab Grade,Alcohols,1,,No,656307046,2026-09-14,shipped,Austin Warehouse,Warehouse
000404930,2026-09-14,EAP200-1L,"Ethanol 200 Proof (100%) Undenatured Alcohol, USP/FCC Food Grade, Kosher, Halal",Pure Alcohols,1,,No,656307221,2026-09-14,shipped,Austin Warehouse,Warehouse
AMZN-000404237,2026-09-14,RSNGL-1KG,Resorcinol Crystals Purified,Granular,3,,Yes,656307808,2026-09-14,shipped,Austin Warehouse,Warehouse
AMZN-000403730,2026-09-14,POSBGU-20LB,"Lab Alley Potassium Sorbate, USP/FCC, Kosher, Halal",Granular,3,,Yes,656308113,2026-09-14,shipped,,
AMZN-000405104,2026-09-15,MCTC-1GAL,"MCT Oil Coconut Based USP/FCC/Food Grade, Kosher, Halal",Other Chemicals,1,,No,656397524,2026-09-15,shipped,Austin Warehouse,Warehouse
AMZN-000404204,2026-09-15,EAP190-1QTCS,"Ethanol 190 Proof (95%) Non-Denatured Alcohol, USP/FCC Food Grade, Kosher, Halal",Pure Alcohols,1,,No,656400136,2026-09-15,shipped,Austin Warehouse,Warehouse
AMZN-000404258,2026-09-15,EAP190-1QTCS,"Ethanol 190 Proof (95%) Non-Denatured Alcohol, USP/FCC Food Grade, Kosher, Halal",Pure Alcohols,1,,No,656400252,2026-09-15,shipped,Austin Warehouse,Warehouse
AMZN-000404432,2026-09-15,EAP190-1QTCS,"Ethanol 190 Proof (95%) Non-Denatured Alcohol, USP/FCC Food Grade, Kosher, Halal",Pure Alcohols,1,,No,656400334,2026-09-15,shipped,Austin Warehouse,Warehouse
AMZN-000404471,2026-09-15,EAP190-1QTCS,"Ethanol 190 Proof (95%) Non-Denatured Alcohol, USP/FCC Food Grade, Kosher, Halal",Pure Alcohols,1,,No,656400474,2026-09-15,shipped,Austin Warehouse,Warehouse
AMZN-000404483,2026-09-15,EAP190-1QTCS,"Ethanol 190 Proof (95%) Non-Denatured Alcohol, USP/FCC Food Grade, Kosher, Halal",Pure Alcohols,1,,No,656400565,2026-09-15,shipped,Austin Warehouse,Warehouse
AMZN-000404495,2026-09-15,EAP190-1QTCS,"Ethanol 190 Proof (95%) Non-Denatured Alcohol, USP/FCC Food Grade, Kosher, Halal",Pure Alcohols,1,,No,656402347,2026-09-15,shipped,Austin Warehouse,Warehouse
AMZN-000404606,2026-09-15,EAP190-1QTCS,"Ethanol 190 Proof (95%) Non-Denatured Alcohol, USP/FCC Food Grade, Kosher, Halal",Pure Alcohols,1,,No,656402476,2026-09-15,shipped,Austin Warehouse,Warehouse
AMZN-000404633,2026-09-15,EAP190-1QTCS,"Ethanol 190 Proof (95%) Non-Denatured Alcohol, USP/FCC Food Grade, Kosher, Halal",Pure Alcohols,1,,No,656402595,2026-09-15,shipped,Austin Warehouse,Warehouse
AMZN-000404645,2026-09-15,EAP190-1QTCS,"Ethanol 190 Proof (95%) Non-Denatured Alcohol, USP/FCC Food Grade, Kosher, Halal",Pure Alcohols,1,,No,656402707,2026-09-15,shipped,Austin Warehouse,Warehouse
AMZN-000404741,2026-09-15,EAP190-1QTCS,"Ethanol 190 Proof (95%) Non-Denatured Alcohol, USP/FCC Food Grade, Kosher, Halal",Pure Alcohols,1,,No,656402784,2026-09-15,shipped,Austin Warehouse,Warehouse
AMZN-000404744,2026-09-15,EAP190-1QTCS,"Ethanol 190 Proof (95%) Non-Denatured Alcohol, USP/FCC Food Grade, Kosher, Halal",Pure Alcohols,1,,No,656403053,2026-09-15,shipped,Austin Warehouse,Warehouse
AMZN-000404903,2026-09-15,EAP190-1QTCS,"Ethanol 190 Proof (95%) Non-Denatured Alcohol, USP/FCC Food Grade, Kosher, Halal",Pure Alcohols,1,,No,656403147,2026-09-15,shipped,Austin Warehouse,Warehouse
AMZN-000405005,2026-09-15,EAP190-1QTCS,"Ethanol 190 Proof (95%) Non-Denatured Alcohol, USP/FCC Food Grade, Kosher, Halal",Pure Alcohols,1,,No,656403405,2026-09-15,shipped,Austin Warehouse,Warehouse
AMZN-000405062,2026-09-15,EAP190-1QTCS,"Ethanol 190 Proof (95%) Non-Denatured Alcohol, USP/FCC Food Grade, Kosher, Halal",Pure Alcohols,1,,No,656403532,2026-09-15,shipped,Austin Warehouse,Warehouse
AMZN-000405116,2026-09-15,EAP190-1QTCS,"Ethanol 190 Proof (95%) Non-Denatured Alcohol, USP/FCC Food Grade, Kosher, Halal",Pure Alcohols,1,,No,656403627,2026-09-15,shipped,Austin Warehouse,Warehouse
000403376,2026-09-15,SOBICGU-2.5KG,"Sodium Bicarbonate, USP/FCC Grade, Kosher, Halal",Granular,2,,Yes,656414031,2026-09-15,shipped,Austin Warehouse,Warehouse
000357321,2026-09-15,MAHYGL-12.5KG,"Magnesium Hydroxide, Lab Grade",Granular,3,,Yes,656415217,2026-09-15,shipped,Austin Warehouse,Warehouse
000403433,2026-09-15,DXAGU-500G,"Dextrose, Anhydrous, USP Grade, Kosher, Halal",Granular,2,,Yes,656419292,2026-09-15,shipped,Austin Warehouse,Warehouse
000403562,2026-09-15,POHPM-1KG,Potassium Hydroxide Pellets ACS/FCC/NF,Granular,3,,Yes,656419790,2026-09-15,shipped,Austin Warehouse,Warehouse
000403694,2026-09-15,EDTATGHP-500G,"EDTA, Tetrasodium Salt, Crystals, Ultrapure Grade, Kosher, Halal",Granular,3,,Yes,656423706,2026-09-15,shipped,Austin Warehouse,Warehouse
000405107,2026-09-15,MCTC-1GAL,"MCT Oil Coconut Based USP/FCC/Food Grade, Kosher, Halal",Other Chemicals,1,,No,656428284,2026-09-15,shipped,Austin Warehouse,Warehouse
AMZN-000405167,2026-09-15,EAOS190-1QTCS,"Organic Ethyl Alcohol, Sugar Cane, 190 Proof Kosher, Halal, FCC",Pure Alcohols,1,,No,656428686,2026-09-15,shipped,Austin Warehouse,Warehouse
000404975,2026-09-15,SOSTFP-12.5KG,"Sodium Stearate, Derived from Palm Oil, RSPO MB, Kosher, Halal",Granular,3,,Yes,656430194,2026-09-15,shipped,"Austin Warehouse, RSPO",Warehouse
000404957,2026-09-15,ACEA-1GAL,"Acetone 99.5%, ACS Grade",Other Chemicals,2,,No,656431084,2026-09-15,shipped,Austin Warehouse,Warehouse
000405053,2026-09-15,EAOC190-500mL,"Organic Ethyl Alcohol, Corn, 190 Proof, Kosher, Halal, FCC",Pure Alcohols,1,,No,656431672,2026-09-15,shipped,Austin Warehouse,Warehouse
000405050,2026-09-15,HPL30-1L,"Hydrogen Peroxide 30% Solution, Lab Grade",Solutions,2,,No,656432174,2026-09-15,shipped,"Austin Warehouse, Restricted Combination - Hydrogen Peroxide",Warehouse
000403565,2026-09-15,POHPL-500G,"Potassium Hydroxide Flakes, Lab Grade",Granular,3,,Yes,656435302,2026-09-15,shipped,Austin Warehouse,Warehouse
000403889,2026-09-15,Multiple products,Multiple products,,,,,656448539,2026-09-15,shipped,Austin Warehouse,Warehouse
000403943,2026-09-15,Multiple products,Multiple products,,,,,656504264,2026-09-15,shipped,"Austin Warehouse, Restricted Combination - Hydrogen Peroxide",Warehouse
000403949,2026-09-15,POHYSA1N-500ML,"Potassium Hydroxide 1N Solution, Reagent Grade",Solutions,Lab Tech,,Yes,656438409,2026-09-15,shipped,"Austin Warehouse, Roshan",Warehouse
000404009,2026-09-15,GELL-5GAL,"Glycol Ether EB, Lab Grade",Other Chemicals,2,,No,656438891,2026-09-15,shipped,Austin Warehouse,Warehouse
000404156,2026-09-15,RSNGL-100G,Resorcinol Crystals Purified,Granular,3,,Yes,656439317,2026-09-15,shipped,Austin Warehouse,Warehouse
000404240,2026-09-15,Multiple products,Multiple products,,,,,656440786,2026-09-15,shipped,"Austin Warehouse, Roshan",Warehouse
000404438,2026-09-15,SOHYDBL-1LB,Sodium Hydroxide Beads Lab Grade,Granular,3,,Yes,656444611,2026-09-15,shipped,Austin Warehouse,Warehouse
000404510,2026-09-15,ACEL-1L,Acetone 99.5% Lab Grade,Other Chemicals,2,,No,656445287,2026-09-15,shipped,Austin Warehouse,Warehouse
000404591,2026-09-15,GLA-5GAL,Glycerin 99.5% ACS Reagent Grade,Other Chemicals,1,,No,656449282,2026-09-15,shipped,"Austin Warehouse, Restricted Combination - Glycerin",Warehouse
000404627,2026-09-15,TCAACLA85-1OZ,"Trichloroacetic Acid, 85%",Acids,3,,Yes,656470337,2026-09-15,shipped,Austin Warehouse,Warehouse
000404654,2026-09-15,MCTC-5GAL,"MCT Oil Coconut Based USP/FCC/Food Grade, Kosher, Halal",Other Chemicals,1,,No,656470791,2026-09-15,shipped,Austin Warehouse,Warehouse
000404672,2026-09-15,TCAACLA85-2OZ,"Trichloroacetic Acid, 85%",Acids,3,,Yes,656471409,2026-09-15,shipped,Austin Warehouse,Warehouse
000404696,2026-09-15,VMPL-500ML,"VM&P Naphtha, Pure",Other Chemicals,2,,No,656471944,2026-09-15,shipped,Austin Warehouse,Warehouse
000404702,2026-09-15,MCTOC-1GAL,"Organic MCT Oil, Kosher, Halal, USP/FCC",Other Chemicals,1,,No,656472213,2026-09-15,shipped,Austin Warehouse,Warehouse
000404747,2026-09-15,MERL-1lb,"Mercury Metal, Lab Grade, 99.99% - 1lb",Other Chemicals,3,,Yes,656472681,2026-09-15,shipped,"Austin Warehouse, Partial Restriction",Warehouse
000404771,2026-09-15,THFL-1L,Tetrahydrofuran (THF) Lab Grade,Other Chemicals,2,,Yes,656475727,2026-09-15,shipped,Austin Warehouse,Warehouse
000404843,2026-09-15,EAOS190-500ML,"Organic Ethyl Alcohol, Sugar Cane, 190 Proof Kosher, Halal, FCC",Pure Alcohols,1,,No,656476958,2026-09-15,shipped,Austin Warehouse,Warehouse
000404846,2026-09-15,EAOC200-1L,"Organic Ethyl Alcohol, Corn, 200 Proof, Kosher, Halal, FCC",Pure Alcohols,1,,No,656477716,2026-09-15,shipped,Austin Warehouse,Warehouse
000404891,2026-09-15,POCHLGU-500G,"Potassium Chloride USP/FCC Grade, Kosher, Halal",Granular,2,,Yes,656478906,2026-09-15,shipped,Austin Warehouse,Warehouse
000404966,2026-09-15,IPAL99-1L,Isopropyl Alcohol 99.8% Lab Grade,Alcohols,1,,No,656479964,2026-09-15,shipped,Austin Warehouse,Warehouse
000405125,2026-09-15,Multiple products,Multiple products,Other Chemicals,,,,656481383,2026-09-15,shipped,"PA, Austin Warehouse, Split Order",Warehouse
000405143,2026-09-15,SHCN125-1L,Sodium Hypochlorite 12.5% Solution,Solutions,3,,No,656482431,2026-09-15,shipped,Austin Warehouse,Warehouse
000405158,2026-09-15,MAL-500mL,"Methanol, Lab Grade, 99% - 500ml",Alcohols,2,,No,656482850,2026-09-15,shipped,"PA, Austin Warehouse, Split Order",Warehouse
000399497-1,2026-09-15,SINISL00172N-1L,Silver Nitrate 0.0172N (0.0172M) Solution,Solutions,Lab Tech,,Yes,656522258,2026-09-15,shipped,"Austin Warehouse, Roshan",Warehouse
000403349,2026-09-15,POCHSAS-4L,"Potassium Chloride, Saturated Solution, Reagent Grade",Solutions,Lab Tech,,Yes,656527814,2026-09-15,shipped,Roshan,
000403418,2026-09-15,SUAA50-500ML,"Sulfuric Acid 50% Solution, Reagent Grade",Acids,4,,Yes,656532400,2026-09-15,shipped,Austin Warehouse,Warehouse
AMZN-000404462,2026-09-15,EAOS190-1L,"Organic Ethyl Alcohol, Sugar Cane, 190 Proof Kosher, Halal, FCC",Pure Alcohols,1,,No,656542734,2026-09-15,shipped,Austin Warehouse,Warehouse
AMZN-000404531,2026-09-15,EAOS190-1L,"Organic Ethyl Alcohol, Sugar Cane, 190 Proof Kosher, Halal, FCC",Pure Alcohols,1,,No,656542877,2026-09-15,shipped,Austin Warehouse,Warehouse
AMZN-000404636,2026-09-15,EAOS190-1L,"Organic Ethyl Alcohol, Sugar Cane, 190 Proof Kosher, Halal, FCC",Pure Alcohols,1,,No,656542977,2026-09-15,shipped,Austin Warehouse,Warehouse
AMZN-000404693,2026-09-15,EAOS190-1L,"Organic Ethyl Alcohol, Sugar Cane, 190 Proof Kosher, Halal, FCC",Pure Alcohols,1,,No,656543214,2026-09-15,shipped,Austin Warehouse,Warehouse
AMZN-000404657,2026-09-15,SOCHLGF-10KG,"Sodium Chloride Crystal, FCC Grade, Kosher, Halal",Granular,2,,Yes,656543546,2026-09-15,shipped,Austin Warehouse,Warehouse
AMZN-000404720,2026-09-15,PENHP-1L,n-Pentane ≥99% High Purity Grade,Other Chemicals,2,,No,656543830,2026-09-15,shipped,Austin Warehouse,Warehouse
AMZN-000405083,2026-09-15,SHCN125-1GAL,Sodium Hypochlorite 12.5% Solution,Solutions,3,,No,656543996,2026-09-15,shipped,Austin Warehouse,Warehouse
AMZN-000405113,2026-09-15,SOBZGF-2.5KG,"Sodium Benzoate, Food Grade, Kosher, Halal",Granular,3,,Yes,656544104,2026-09-15,shipped,Austin Warehouse,Warehouse
AMZN-000405191,2026-09-15,SUPREPU-2LB,Lab Alley Precipitated Sulfur Powder 99.5% USP Grade,Granular,3,,Yes,656544211,2026-09-15,shipped,Austin Warehouse,Warehouse
